mode,code,date,grade,PT,TY,DN,DL,LK,SF,close,trigger,stop,risk,prbook_warn,triggered_5d,entry_5d,exit_5d,exit_date_5d,stopped_5d,r_5d,triggered_10d,entry_10d,exit_10d,exit_date_10d,stopped_10d,r_10d,triggered_20d,entry_20d,exit_20d,exit_date_20d,stopped_20d,r_20d
prebreak,600900,2019-01-03,S,S,A,C,S,S,A,11.8083,12.06,11.45,0.61,,0,0.0,0.0,,0,0.0,0,0.0,0.0,,0,0.0,0,0.0,0.0,,0,0.0
prebreak,000999,2019-01-07,S,S,A,C,S,S,A,11.7807,12.41,11.85,0.56,,0,0.0,0.0,,0,0.0,0,0.0,0.0,,0,0.0,0,0.0,0.0,,0,0.0
prebreak,600660,2019-01-09,S,S,A,C,S,S,A,17.8445,18.11,17.38,0.73,,0,0.0,0.0,,0,0.0,0,0.0,0.0,,0,0.0,0,0.0,0.0,,0,0.0
prebreak,600036,2019-01-11,S,S,A,C,S,S,A,18.9816,18.44,17.46,0.98,,0,0.0,0.0,,0,0.0,0,0.0,0.0,,0,0.0,0,0.0,0.0,,0,0.0
prebreak,002373,2019-01-18,S,S,A,C,S,S,A,11.7073,11.87,11.25,0.62,,1,11.87,12.0992,2019-01-25,0,0.3548,1,11.87,12.5008,2019-02-01,0,1.0023,1,11.87,14.1663,2019-02-22,0,3.6869
prebreak,002396,2019-01-18,S,S,A,C,S,S,A,12.7375,12.97,12.46,0.51,,0,0.0,0.0,,0,0.0,0,0.0,0.0,,0,0.0,0,0.0,0.0,,0,0.0
prebreak,600036,2019-01-18,S,S,A,C,S,S,A,19.4407,19.6,18.77,0.83,,0,0.0,0.0,,0,0.0,0,0.0,0.0,,0,0.0,0,0.0,0.0,,0,0.0
prebreak,000999,2019-01-21,S,S,A,C,S,S,A,11.3409,11.52,11.02,0.5,,0,0.0,0.0,,0,0.0,0,0.0,0.0,,0,0.0,1,11.52,12.4577,2019-02-25,0,1.8566
prebreak,600118,2019-02-01,S,S,A,C,S,S,A,17.8124,18.04,17.21,0.83,,0,0.0,0.0,,0,0.0,0,0.0,0.0,,0,0.0,0,0.0,0.0,,0,0.0
prebreak,600150,2019-02-12,S,S,A,C,S,S,A,12.9702,13.08,12.4,0.68,,0,0.0,0.0,,0,0.0,0,0.0,0.0,,0,0.0,0,0.0,0.0,,0,0.0
prebreak,002151,2019-02-13,S,S,A,C,S,S,A,21.8948,21.84,20.77,1.07,,0,0.0,0.0,,0,0.0,0,0.0,0.0,,0,0.0,0,0.0,0.0,,0,0.0
prebreak,300498,2019-02-13,S,S,A,C,S,S,A,21.6073,20.01,19.32,0.69,,0,0.0,0.0,,0,0.0,0,0.0,0.0,,0,0.0,0,0.0,0.0,,0,0.0
prebreak,300457,2019-02-14,S,S,A,C,S,S,A,18.4792,18.06,17.17,0.89,,0,0.0,0.0,,0,0.0,0,0.0,0.0,,0,0.0,0,0.0,0.0,,0,0.0
prebreak,000776,2019-02-15,S,S,A,C,S,S,A,11.2674,11.42,10.87,0.55,,1,11.42,13.3309,2019-02-22,0,3.4564,1,11.42,13.8386,2019-03-01,0,4.3789,1,11.42,13.4947,2019-03-15,0,3.754
prebreak,600999,2019-02-18,S,S,A,C,S,S,A,10.971,10.24,9.73,0.51,,1,10.24,13.3047,2019-02-25,0,5.9902,1,10.24,12.4693,2019-03-04,0,4.3531,1,10.24,12.2898,2019-03-18,0,4.0014
prebreak,600150,2019-02-19,S,S,A,C,S,S,A,13.0765,13.08,12.4,0.68,,1,13.08,13.9174,2019-02-26,0,1.216,1,13.08,16.1209,2019-03-05,0,4.4545,1,13.08,18.5178,2019-03-19,0,7.9771
prebreak,002151,2019-02-20,S,S,A,C,S,S,A,24.2902,21.84,20.77,1.07,,1,21.84,24.9237,2019-02-27,0,2.8646,1,21.84,25.765,2019-03-06,0,3.6504,1,21.84,26.0125,2019-03-20,0,3.8816
prebreak,300498,2019-02-20,S,S,A,C,S,S,A,23.3184,20.01,19.32,0.69,,1,20.01,22.8234,2019-02-25,0,4.0528,1,20.01,22.8234,2019-02-25,0,4.0528,1,20.01,22.8234,2019-02-25,0,4.0528
prebreak,600104,2019-02-26,S,S,A,C,S,S,A,22.022,21.09,20.02,1.07,,0,0.0,0.0,,0,0.0,0,0.0,0.0,,0,0.0,0,0.0,0.0,,0,0.0
prebreak,600893,2019-02-28,S,S,A,C,S,S,A,24.5219,22.08,21.24,0.84,,0,0.0,0.0,,0,0.0,0,0.0,0.0,,0,0.0,0,0.0,0.0,,0,0.0
prebreak,300176,2019-03-05,S,S,A,C,S,S,A,47.2723,39.51,37.66,1.85,,1,39.51,44.2923,2019-03-08,0,2.5672,1,39.51,44.2923,2019-03-08,0,2.5672,1,39.51,44.2923,2019-03-08,0,2.5672
prebreak,600893,2019-03-07,S,S,A,C,S,S,A,25.0854,22.08,21.24,0.84,,0,0.0,0.0,,0,0.0,0,0.0,0.0,,0,0.0,0,0.0,0.0,,0,0.0
prebreak,600332,2019-03-20,S,S,A,C,S,S,A,32.6992,31.51,30.12,1.39,,0,0.0,0.0,,0,0.0,0,0.0,0.0,,0,0.0,0,0.0,0.0,,0,0.0
prebreak,300457,2019-03-21,S,S,A,C,S,S,A,17.2738,19.02,18.17,0.85,,0,0.0,0.0,,0,0.0,0,0.0,0.0,,0,0.0,0,0.0,0.0,,0,0.0
prebreak,600897,2019-03-22,S,S,A,C,S,S,A,14.4605,14.32,13.68,0.64,,0,0.0,0.0,,0,0.0,0,0.0,0.0,,0,0.0,0,0.0,0.0,,0,0.0
prebreak,600332,2019-03-27,S,S,A,C,S,S,A,32.24,31.51,30.12,1.39,,0,0.0,0.0,,0,0.0,0,0.0,0.0,,0,0.0,0,0.0,0.0,,0,0.0
prebreak,000623,2019-03-29,S,S,A,C,S,S,A,15.2698,15.89,15.11,0.78,,0,0.0,0.0,,0,0.0,0,0.0,0.0,,0,0.0,0,0.0,0.0,,0,0.0
prebreak,600897,2019-03-29,S,S,A,C,S,S,A,14.4424,14.5,13.9,0.6,,1,14.5,14.4244,2019-04-03,0,-0.1443,1,14.5,14.4244,2019-04-03,0,-0.1443,1,14.5,14.4244,2019-04-03,0,-0.1443
prebreak,600362,2019-04-02,S,S,A,C,S,S,A,14.083,13.42,12.81,0.61,,0,0.0,0.0,,0,0.0,0,0.0,0.0,,0,0.0,0,0.0,0.0,,0,0.0
prebreak,600332,2019-04-03,S,S,A,C,S,S,A,32.8662,32.8,31.39,1.41,,0,0.0,0.0,,0,0.0,0,0.0,0.0,,0,0.0,0,0.0,0.0,,0,0.0
prebreak,600893,2019-04-04,S,S,A,C,S,S,A,26.3582,25.99,24.63,1.36,,0,0.0,0.0,,0,0.0,0,0.0,0.0,,0,0.0,0,0.0,0.0,,0,0.0
prebreak,601800,2019-04-04,S,S,A,C,S,S,A,11.0442,10.21,9.68,0.53,,1,10.21,11.464,2019-04-12,0,2.3499,1,10.21,11.4236,2019-04-19,0,2.2738,1,10.21,9.68,2019-05-06,1,-1.014
prebreak,600897,2019-04-08,S,S,A,C,S,S,A,14.4665,14.67,13.9,0.77,,0,0.0,0.0,,0,0.0,0,0.0,0.0,,0,0.0,0,0.0,0.0,,0,0.0
prebreak,000408,2019-04-10,S,S,A,C,S,S,A,10.1204,10.42,9.88,0.54,,0,0.0,0.0,,0,0.0,0,0.0,0.0,,0,0.0,0,0.0,0.0,,0,0.0
prebreak,600104,2019-04-10,S,S,A,C,S,S,A,22.6257,20.24,19.32,0.92,,0,0.0,0.0,,0,0.0,0,0.0,0.0,,0,0.0,0,0.0,0.0,,0,0.0
prebreak,600697,2019-04-12,S,S,A,C,S,S,A,18.3316,19.05,18.12,0.93,,0,0.0,0.0,,0,0.0,0,0.0,0.0,,0,0.0,0,0.0,0.0,,0,0.0
prebreak,603808,2019-04-16,S,S,A,C,S,S,A,15.1233,15.31,14.54,0.77,,0,0.0,0.0,,0,0.0,0,0.0,0.0,,0,0.0,0,0.0,0.0,,0,0.0
prebreak,600104,2019-04-17,S,S,A,C,S,S,A,23.3921,20.24,19.32,0.92,,0,0.0,0.0,,0,0.0,0,0.0,0.0,,0,0.0,0,0.0,0.0,,0,0.0
prebreak,600104,2019-04-24,S,S,A,C,S,S,A,21.9988,20.24,19.32,0.92,,0,0.0,0.0,,0,0.0,0,0.0,0.0,,0,0.0,0,0.0,0.0,,0,0.0
prebreak,600660,2019-05-07,S,S,A,C,S,S,A,18.8213,20.32,19.38,0.94,,0,0.0,0.0,,0,0.0,0,0.0,0.0,,0,0.0,0,0.0,0.0,,0,0.0
prebreak,000688,2019-05-08,S,S,A,C,S,S,A,12.0898,12.57,12.04,0.53,,0,0.0,0.0,,0,0.0,0,0.0,0.0,,0,0.0,0,0.0,0.0,,0,0.0
prebreak,600835,2019-05-08,S,S,A,C,S,S,A,12.9315,15.44,14.74,0.7,,0,0.0,0.0,,0,0.0,0,0.0,0.0,,0,0.0,0,0.0,0.0,,0,0.0
prebreak,000895,2019-05-24,S,S,A,C,S,S,A,17.4188,17.86,17.11,0.75,,0,0.0,0.0,,0,0.0,0,0.0,0.0,,0,0.0,0,0.0,0.0,,0,0.0
prebreak,600104,2019-05-27,S,S,A,C,S,S,A,18.3607,20.32,19.44,0.88,,0,0.0,0.0,,0,0.0,0,0.0,0.0,,0,0.0,0,0.0,0.0,,0,0.0
prebreak,000895,2019-05-31,S,S,A,C,S,S,A,17.6014,18.1,17.28,0.82,,0,0.0,0.0,,0,0.0,0,0.0,0.0,,0,0.0,1,18.1,18.2122,2019-07-01,0,0.1199
prebreak,600104,2019-06-11,S,S,A,C,S,S,A,19.0031,19.31,18.34,0.97,,0,0.0,0.0,,0,0.0,0,0.0,0.0,,0,0.0,0,0.0,0.0,,0,0.0
prebreak,600388,2019-06-20,S,S,A,C,S,S,A,10.5468,10.48,9.95,0.53,,1,10.48,10.5037,2019-06-25,0,0.0297,1,10.48,10.5037,2019-06-25,0,0.0297,1,10.48,10.5037,2019-06-25,0,0.0297
prebreak,600388,2019-06-27,S,S,A,C,S,S,A,10.9432,10.48,9.95,0.53,,1,10.48,10.6129,2019-07-04,0,0.2356,1,10.48,9.95,2019-07-10,1,-1.0144,1,10.48,9.95,2019-07-10,1,-1.0144
prebreak,603368,2019-07-05,S,S,A,C,S,S,A,19.4746,19.17,18.35,0.82,,0,0.0,0.0,,0,0.0,0,0.0,0.0,,0,0.0,0,0.0,0.0,,0,0.0
prebreak,300457,2019-07-25,S,S,A,C,S,S,A,15.5613,16.24,15.56,0.68,,0,0.0,0.0,,0,0.0,0,0.0,0.0,,0,0.0,0,0.0,0.0,,0,0.0
prebreak,600885,2019-07-26,S,S,A,C,S,S,A,11.4581,11.98,11.42,0.56,,1,11.98,12.1769,2019-08-02,0,0.3351,1,11.98,11.9263,2019-08-09,0,-0.1122,1,11.98,11.6142,2019-08-23,0,-0.6691
prebreak,600104,2019-07-30,S,S,A,C,S,S,A,20.2747,19.84,18.96,0.88,,0,0.0,0.0,,0,0.0,0,0.0,0.0,,0,0.0,0,0.0,0.0,,0,0.0
prebreak,600566,2019-08-07,S,S,A,C,S,S,A,20.2618,23.73,22.68,1.05,,0,0.0,0.0,,0,0.0,0,0.0,0.0,,0,0.0,0,0.0,0.0,,0,0.0
prebreak,600566,2019-08-14,S,S,A,C,S,S,A,20.4508,20.59,19.65,0.94,,0,0.0,0.0,,0,0.0,0,0.0,0.0,,0,0.0,0,0.0,0.0,,0,0.0
prebreak,600315,2019-08-15,S,S,A,C,S,S,A,32.9211,29.87,28.44,1.43,,1,29.87,33.2429,2019-08-22,0,2.3413,1,29.87,32.5614,2019-08-29,0,1.865,1,29.87,31.5296,2019-09-12,0,1.144
prebreak,600563,2019-08-16,S,S,A,C,S,S,A,36.6056,39.59,37.94,1.65,,0,0.0,0.0,,0,0.0,0,0.0,0.0,,0,0.0,0,0.0,0.0,,0,0.0
prebreak,300073,2019-08-19,S,S,A,C,S,S,A,22.3085,23.34,22.19,1.15,,0,0.0,0.0,,0,0.0,0,0.0,0.0,,0,0.0,0,0.0,0.0,,0,0.0
prebreak,600104,2019-08-20,S,S,A,C,S,S,A,19.7536,20.4,19.48,0.92,,1,20.4,20.3236,2019-08-27,0,-0.0999,1,20.4,20.0386,2019-09-03,0,-0.4095,1,20.4,20.1688,2019-09-18,0,-0.268
prebreak,600566,2019-08-21,S,S,A,C,S,S,A,20.3054,20.59,19.65,0.94,,0,0.0,0.0,,0,0.0,0,0.0,0.0,,0,0.0,0,0.0,0.0,,0,0.0
prebreak,600315,2019-08-22,S,S,A,C,S,S,A,33.2429,29.87,28.44,1.43,,0,0.0,0.0,,0,0.0,0,0.0,0.0,,0,0.0,0,0.0,0.0,,0,0.0
prebreak,600885,2019-08-23,S,S,A,C,S,S,A,11.6142,12.02,11.47,0.55,,0,0.0,0.0,,0,0.0,0,0.0,0.0,,0,0.0,1,12.02,12.1201,2019-09-23,0,0.1654
prebreak,600104,2019-08-27,S,S,A,C,S,S,A,20.3236,20.16,19.45,0.71,,1,20.16,20.0386,2019-09-03,0,-0.1925,1,20.16,20.7632,2019-09-10,0,0.8275,1,20.16,19.45,2019-09-25,1,-1.0209
prebreak,600566,2019-08-28,S,S,A,C,S,S,A,21.7153,20.59,19.65,0.94,,0,0.0,0.0,,0,0.0,0,0.0,0.0,,0,0.0,0,0.0,0.0,,0,0.0
prebreak,300073,2019-09-02,S,S,A,C,S,S,A,22.7351,22.71,21.58,1.13,,0,0.0,0.0,,0,0.0,0,0.0,0.0,,0,0.0,0,0.0,0.0,,0,0.0
prebreak,600566,2019-09-04,S,S,A,C,S,S,A,21.57,21.95,20.9,1.05,,0,0.0,0.0,,0,0.0,0,0.0,0.0,,0,0.0,0,0.0,0.0,,0,0.0
prebreak,600048,2019-09-12,S,S,A,C,S,S,A,11.2629,10.87,10.3,0.57,,0,0.0,0.0,,0,0.0,0,0.0,0.0,,0,0.0,0,0.0,0.0,,0,0.0
prebreak,600104,2019-09-18,S,S,A,C,S,S,A,20.1688,20.82,19.98,0.84,,0,0.0,0.0,,0,0.0,0,0.0,0.0,,0,0.0,0,0.0,0.0,,0,0.0
prebreak,603866,2019-09-19,S,S,A,C,S,S,A,16.4019,16.66,15.9,0.76,,0,0.0,0.0,,0,0.0,0,0.0,0.0,,0,0.0,0,0.0,0.0,,0,0.0
prebreak,600048,2019-09-20,S,S,A,C,S,S,A,11.2168,11.58,11.02,0.56,,0,0.0,0.0,,0,0.0,1,11.58,12.0861,2019-10-11,0,0.8875,1,11.58,11.9476,2019-10-25,0,0.6404
prebreak,001979,2019-09-27,S,S,A,C,S,S,A,15.1557,15.86,15.05,0.81,,0,0.0,0.0,,0,0.0,0,0.0,0.0,,0,0.0,0,0.0,0.0,,0,0.0
prebreak,600048,2019-09-27,S,S,A,C,S,S,A,10.9552,11.42,10.85,0.57,,1,11.42,12.0861,2019-10-11,0,1.1527,1,11.42,11.7861,2019-10-18,0,0.6266,1,11.42,11.4014,2019-11-01,0,-0.0478
prebreak,000997,2019-10-08,S,S,A,C,S,S,A,14.3087,16.24,15.41,0.83,,0,0.0,0.0,,0,0.0,0,0.0,0.0,,0,0.0,0,0.0,0.0,,0,0.0
prebreak,300146,2019-10-08,S,S,A,C,S,S,A,13.6526,15.65,14.85,0.8,,0,0.0,0.0,,0,0.0,0,0.0,0.0,,0,0.0,0,0.0,0.0,,0,0.0
prebreak,600597,2019-10-11,S,S,A,C,S,S,A,9.6901,9.86,9.36,0.5,,0,0.0,0.0,,0,0.0,0,0.0,0.0,,0,0.0,0,0.0,0.0,,0,0.0
prebreak,000997,2019-10-22,S,S,A,C,S,S,A,14.0067,14.95,14.24,0.71,,1,14.95,14.4153,2019-10-29,0,-0.7687,1,14.95,14.24,2019-10-30,1,-1.0154,1,14.95,14.24,2019-10-30,1,-1.0154
prebreak,002223,2019-10-25,S,S,A,C,S,S,A,19.0345,19.7,18.95,0.75,,0,0.0,0.0,,0,0.0,1,19.7,19.6067,2019-11-08,0,-0.1443,1,19.7,18.95,2019-11-11,1,-1.0193
prebreak,600563,2019-10-28,S,S,A,C,S,S,A,39.4345,40.62,38.83,1.79,,0,0.0,0.0,,0,0.0,0,0.0,0.0,,0,0.0,0,0.0,0.0,,0,0.0
prebreak,002223,2019-11-01,S,S,A,C,S,S,A,19.1049,19.47,18.48,0.99,,0,0.0,0.0,,0,0.0,0,0.0,0.0,,0,0.0,0,0.0,0.0,,0,0.0
prebreak,002301,2019-11-01,S,S,A,C,S,S,A,12.1952,11.26,10.76,0.5,,0,0.0,0.0,,0,0.0,0,0.0,0.0,,0,0.0,0,0.0,0.0,,0,0.0
prebreak,002410,2019-11-01,S,S,A,C,S,S,A,21.8238,23.87,22.63,1.24,,0,0.0,0.0,,0,0.0,0,0.0,0.0,,0,0.0,0,0.0,0.0,,0,0.0
prebreak,300001,2019-11-07,S,S,A,C,S,S,A,16.7863,16.53,15.83,0.7,,0,0.0,0.0,,0,0.0,0,0.0,0.0,,0,0.0,0,0.0,0.0,,0,0.0
prebreak,600612,2019-11-07,S,S,A,C,S,S,A,40.8172,42.44,40.3,2.14,,0,0.0,0.0,,0,0.0,0,0.0,0.0,,0,0.0,0,0.0,0.0,,0,0.0
prebreak,603678,2019-11-07,S,S,A,C,S,S,A,20.2681,22.27,21.25,1.02,,0,0.0,0.0,,0,0.0,0,0.0,0.0,,0,0.0,0,0.0,0.0,,0,0.0
prebreak,002223,2019-11-08,S,S,A,C,S,S,A,19.6067,19.65,18.67,0.98,,0,0.0,0.0,,0,0.0,0,0.0,0.0,,0,0.0,0,0.0,0.0,,0,0.0
prebreak,603678,2019-11-14,S,S,A,C,S,S,A,19.1828,20.75,19.67,1.08,,0,0.0,0.0,,0,0.0,0,0.0,0.0,,0,0.0,1,20.75,20.2015,2019-12-04,0,-0.5222
prebreak,000999,2019-11-19,S,S,A,C,S,S,A,14.5932,15.26,14.46,0.8,,0,0.0,0.0,,0,0.0,0,0.0,0.0,,0,0.0,0,0.0,0.0,,0,0.0
prebreak,002352,2019-11-21,S,S,A,C,S,S,A,35.1387,36.48,34.89,1.59,,0,0.0,0.0,,0,0.0,0,0.0,0.0,,0,0.0,0,0.0,0.0,,0,0.0
prebreak,603180,2019-11-25,S,S,A,C,S,S,A,26.5629,28.38,27.27,1.11,,0,0.0,0.0,,0,0.0,0,0.0,0.0,,0,0.0,1,28.38,27.657,2019-12-23,0,-0.6704
prebreak,002179,2019-11-27,S,S,A,C,S,S,A,19.6292,19.92,19.02,0.9,,0,0.0,0.0,,0,0.0,0,0.0,0.0,,0,0.0,0,0.0,0.0,,0,0.0
prebreak,002352,2019-11-28,S,S,A,C,S,S,A,34.0791,35.52,33.89,1.63,,0,0.0,0.0,,0,0.0,0,0.0,0.0,,0,0.0,0,0.0,0.0,,0,0.0
prebreak,600612,2019-11-28,S,S,A,C,S,S,A,38.4105,39.7,37.85,1.85,,0,0.0,0.0,,0,0.0,0,0.0,0.0,,0,0.0,0,0.0,0.0,,0,0.0
prebreak,002223,2019-11-29,S,S,A,C,S,S,A,17.1944,18.56,17.74,0.82,,0,0.0,0.0,,0,0.0,0,0.0,0.0,,0,0.0,0,0.0,0.0,,0,0.0
prebreak,600754,2019-11-29,S,S,A,C,S,S,A,21.9887,22.23,21.08,1.15,,1,22.23,23.258,2019-12-06,0,0.8787,1,22.23,24.1072,2019-12-13,0,1.6166,1,22.23,26.6367,2019-12-27,0,3.8148
prebreak,601601,2019-11-29,S,S,A,C,S,S,A,26.0967,27.01,25.86,1.15,,0,0.0,0.0,,0,0.0,0,0.0,0.0,,0,0.0,0,0.0,0.0,,0,0.0
prebreak,300001,2019-12-05,S,S,A,C,S,S,A,15.7989,15.86,15.03,0.83,,1,15.86,17.8031,2019-12-12,0,2.325,1,15.86,17.5489,2019-12-19,0,2.019,1,15.86,17.6173,2020-01-03,0,2.1014
prebreak,300036,2019-12-05,S,S,A,C,S,S,A,18.6948,18.78,17.85,0.93,,0,0.0,0.0,,0,0.0,0,0.0,0.0,,0,0.0,0,0.0,0.0,,0,0.0
prebreak,600612,2019-12-05,S,S,A,C,S,S,A,39.4936,39.7,38.04,1.66,,0,0.0,0.0,,0,0.0,0,0.0,0.0,,0,0.0,0,0.0,0.0,,0,0.0
prebreak,002223,2019-12-06,S,S,A,C,S,S,A,17.1328,17.24,16.54,0.7,,0,0.0,0.0,,0,0.0,0,0.0,0.0,,0,0.0,0,0.0,0.0,,0,0.0
prebreak,600754,2019-12-06,S,S,A,C,S,S,A,23.258,22.23,21.08,1.15,,0,0.0,0.0,,0,0.0,0,0.0,0.0,,0,0.0,0,0.0,0.0,,0,0.0
prebreak,300316,2019-12-10,S,S,A,C,S,S,A,13.567,13.42,12.7,0.72,,1,13.42,14.1146,2019-12-17,0,0.95,1,13.42,14.2374,2019-12-24,0,1.1204,1,13.42,15.8141,2020-01-08,0,3.3088
prebreak,600309,2019-12-11,S,S,A,C,S,S,A,44.2172,43.83,41.55,2.28,,0,0.0,0.0,,0,0.0,0,0.0,0.0,,0,0.0,0,0.0,0.0,,0,0.0
prebreak,300001,2019-12-12,S,S,A,C,S,S,A,17.8031,15.86,15.03,0.83,,1,15.86,17.5489,2019-12-19,0,2.019,1,15.86,17.5978,2019-12-26,0,2.0778,1,15.86,19.1033,2020-01-10,0,3.8906
prebreak,300036,2019-12-12,S,S,A,C,S,S,A,19.687,18.78,17.85,0.93,,0,0.0,0.0,,0,0.0,0,0.0,0.0,,0,0.0,0,0.0,0.0,,0,0.0
prebreak,600612,2019-12-12,S,S,A,C,S,S,A,38.0335,39.55,37.53,2.02,,0,0.0,0.0,,0,0.0,0,0.0,0.0,,0,0.0,1,39.55,39.1325,2020-01-10,0,-0.2214
prebreak,300607,2019-12-13,S,S,A,C,S,S,A,14.1641,13.76,13.22,0.54,,1,13.76,16.1382,2019-12-20,0,4.382,1,13.76,16.8245,2019-12-27,0,5.652,1,13.76,16.9191,2020-01-13,0,5.8272
prebreak,600372,2019-12-13,S,S,A,C,S,S,A,12.9872,13.34,12.73,0.61,,1,13.34,13.5797,2019-12-20,0,0.3761,1,13.34,13.5033,2019-12-27,0,0.2509,1,13.34,14.5927,2020-01-13,0,2.0357
prebreak,002032,2019-12-16,S,S,A,C,S,S,A,55.5645,56.53,54.2,2.33,,0,0.0,0.0,,0,0.0,0,0.0,0.0,,0,0.0,0,0.0,0.0,,0,0.0
prebreak,300288,2019-12-16,S,S,A,C,S,S,A,12.2569,11.87,11.31,0.56,,0,0.0,0.0,,0,0.0,0,0.0,0.0,,0,0.0,0,0.0,0.0,,0,0.0
prebreak,000333,2019-12-17,S,S,A,C,S,S,A,44.4125,44.84,43.03,1.81,,0,0.0,0.0,,0,0.0,0,0.0,0.0,,0,0.0,0,0.0,0.0,,0,0.0
prebreak,603708,2019-12-17,S,S,A,C,S,S,A,21.7254,21.44,20.3,1.14,,0,0.0,0.0,,0,0.0,0,0.0,0.0,,0,0.0,0,0.0,0.0,,0,0.0
prebreak,603833,2019-12-17,S,S,A,C,S,S,A,60.7613,58.92,56.14,2.78,,1,58.92,63.9501,2019-12-24,0,1.7921,1,58.92,67.7118,2019-12-31,0,3.1444,1,58.92,65.7557,2020-01-15,0,2.4412
prebreak,002601,2019-12-18,S,S,A,C,S,S,A,10.2189,9.96,9.46,0.5,,0,0.0,0.0,,0,0.0,0,0.0,0.0,,0,0.0,0,0.0,0.0,,0,0.0
prebreak,300688,2019-12-19,S,S,A,C,S,S,A,15.0212,14.04,13.45,0.59,,0,0.0,0.0,,0,0.0,0,0.0,0.0,,0,0.0,0,0.0,0.0,,0,0.0
prebreak,601163,2019-12-24,S,S,A,C,S,S,A,12.017,12.33,11.82,0.51,,1,12.33,12.516,2019-12-31,0,0.3461,1,12.33,12.5651,2020-01-08,0,0.4423,1,12.33,12.9005,2020-01-22,0,1.0995
prebreak,603833,2019-12-24,S,S,A,C,S,S,A,63.9501,58.92,56.14,2.78,,0,0.0,0.0,,0,0.0,0,0.0,0.0,,0,0.0,0,0.0,0.0,,0,0.0
prebreak,603313,2019-12-26,S,S,A,C,S,S,A,16.041,15.29,14.53,0.76,,0,0.0,0.0,,0,0.0,0,0.0,0.0,,0,0.0,0,0.0,0.0,,0,0.0
prebreak,002142,2019-12-30,S,S,A,C,S,S,A,22.5697,23.2,22.17,1.03,,1,23.2,23.8339,2020-01-07,0,0.5979,1,23.2,23.0883,2020-01-14,0,-0.1255,1,23.2,22.17,2020-01-22,1,-1.0165
prebreak,300024,2019-12-30,S,S,A,C,S,S,A,14.01,14.35,13.77,0.58,,1,14.35,14.74,2020-01-07,0,0.6532,1,14.35,14.64,2020-01-14,0,0.4809,1,14.35,13.77,2020-02-03,1,-1.0182
prebreak,603708,2019-12-31,S,S,A,C,S,S,A,21.6099,21.7,20.74,0.96,,0,0.0,0.0,,0,0.0,0,0.0,0.0,,0,0.0,0,0.0,0.0,,0,0.0
prebreak,002281,2020-01-02,S,S,A,C,S,S,A,29.1459,28.81,27.56,1.25,,0,0.0,0.0,,0,0.0,0,0.0,0.0,,0,0.0,0,0.0,0.0,,0,0.0
prebreak,300596,2020-01-03,S,S,A,C,S,S,A,33.7316,33.27,31.71,1.56,,1,33.27,36.5904,2020-01-10,0,2.1109,1,33.27,35.8099,2020-01-17,0,1.6109,1,33.27,31.71,2020-02-03,1,-1.0156
prebreak,600372,2020-01-06,S,S,A,C,S,S,A,15.0036,13.98,13.31,0.67,,0,0.0,0.0,,0,0.0,0,0.0,0.0,,0,0.0,0,0.0,0.0,,0,0.0
prebreak,002142,2020-01-07,S,S,A,C,S,S,A,23.8339,23.16,22.17,0.99,,0,0.0,0.0,,0,0.0,0,0.0,0.0,,0,0.0,0,0.0,0.0,,0,0.0
prebreak,002558,2020-01-07,S,S,A,C,S,S,A,18.1192,16.78,16.01,0.77,,1,16.78,17.6842,2020-01-14,0,1.1569,1,16.78,16.4514,2020-01-21,0,-0.443,1,16.78,16.01,2020-02-03,1,-1.0159
prebreak,300024,2020-01-07,S,S,A,C,S,S,A,14.74,14.39,13.77,0.62,,0,0.0,0.0,,0,0.0,0,0.0,0.0,,0,0.0,0,0.0,0.0,,0,0.0
prebreak,002281,2020-01-09,S,S,A,C,S,S,A,30.4541,29.96,28.51,1.45,,0,0.0,0.0,,0,0.0,0,0.0,0.0,,0,0.0,0,0.0,0.0,,0,0.0
prebreak,300625,2020-01-10,S,S,A,C,S,S,A,13.7966,12.99,12.29,0.7,,1,12.99,13.575,2020-01-17,0,0.8211,1,12.99,12.29,2020-02-03,1,-1.0135,1,12.99,12.29,2020-02-03,1,-1.0135
prebreak,603899,2020-01-10,S,S,A,C,S,S,A,43.2551,41.87,39.84,2.03,,0,0.0,0.0,,0,0.0,0,0.0,0.0,,0,0.0,0,0.0,0.0,,0,0.0
prebreak,002223,2020-01-13,S,S,A,C,S,S,A,18.2773,18.55,17.82,0.73,,1,18.55,18.8496,2020-01-20,0,0.3908,1,18.55,25.2325,2020-02-04,0,9.1291,1,18.55,25.5847,2020-02-18,0,9.6112
prebreak,002253,2020-01-13,S,S,A,C,S,S,A,15.2265,14.73,13.95,0.78,,0,0.0,0.0,,0,0.0,0,0.0,0.0,,0,0.0,0,0.0,0.0,,0,0.0
prebreak,300718,2020-01-13,S,S,A,C,S,S,A,13.334,12.83,12.24,0.59,,1,12.83,14.4749,2020-01-20,0,2.7697,1,12.83,14.4398,2020-02-04,0,2.7102,1,12.83,13.9717,2020-02-18,0,1.9174
prebreak,002142,2020-01-14,S,S,A,C,S,S,A,23.0883,24.01,22.98,1.03,,0,0.0,0.0,,0,0.0,0,0.0,0.0,,0,0.0,0,0.0,0.0,,0,0.0
prebreak,002558,2020-01-14,S,S,A,C,S,S,A,17.6842,16.78,16.01,0.77,,1,16.78,17.2128,2020-01-17,0,0.5452,1,16.78,17.2128,2020-01-17,0,0.5452,1,16.78,17.2128,2020-01-17,0,0.5452
prebreak,300024,2020-01-14,S,S,A,C,S,S,A,14.64,14.94,14.25,0.69,,1,14.94,15.2,2020-01-21,0,0.3601,1,14.94,14.25,2020-02-03,1,-1.0158,1,14.94,14.25,2020-02-03,1,-1.0158
prebreak,600118,2020-01-14,S,S,A,C,S,S,A,22.0064,21.03,20.22,0.81,,0,0.0,0.0,,0,0.0,0,0.0,0.0,,0,0.0,0,0.0,0.0,,0,0.0
prebreak,002153,2020-01-15,S,S,A,C,S,S,A,15.7604,15.81,15.12,0.69,,0,0.0,0.0,,0,0.0,0,0.0,0.0,,0,0.0,0,0.0,0.0,,0,0.0
prebreak,300423,2020-01-15,S,S,A,C,S,S,A,13.3793,13.67,13.08,0.59,,1,13.67,13.9653,2020-01-22,0,0.4826,1,13.67,13.08,2020-02-03,1,-1.017,1,13.67,13.08,2020-02-03,1,-1.017
prebreak,300642,2020-01-15,S,S,A,C,S,S,A,23.6989,22.26,21.31,0.95,,0,0.0,0.0,,0,0.0,0,0.0,0.0,,0,0.0,0,0.0,0.0,,0,0.0
prebreak,603578,2020-01-15,S,S,A,C,S,S,A,11.9141,10.73,10.22,0.51,,1,10.73,11.7382,2020-01-20,0,1.9596,1,10.73,11.7382,2020-01-20,0,1.9596,1,10.73,11.7382,2020-01-20,0,1.9596
prebreak,300625,2020-01-17,S,S,A,C,S,S,A,13.575,12.99,12.29,0.7,,0,0.0,0.0,,0,0.0,0,0.0,0.0,,0,0.0,0,0.0,0.0,,0,0.0
prebreak,600498,2020-01-17,S,S,A,C,S,S,A,26.1592,26.91,25.98,0.93,,0,0.0,0.0,,0,0.0,0,0.0,0.0,,0,0.0,1,26.91,27.6295,2020-02-24,0,0.7511
prebreak,603899,2020-01-17,S,S,A,C,S,S,A,43.7601,44.44,42.83,1.61,,0,0.0,0.0,,0,0.0,0,0.0,0.0,,0,0.0,0,0.0,0.0,,0,0.0
prebreak,001979,2020-01-20,S,S,A,C,S,S,A,14.8845,15.9,15.29,0.61,,0,0.0,0.0,,0,0.0,0,0.0,0.0,,0,0.0,0,0.0,0.0,,0,0.0
prebreak,603578,2020-01-22,S,S,A,C,S,S,A,11.3812,10.73,10.22,0.51,,0,0.0,0.0,,0,0.0,0,0.0,0.0,,0,0.0,0,0.0,0.0,,0,0.0
prebreak,001979,2020-02-04,S,S,A,C,S,S,A,13.0658,15.9,15.29,0.61,,0,0.0,0.0,,0,0.0,0,0.0,0.0,,0,0.0,0,0.0,0.0,,0,0.0
prebreak,002851,2020-02-04,S,S,A,C,S,S,A,20.5908,22.08,21.03,1.05,,0,0.0,0.0,,0,0.0,0,0.0,0.0,,0,0.0,0,0.0,0.0,,0,0.0
prebreak,300233,2020-02-04,S,S,A,C,S,S,A,17.2964,18.51,17.77,0.74,,1,18.51,17.9751,2020-02-11,0,-0.7414,1,18.51,18.397,2020-02-18,0,-0.1717,1,18.51,17.77,2020-02-28,1,-1.0184
prebreak,600315,2020-02-04,S,S,A,C,S,S,A,24.7334,30.27,28.98,1.29,,0,0.0,0.0,,0,0.0,0,0.0,0.0,,0,0.0,0,0.0,0.0,,0,0.0
prebreak,000776,2020-02-05,S,S,A,C,S,S,A,11.3919,13.04,12.48,0.56,,0,0.0,0.0,,0,0.0,0,0.0,0.0,,0,0.0,1,13.04,12.8876,2020-02-24,0,-0.2897
prebreak,002142,2020-02-05,S,S,A,C,S,S,A,21.0461,23.23,22.09,1.14,,0,0.0,0.0,,0,0.0,0,0.0,0.0,,0,0.0,0,0.0,0.0,,0,0.0
prebreak,002302,2020-02-05,S,S,A,C,S,S,A,8.6141,10.98,10.44,0.54,,0,0.0,0.0,,0,0.0,0,0.0,0.0,,0,0.0,1,10.98,10.9643,2020-03-04,0,-0.0445
prebreak,603288,2020-02-05,S,S,A,C,S,S,A,45.2434,47.93,45.81,2.12,,0,0.0,0.0,,0,0.0,0,0.0,0.0,,0,0.0,0,0.0,0.0,,0,0.0
prebreak,603368,2020-02-05,S,S,A,C,S,S,A,21.6289,19.72,18.95,0.77,,1,19.72,20.7959,2020-02-10,0,1.3769,1,19.72,20.7959,2020-02-10,0,1.3769,1,19.72,20.7959,2020-02-10,0,1.3769
prebreak,002038,2020-02-06,S,S,A,C,S,S,A,14.2848,12.84,12.19,0.65,,1,12.84,13.325,2020-02-11,0,0.7307,1,12.84,13.325,2020-02-11,0,0.7307,1,12.84,13.325,2020-02-11,0,0.7307
prebreak,601163,2020-02-06,S,S,A,C,S,S,A,11.5343,13.41,12.76,0.65,,0,0.0,0.0,,0,0.0,0,0.0,0.0,,0,0.0,0,0.0,0.0,,0,0.0
prebreak,603708,2020-02-06,S,S,A,C,S,S,A,21.2903,22.3,21.27,1.03,,1,22.3,22.4534,2020-02-13,0,0.1324,1,22.3,22.116,2020-02-20,0,-0.195,1,22.3,21.27,2020-02-24,1,-1.0158
prebreak,603919,2020-02-06,S,S,A,C,S,S,A,9.721,12.4,11.86,0.54,,0,0.0,0.0,,0,0.0,0,0.0,0.0,,0,0.0,0,0.0,0.0,,0,0.0
prebreak,300520,2020-02-07,S,S,A,C,S,S,A,22.2779,18.85,17.95,0.9,,1,18.85,23.4959,2020-02-14,0,5.143,1,18.85,24.0853,2020-02-21,0,5.7974,1,18.85,23.8692,2020-03-06,0,5.5574
prebreak,600104,2020-02-07,S,S,A,C,S,S,A,17.3027,20.71,19.86,0.85,,0,0.0,0.0,,0,0.0,0,0.0,0.0,,0,0.0,0,0.0,0.0,,0,0.0
prebreak,002468,2020-02-10,S,S,A,C,S,S,A,18.8723,19.71,18.66,1.05,,1,19.71,20.3601,2020-02-17,0,0.6045,1,19.71,19.5966,2020-02-24,0,-0.1222,1,19.71,18.66,2020-02-28,1,-1.0136
prebreak,002926,2020-02-10,S,S,A,C,S,S,A,9.7406,10.35,9.8,0.55,,0,0.0,0.0,,0,0.0,1,10.35,11.607,2020-02-24,0,2.2698,1,10.35,10.9013,2020-03-09,0,0.9875
prebreak,300683,2020-02-10,S,S,A,C,S,S,A,30.2816,31.06,30.0,1.06,,0,0.0,0.0,,0,0.0,0,0.0,0.0,,0,0.0,0,0.0,0.0,,0,0.0
prebreak,601211,2020-02-10,S,S,A,C,S,S,A,13.5854,15.44,14.85,0.59,,0,0.0,0.0,,0,0.0,0,0.0,0.0,,0,0.0,1,15.44,14.85,2020-03-09,1,-1.0193
prebreak,603508,2020-02-10,S,S,A,C,S,S,A,20.9707,23.48,22.52,0.96,,0,0.0,0.0,,0,0.0,1,23.48,23.8438,2020-02-24,0,0.3601,1,23.48,22.52,2020-02-25,1,-1.018
prebreak,002253,2020-02-11,S,S,A,C,S,S,A,13.2212,15.35,14.81,0.54,,0,0.0,0.0,,0,0.0,1,15.35,15.3543,2020-02-25,0,-0.0137,1,15.35,14.81,2020-02-26,1,-1.021
prebreak,002851,2020-02-11,S,S,A,C,S,S,A,22.0373,22.08,21.03,1.05,,0,0.0,0.0,,0,0.0,0,0.0,0.0,,0,0.0,0,0.0,0.0,,0,0.0
prebreak,300233,2020-02-11,S,S,A,C,S,S,A,17.9751,18.51,17.77,0.74,,0,0.0,0.0,,0,0.0,0,0.0,0.0,,0,0.0,0,0.0,0.0,,0,0.0
prebreak,600315,2020-02-11,S,S,A,C,S,S,A,26.4088,30.27,28.98,1.29,,0,0.0,0.0,,0,0.0,0,0.0,0.0,,0,0.0,0,0.0,0.0,,0,0.0
prebreak,603858,2020-02-11,S,S,A,C,S,S,A,17.0995,18.31,17.42,0.89,,0,0.0,0.0,,0,0.0,1,18.31,19.2183,2020-02-25,0,1.0043,1,18.31,18.0927,2020-03-10,0,-0.2597
prebreak,002142,2020-02-12,S,S,A,C,S,S,A,21.192,23.23,22.09,1.14,,0,0.0,0.0,,0,0.0,0,0.0,0.0,,0,0.0,0,0.0,0.0,,0,0.0
prebreak,002558,2020-02-12,S,S,A,C,S,S,A,16.7687,18.37,17.41,0.96,,0,0.0,0.0,,0,0.0,1,18.37,17.41,2020-02-26,1,-1.0139,1,18.37,17.41,2020-02-26,1,-1.0139
prebreak,603288,2020-02-12,S,S,A,C,S,S,A,46.5833,47.93,45.81,2.12,,0,0.0,0.0,,0,0.0,0,0.0,0.0,,0,0.0,0,0.0,0.0,,0,0.0
prebreak,603368,2020-02-12,S,S,A,C,S,S,A,20.4455,19.72,18.95,0.77,,0,0.0,0.0,,0,0.0,0,0.0,0.0,,0,0.0,0,0.0,0.0,,0,0.0
prebreak,002262,2020-02-17,S,S,A,C,S,S,A,10.5991,11.22,10.69,0.53,,0,0.0,0.0,,0,0.0,0,0.0,0.0,,0,0.0,1,11.22,10.69,2020-03-12,1,-1.0155
prebreak,002926,2020-02-17,S,S,A,C,S,S,A,9.9635,10.35,9.8,0.55,,1,10.35,11.607,2020-02-24,0,2.2698,1,10.35,10.9199,2020-03-02,0,1.0212,1,10.35,10.047,2020-03-16,0,-0.5648
prebreak,600111,2020-02-17,S,S,A,C,S,S,A,9.7016,10.75,10.2,0.55,,0,0.0,0.0,,0,0.0,0,0.0,0.0,,0,0.0,0,0.0,0.0,,0,0.0
prebreak,600660,2020-02-17,S,S,A,C,S,S,A,20.7567,20.96,20.26,0.7,,0,0.0,0.0,,0,0.0,0,0.0,0.0,,0,0.0,0,0.0,0.0,,0,0.0
prebreak,601211,2020-02-17,S,S,A,C,S,S,A,14.311,13.86,13.31,0.55,,0,0.0,0.0,,0,0.0,0,0.0,0.0,,0,0.0,0,0.0,0.0,,0,0.0
prebreak,601233,2020-02-17,S,S,A,C,S,S,A,13.2626,13.34,12.78,0.56,,0,0.0,0.0,,0,0.0,0,0.0,0.0,,0,0.0,0,0.0,0.0,,0,0.0
prebreak,603508,2020-02-17,S,S,A,C,S,S,A,21.4352,21.5,20.52,0.98,,1,21.5,23.8438,2020-02-24,0,2.3734,1,21.5,24.5035,2020-03-02,0,3.0462,1,21.5,22.2199,2020-03-16,0,0.7174
prebreak,001979,2020-02-18,S,S,A,C,S,S,A,14.3102,15.9,15.29,0.61,,0,0.0,0.0,,0,0.0,0,0.0,0.0,,0,0.0,0,0.0,0.0,,0,0.0
prebreak,002232,2020-02-18,S,S,A,C,S,S,A,9.0288,10.21,9.7,0.51,,1,10.21,10.6731,2020-02-25,0,0.8923,1,10.21,10.2399,2020-03-03,0,0.0433,1,10.21,9.7,2020-03-17,1,-1.0146
prebreak,002727,2020-02-18,S,S,A,C,S,S,A,20.5657,21.24,20.13,1.11,,0,0.0,0.0,,0,0.0,0,0.0,0.0,,0,0.0,0,0.0,0.0,,0,0.0
prebreak,600315,2020-02-18,S,S,A,C,S,S,A,26.6928,26.88,25.7,1.18,,0,0.0,0.0,,0,0.0,0,0.0,0.0,,0,0.0,0,0.0,0.0,,0,0.0
prebreak,600323,2020-02-18,S,S,A,C,S,S,A,17.2694,17.45,16.64,0.81,,0,0.0,0.0,,0,0.0,0,0.0,0.0,,0,0.0,0,0.0,0.0,,0,0.0
prebreak,600329,2020-02-18,S,S,A,C,S,S,A,10.5536,11.13,10.59,0.54,,0,0.0,0.0,,0,0.0,0,0.0,0.0,,0,0.0,0,0.0,0.0,,0,0.0
prebreak,603260,2020-02-18,S,S,A,C,S,S,A,27.1699,29.15,27.74,1.41,,0,0.0,0.0,,0,0.0,0,0.0,0.0,,0,0.0,1,29.15,27.74,2020-03-09,1,-1.0151
prebreak,000776,2020-02-19,S,S,A,C,S,S,A,12.5137,13.04,12.48,0.56,,1,13.04,12.8876,2020-02-24,0,-0.2897,1,13.04,12.8876,2020-02-24,0,-0.2897,1,13.04,12.8876,2020-02-24,0,-0.2897
prebreak,000777,2020-02-19,S,S,A,C,S,S,A,11.377,10.89,10.36,0.53,,0,0.0,0.0,,0,0.0,0,0.0,0.0,,0,0.0,0,0.0,0.0,,0,0.0
prebreak,002142,2020-02-19,S,S,A,C,S,S,A,21.2811,21.86,20.84,1.02,,0,0.0,0.0,,0,0.0,0,0.0,0.0,,0,0.0,0,0.0,0.0,,0,0.0
prebreak,002302,2020-02-19,S,S,A,C,S,S,A,9.62,10.98,10.44,0.54,,0,0.0,0.0,,0,0.0,1,10.98,10.9643,2020-03-04,0,-0.0445,1,10.98,10.9643,2020-03-05,0,-0.0445
prebreak,002558,2020-02-19,S,S,A,C,S,S,A,16.3155,16.79,16.12,0.67,,1,16.79,17.385,2020-02-26,0,0.8685,1,16.79,17.5029,2020-03-04,0,1.0443,1,16.79,16.12,2020-03-10,1,-1.0184
prebreak,603288,2020-02-19,S,S,A,C,S,S,A,45.1738,46.8,44.66,2.14,,0,0.0,0.0,,0,0.0,0,0.0,0.0,,0,0.0,1,46.8,44.66,2020-03-09,1,-1.016
prebreak,603368,2020-02-19,S,S,A,C,S,S,A,19.825,20.53,19.7,0.83,,0,0.0,0.0,,0,0.0,0,0.0,0.0,,0,0.0,0,0.0,0.0,,0,0.0
prebreak,002025,2020-02-20,S,S,A,C,S,S,A,26.1819,26.38,25.05,1.33,,1,26.38,25.8426,2020-02-27,0,-0.4189,1,26.38,25.05,2020-02-28,1,-1.0144,1,26.38,25.05,2020-02-28,1,-1.0144
prebreak,002038,2020-02-20,S,S,A,C,S,S,A,12.9523,12.84,12.19,0.65,,0,0.0,0.0,,0,0.0,0,0.0,0.0,,0,0.0,0,0.0,0.0,,0,0.0
prebreak,300423,2020-02-20,S,S,A,C,S,S,A,13.3598,13.68,12.96,0.72,,1,13.68,12.96,2020-02-25,1,-1.0138,1,13.68,12.96,2020-02-25,1,-1.0138,1,13.68,12.96,2020-02-25,1,-1.0138
prebreak,300619,2020-02-20,S,S,A,C,S,S,A,11.3692,11.08,10.58,0.5,,0,0.0,0.0,,0,0.0,0,0.0,0.0,,0,0.0,0,0.0,0.0,,0,0.0
prebreak,600549,2020-02-20,S,S,A,C,S,S,A,11.85,11.95,11.45,0.5,,0,0.0,0.0,,0,0.0,0,0.0,0.0,,0,0.0,0,0.0,0.0,,0,0.0
prebreak,600690,2020-02-20,S,S,A,C,S,S,A,16.143,16.19,15.37,0.82,,0,0.0,0.0,,0,0.0,0,0.0,0.0,,0,0.0,0,0.0,0.0,,0,0.0
prebreak,600999,2020-02-20,S,S,A,C,S,S,A,13.5568,12.72,12.08,0.64,,1,12.72,13.1779,2020-02-25,0,0.6999,1,12.72,13.1779,2020-02-25,0,0.6999,1,12.72,13.1779,2020-02-25,0,0.6999
prebreak,601163,2020-02-20,S,S,A,C,S,S,A,12.0988,11.97,11.37,0.6,,0,0.0,0.0,,0,0.0,0,0.0,0.0,,0,0.0,0,0.0,0.0,,0,0.0
prebreak,601628,2020-02-20,S,S,A,C,S,S,A,28.1486,27.9,26.67,1.23,,0,0.0,0.0,,0,0.0,0,0.0,0.0,,0,0.0,0,0.0,0.0,,0,0.0
prebreak,600104,2020-02-21,S,S,A,C,S,S,A,19.4197,17.87,17.04,0.83,,0,0.0,0.0,,0,0.0,0,0.0,0.0,,0,0.0,0,0.0,0.0,,0,0.0
prebreak,600976,2020-02-21,S,S,A,C,S,S,A,15.8426,16.37,15.7,0.67,,0,0.0,0.0,,0,0.0,0,0.0,0.0,,0,0.0,0,0.0,0.0,,0,0.0
prebreak,601869,2020-02-21,S,S,A,C,S,S,A,30.6932,33.45,31.75,1.7,,1,33.45,31.75,2020-02-28,1,-1.0143,1,33.45,31.75,2020-02-28,1,-1.0143,1,33.45,31.75,2020-02-28,1,-1.0143
prebreak,300625,2020-02-24,S,S,A,C,S,S,A,13.2922,12.25,11.67,0.58,,0,0.0,0.0,,0,0.0,0,0.0,0.0,,0,0.0,0,0.0,0.0,,0,0.0
prebreak,600111,2020-02-24,S,S,A,C,S,S,A,9.7307,10.75,10.2,0.55,,0,0.0,0.0,,0,0.0,0,0.0,0.0,,0,0.0,0,0.0,0.0,,0,0.0
prebreak,600271,2020-02-24,S,S,A,C,S,S,A,23.2172,22.52,21.43,1.09,,1,22.52,23.0473,2020-03-02,0,0.4678,1,22.52,21.43,2020-03-09,1,-1.0151,1,22.52,21.43,2020-03-09,1,-1.0151
prebreak,600298,2020-02-24,S,S,A,C,S,S,A,26.9205,25.69,24.4,1.29,,1,25.69,26.9479,2020-03-02,0,0.9594,1,25.69,28.582,2020-03-09,0,2.2253,1,25.69,27.7604,2020-03-23,0,1.5888
prebreak,600498,2020-02-24,S,S,A,C,S,S,A,27.6295,23.96,22.84,1.12,,1,23.96,31.4865,2020-03-02,0,6.6996,1,23.96,32.9377,2020-03-09,0,7.9945,1,23.96,36.0883,2020-03-23,0,10.8057
prebreak,600648,2020-02-24,S,S,A,C,S,S,A,12.4848,12.8,12.2,0.6,,0,0.0,0.0,,0,0.0,0,0.0,0.0,,0,0.0,0,0.0,0.0,,0,0.0
prebreak,600660,2020-02-24,S,S,A,C,S,S,A,20.6582,20.9,20.16,0.74,,0,0.0,0.0,,0,0.0,0,0.0,0.0,,0,0.0,0,0.0,0.0,,0,0.0
prebreak,603367,2020-02-24,S,S,A,C,S,S,A,14.9062,15.09,14.37,0.72,,0,0.0,0.0,,0,0.0,0,0.0,0.0,,0,0.0,0,0.0,0.0,,0,0.0
prebreak,603508,2020-02-24,S,S,A,C,S,S,A,23.8438,21.5,20.52,0.98,,1,21.5,24.5035,2020-03-02,0,3.0462,1,21.5,22.2316,2020-03-09,0,0.7293,1,21.5,20.52,2020-03-19,1,-1.016
prebreak,603638,2020-02-24,S,S,A,C,S,S,A,14.8446,15.06,14.26,0.8,,0,0.0,0.0,,0,0.0,0,0.0,0.0,,0,0.0,0,0.0,0.0,,0,0.0
prebreak,603899,2020-02-24,S,S,A,C,S,S,A,41.0958,42.22,40.56,1.66,,0,0.0,0.0,,0,0.0,0,0.0,0.0,,0,0.0,0,0.0,0.0,,0,0.0
prebreak,002727,2020-02-25,S,S,A,C,S,S,A,20.014,20.79,19.77,1.02,,0,0.0,0.0,,0,0.0,0,0.0,0.0,,0,0.0,1,20.79,20.9395,2020-03-24,0,0.1309
prebreak,002832,2020-02-25,S,S,A,C,S,S,A,11.4692,13.61,13.03,0.58,,0,0.0,0.0,,0,0.0,0,0.0,0.0,,0,0.0,0,0.0,0.0,,0,0.0
prebreak,300149,2020-02-25,S,S,A,C,S,S,A,14.9325,14.0,13.35,0.65,,0,0.0,0.0,,0,0.0,0,0.0,0.0,,0,0.0,0,0.0,0.0,,0,0.0
prebreak,600048,2020-02-25,S,S,A,C,S,S,A,11.7399,12.41,11.77,0.64,,1,12.41,12.7785,2020-03-03,0,0.5607,1,12.41,12.6093,2020-03-10,0,0.2964,1,12.41,11.77,2020-03-16,1,-1.0141
prebreak,600329,2020-02-25,S,S,A,C,S,S,A,10.6839,10.71,10.17,0.54,,0,0.0,0.0,,0,0.0,0,0.0,0.0,,0,0.0,0,0.0,0.0,,0,0.0
prebreak,601966,2020-02-25,S,S,A,C,S,S,A,21.4633,22.19,21.38,0.81,,0,0.0,0.0,,0,0.0,0,0.0,0.0,,0,0.0,0,0.0,0.0,,0,0.0
prebreak,603589,2020-02-25,S,S,A,C,S,S,A,37.2459,38.3,36.28,2.02,,0,0.0,0.0,,0,0.0,0,0.0,0.0,,0,0.0,0,0.0,0.0,,0,0.0
prebreak,603698,2020-02-25,S,S,A,C,S,S,A,11.2937,11.3,10.72,0.58,,0,0.0,0.0,,0,0.0,0,0.0,0.0,,0,0.0,0,0.0,0.0,,0,0.0
prebreak,603858,2020-02-25,S,S,A,C,S,S,A,19.2183,17.72,16.99,0.73,,0,0.0,0.0,,0,0.0,0,0.0,0.0,,0,0.0,0,0.0,0.0,,0,0.0
prebreak,000623,2020-02-26,S,S,A,C,S,S,A,14.396,14.53,13.8,0.73,,0,0.0,0.0,,0,0.0,0,0.0,0.0,,0,0.0,0,0.0,0.0,,0,0.0
prebreak,000777,2020-02-26,S,S,A,C,S,S,A,11.6027,10.89,10.36,0.53,,0,0.0,0.0,,0,0.0,0,0.0,0.0,,0,0.0,0,0.0,0.0,,0,0.0
prebreak,002393,2020-02-26,S,S,A,C,S,S,A,14.4214,14.45,13.76,0.69,,0,0.0,0.0,,0,0.0,0,0.0,0.0,,0,0.0,0,0.0,0.0,,0,0.0
prebreak,002558,2020-02-26,S,S,A,C,S,S,A,17.385,16.79,16.1,0.69,,0,0.0,0.0,,0,0.0,0,0.0,0.0,,0,0.0,0,0.0,0.0,,0,0.0
prebreak,300142,2020-02-26,S,S,A,C,S,S,A,29.1189,30.02,28.58,1.44,,0,0.0,0.0,,0,0.0,1,30.02,31.1848,2020-03-11,0,0.7925,1,30.02,28.58,2020-03-17,1,-1.0152
prebreak,600085,2020-02-26,S,S,A,C,S,S,A,24.6905,25.61,24.62,0.99,,0,0.0,0.0,,0,0.0,0,0.0,0.0,,0,0.0,0,0.0,0.0,,0,0.0
prebreak,603368,2020-02-26,S,S,A,C,S,S,A,19.4114,20.2,19.26,0.94,,0,0.0,0.0,,0,0.0,0,0.0,0.0,,0,0.0,0,0.0,0.0,,0,0.0
prebreak,002462,2020-02-27,S,S,A,C,S,S,A,13.7284,13.98,13.45,0.53,,1,13.98,14.0155,2020-03-05,0,0.0469,1,13.98,13.45,2020-03-10,1,-1.0194,1,13.98,13.45,2020-03-10,1,-1.0194
prebreak,300423,2020-02-27,S,S,A,C,S,S,A,12.9399,13.78,13.06,0.72,,1,13.78,14.4927,2020-03-05,0,0.9746,1,13.78,13.4282,2020-03-12,0,-0.5029,1,13.78,13.06,2020-03-13,1,-1.0139
prebreak,600196,2020-02-27,S,S,A,C,S,S,A,25.8796,24.91,23.89,1.02,,0,0.0,0.0,,0,0.0,0,0.0,0.0,,0,0.0,0,0.0,0.0,,0,0.0
prebreak,600690,2020-02-27,S,S,A,C,S,S,A,15.2115,16.19,15.37,0.82,,0,0.0,0.0,,0,0.0,0,0.0,0.0,,0,0.0,0,0.0,0.0,,0,0.0
prebreak,600999,2020-02-27,S,S,A,C,S,S,A,13.1288,12.72,12.08,0.64,,0,0.0,0.0,,0,0.0,0,0.0,0.0,,0,0.0,0,0.0,0.0,,0,0.0
prebreak,603919,2020-02-27,S,S,A,C,S,S,A,10.6482,10.36,9.85,0.51,,0,0.0,0.0,,0,0.0,0,0.0,0.0,,0,0.0,0,0.0,0.0,,0,0.0
prebreak,603332,2020-03-02,S,S,A,C,S,S,A,13.2216,12.27,11.67,0.6,,1,12.27,12.534,2020-03-09,0,0.4241,1,12.27,11.67,2020-03-13,1,-1.0149,1,12.27,11.67,2020-03-13,1,-1.0149
prebreak,002727,2020-03-03,S,S,A,C,S,S,A,19.6224,20.79,19.77,1.02,,0,0.0,0.0,,0,0.0,0,0.0,0.0,,0,0.0,1,20.79,23.0129,2020-03-31,0,2.1625
prebreak,600887,2020-03-03,S,S,A,C,S,S,A,23.3833,23.64,22.59,1.05,,0,0.0,0.0,,0,0.0,0,0.0,0.0,,0,0.0,0,0.0,0.0,,0,0.0
prebreak,000623,2020-03-04,S,S,A,C,S,S,A,14.5913,14.53,13.8,0.73,,1,14.53,14.1329,2020-03-09,0,-0.5588,1,14.53,14.1329,2020-03-09,0,-0.5588,1,14.53,14.1329,2020-03-09,0,-0.5588
prebreak,000777,2020-03-04,S,S,A,C,S,S,A,11.8848,10.89,10.36,0.53,,1,10.89,11.4429,2020-03-11,0,1.0268,1,10.89,10.36,2020-03-16,1,-1.015,1,10.89,10.36,2020-03-16,1,-1.015
prebreak,002558,2020-03-04,S,S,A,C,S,S,A,17.5029,16.79,16.1,0.69,,0,0.0,0.0,,0,0.0,0,0.0,0.0,,0,0.0,0,0.0,0.0,,0,0.0
prebreak,600085,2020-03-04,S,S,A,C,S,S,A,24.2158,24.99,23.81,1.18,,0,0.0,0.0,,0,0.0,0,0.0,0.0,,0,0.0,0,0.0,0.0,,0,0.0
prebreak,603790,2020-03-04,S,S,A,C,S,S,A,13.3922,13.84,13.23,0.61,,0,0.0,0.0,,0,0.0,0,0.0,0.0,,0,0.0,1,13.84,14.2569,2020-04-01,0,0.6657
prebreak,000999,2020-03-05,S,S,A,C,S,S,A,16.703,16.97,16.11,0.86,,0,0.0,0.0,,0,0.0,0,0.0,0.0,,0,0.0,0,0.0,0.0,,0,0.0
prebreak,002038,2020-03-05,S,S,A,C,S,S,A,12.533,12.65,12.01,0.64,,0,0.0,0.0,,0,0.0,0,0.0,0.0,,0,0.0,0,0.0,0.0,,0,0.0
prebreak,002462,2020-03-05,S,S,A,C,S,S,A,14.0155,13.82,13.2,0.62,,0,0.0,0.0,,0,0.0,0,0.0,0.0,,0,0.0,0,0.0,0.0,,0,0.0
prebreak,600196,2020-03-05,S,S,A,C,S,S,A,26.4609,24.91,23.89,1.02,,0,0.0,0.0,,0,0.0,0,0.0,0.0,,0,0.0,0,0.0,0.0,,0,0.0
prebreak,600690,2020-03-05,S,S,A,C,S,S,A,15.8011,16.19,15.37,0.82,,0,0.0,0.0,,0,0.0,0,0.0,0.0,,0,0.0,0,0.0,0.0,,0,0.0
prebreak,600999,2020-03-05,S,S,A,C,S,S,A,13.4656,12.72,12.08,0.64,,0,0.0,0.0,,0,0.0,0,0.0,0.0,,0,0.0,0,0.0,0.0,,0,0.0
prebreak,002727,2020-03-10,S,S,A,C,S,S,A,19.4444,20.18,19.27,0.91,,0,0.0,0.0,,0,0.0,1,20.18,20.9395,2020-03-24,0,0.8172,1,20.18,23.9295,2020-04-08,0,4.1009
prebreak,300491,2020-03-10,S,S,A,C,S,S,A,13.995,12.12,11.52,0.6,,1,12.12,14.7692,2020-03-17,0,4.3972,1,12.12,14.5046,2020-03-24,0,3.9565,1,12.12,13.3775,2020-04-08,0,2.0792
prebreak,600887,2020-03-10,S,S,A,C,S,S,A,23.4147,23.85,22.59,1.26,,0,0.0,0.0,,0,0.0,0,0.0,0.0,,0,0.0,0,0.0,0.0,,0,0.0
prebreak,601966,2020-03-10,S,S,A,C,S,S,A,19.6702,22.19,21.38,0.81,,0,0.0,0.0,,0,0.0,0,0.0,0.0,,0,0.0,0,0.0,0.0,,0,0.0
prebreak,603858,2020-03-10,S,S,A,C,S,S,A,18.0927,17.72,16.99,0.73,,0,0.0,0.0,,0,0.0,0,0.0,0.0,,0,0.0,0,0.0,0.0,,0,0.0
prebreak,002727,2020-03-17,S,S,A,C,S,S,A,16.9972,20.18,19.27,0.91,,1,20.18,20.9395,2020-03-24,0,0.8172,1,20.18,23.0129,2020-03-31,0,3.0943,1,20.18,23.5647,2020-04-15,0,3.7002
prebreak,600887,2020-03-17,S,S,A,C,S,S,A,21.7618,23.85,22.59,1.26,,0,0.0,0.0,,0,0.0,0,0.0,0.0,,0,0.0,0,0.0,0.0,,0,0.0
prebreak,603858,2020-03-17,S,S,A,C,S,S,A,16.3215,17.72,16.99,0.73,,0,0.0,0.0,,0,0.0,0,0.0,0.0,,0,0.0,1,17.72,17.745,2020-04-15,0,0.0158
prebreak,000333,2020-03-19,S,S,A,C,S,S,A,36.8965,41.99,40.0,1.99,,0,0.0,0.0,,0,0.0,0,0.0,0.0,,0,0.0,0,0.0,0.0,,0,0.0
prebreak,601336,2020-03-20,S,S,A,C,S,S,A,30.7617,35.29,33.93,1.36,,0,0.0,0.0,,0,0.0,0,0.0,0.0,,0,0.0,0,0.0,0.0,,0,0.0
prebreak,600887,2020-03-24,S,S,A,C,S,S,A,22.2083,23.85,22.59,1.26,,0,0.0,0.0,,0,0.0,0,0.0,0.0,,0,0.0,0,0.0,0.0,,0,0.0
prebreak,600900,2020-03-24,S,S,A,C,S,S,A,13.3255,14.04,13.33,0.71,,0,0.0,0.0,,0,0.0,0,0.0,0.0,,0,0.0,0,0.0,0.0,,0,0.0
prebreak,000623,2020-03-25,S,S,A,C,S,S,A,13.3605,13.49,12.9,0.59,,0,0.0,0.0,,0,0.0,0,0.0,0.0,,0,0.0,0,0.0,0.0,,0,0.0
prebreak,600887,2020-03-31,S,S,A,C,S,S,A,23.3912,22.95,21.82,1.13,,0,0.0,0.0,,0,0.0,0,0.0,0.0,,0,0.0,0,0.0,0.0,,0,0.0
prebreak,000538,2020-04-01,S,S,A,C,S,S,A,47.2934,46.6,44.27,2.33,,0,0.0,0.0,,0,0.0,0,0.0,0.0,,0,0.0,0,0.0,0.0,,0,0.0
prebreak,000623,2020-04-01,S,S,A,C,S,S,A,13.2162,13.96,13.29,0.67,,0,0.0,0.0,,0,0.0,0,0.0,0.0,,0,0.0,0,0.0,0.0,,0,0.0
prebreak,000768,2020-04-01,S,S,A,C,S,S,A,15.0451,17.09,16.21,0.88,,0,0.0,0.0,,0,0.0,0,0.0,0.0,,0,0.0,0,0.0,0.0,,0,0.0
prebreak,300741,2020-04-02,S,S,A,C,S,S,A,23.11,23.74,22.52,1.22,,0,0.0,0.0,,0,0.0,0,0.0,0.0,,0,0.0,0,0.0,0.0,,0,0.0
prebreak,600271,2020-04-07,S,S,A,C,S,S,A,18.4039,18.54,17.76,0.78,,0,0.0,0.0,,0,0.0,0,0.0,0.0,,0,0.0,0,0.0,0.0,,0,0.0
prebreak,600660,2020-04-07,S,S,A,C,S,S,A,15.6168,15.93,15.15,0.78,,0,0.0,0.0,,0,0.0,0,0.0,0.0,,0,0.0,0,0.0,0.0,,0,0.0
prebreak,601211,2020-04-07,S,S,A,C,S,S,A,13.4564,13.55,13.04,0.51,,0,0.0,0.0,,0,0.0,0,0.0,0.0,,0,0.0,0,0.0,0.0,,0,0.0
prebreak,600887,2020-04-08,S,S,A,C,S,S,A,23.446,22.95,21.82,1.13,,0,0.0,0.0,,0,0.0,0,0.0,0.0,,0,0.0,0,0.0,0.0,,0,0.0
prebreak,603856,2020-04-08,S,S,A,C,S,S,A,9.769,10.18,9.67,0.51,,0,0.0,0.0,,0,0.0,1,10.18,10.8272,2020-04-22,0,1.2531,1,10.18,10.9322,2020-05-11,0,1.4588
prebreak,000623,2020-04-09,S,S,A,C,S,S,A,13.5387,13.72,13.14,0.58,,0,0.0,0.0,,0,0.0,0,0.0,0.0,,0,0.0,0,0.0,0.0,,0,0.0
prebreak,603222,2020-04-13,S,S,A,C,S,S,A,33.0073,38.32,36.85,1.47,,0,0.0,0.0,,0,0.0,0,0.0,0.0,,0,0.0,0,0.0,0.0,,0,0.0
prebreak,000623,2020-04-16,S,S,A,C,S,S,A,13.6745,13.74,13.23,0.51,,0,0.0,0.0,,0,0.0,0,0.0,0.0,,0,0.0,0,0.0,0.0,,0,0.0
prebreak,601211,2020-04-21,S,S,A,C,S,S,A,13.4564,13.76,13.24,0.52,,0,0.0,0.0,,0,0.0,0,0.0,0.0,,0,0.0,0,0.0,0.0,,0,0.0
prebreak,600835,2020-04-22,S,S,A,C,S,S,A,12.5916,12.1,11.5,0.6,,0,0.0,0.0,,0,0.0,0,0.0,0.0,,0,0.0,0,0.0,0.0,,0,0.0
prebreak,000623,2020-04-23,S,S,A,C,S,S,A,13.5812,13.82,13.31,0.51,,0,0.0,0.0,,0,0.0,0,0.0,0.0,,0,0.0,0,0.0,0.0,,0,0.0
prebreak,603868,2020-04-30,S,S,A,C,S,S,A,29.7147,32.13,30.56,1.57,,0,0.0,0.0,,0,0.0,0,0.0,0.0,,0,0.0,1,32.13,37.3858,2020-06-02,0,3.33
prebreak,300741,2020-05-06,S,S,A,C,S,S,A,24.2001,25.08,24.01,1.07,,0,0.0,0.0,,0,0.0,0,0.0,0.0,,0,0.0,0,0.0,0.0,,0,0.0
prebreak,600668,2020-05-06,S,S,A,C,S,S,A,11.4595,11.04,10.54,0.5,,0,0.0,0.0,,0,0.0,0,0.0,0.0,,0,0.0,0,0.0,0.0,,0,0.0
prebreak,600835,2020-05-11,S,S,A,C,S,S,A,12.6591,12.77,12.17,0.6,,0,0.0,0.0,,0,0.0,0,0.0,0.0,,0,0.0,1,12.77,12.7097,2020-06-02,0,-0.1166
prebreak,600835,2020-05-18,S,S,A,C,S,S,A,11.8489,12.77,12.17,0.6,,0,0.0,0.0,,0,0.0,1,12.77,12.7266,2020-06-01,0,-0.0885,1,12.77,12.7097,2020-06-02,0,-0.1166
prebreak,600323,2020-05-25,S,S,A,C,S,S,A,18.4942,19.29,18.42,0.87,,0,0.0,0.0,,0,0.0,0,0.0,0.0,,0,0.0,0,0.0,0.0,,0,0.0
prebreak,002025,2020-05-27,S,S,A,C,S,S,A,26.5405,27.14,25.93,1.21,,1,27.14,26.6181,2020-06-03,0,-0.4481,1,27.14,26.6181,2020-06-03,0,-0.4481,1,27.14,26.6181,2020-06-03,0,-0.4481
prebreak,603515,2020-05-27,S,S,A,C,S,S,A,20.0931,19.7,18.95,0.75,,1,19.7,20.1478,2020-06-03,0,0.5767,1,19.7,21.1094,2020-06-10,0,1.8581,1,19.7,21.5003,2020-06-24,0,2.379
prebreak,600323,2020-06-01,S,S,A,C,S,S,A,19.7802,19.29,18.42,0.87,,0,0.0,0.0,,0,0.0,0,0.0,0.0,,0,0.0,0,0.0,0.0,,0,0.0
prebreak,600535,2020-06-02,S,S,A,C,S,S,A,12.3442,12.52,12.02,0.5,,1,12.52,12.2104,2020-06-05,0,-0.6378,1,12.52,12.2104,2020-06-05,0,-0.6378,1,12.52,12.2104,2020-06-05,0,-0.6378
prebreak,603515,2020-06-03,S,S,A,C,S,S,A,20.1478,19.7,18.95,0.75,,0,0.0,0.0,,0,0.0,0,0.0,0.0,,0,0.0,0,0.0,0.0,,0,0.0
prebreak,603351,2020-06-04,S,S,A,C,S,S,A,23.4926,21.56,20.47,1.09,,1,21.56,21.0274,2020-06-09,0,-0.5034,1,21.56,21.0274,2020-06-09,0,-0.5034,1,21.56,21.0274,2020-06-09,0,-0.5034
prebreak,300531,2020-06-05,S,S,A,C,S,S,A,17.3227,17.08,16.29,0.79,,1,17.08,16.7061,2020-06-10,0,-0.4894,1,17.08,16.7061,2020-06-10,0,-0.4894,1,17.08,16.7061,2020-06-10,0,-0.4894
prebreak,601966,2020-06-08,S,S,A,C,S,S,A,17.8861,17.84,16.92,0.92,,0,0.0,0.0,,0,0.0,0,0.0,0.0,,0,0.0,0,0.0,0.0,,0,0.0
prebreak,002032,2020-06-09,S,S,A,C,S,S,A,50.6555,51.17,48.59,2.58,,0,0.0,0.0,,0,0.0,0,0.0,0.0,,0,0.0,0,0.0,0.0,,0,0.0
prebreak,600535,2020-06-09,S,S,A,C,S,S,A,12.4444,12.52,12.02,0.5,,1,12.52,12.5672,2020-06-16,0,0.0753,1,12.52,12.798,2020-06-23,0,0.5367,1,12.52,15.4568,2020-07-09,0,5.8509
prebreak,600848,2020-06-09,S,S,A,C,S,S,A,15.9896,15.3,14.51,0.79,,0,0.0,0.0,,0,0.0,0,0.0,0.0,,0,0.0,0,0.0,0.0,,0,0.0
prebreak,603515,2020-06-10,S,S,A,C,S,S,A,21.1094,19.7,18.95,0.75,,0,0.0,0.0,,0,0.0,0,0.0,0.0,,0,0.0,0,0.0,0.0,,0,0.0
prebreak,600482,2020-06-11,S,S,A,C,S,S,A,15.3202,15.86,15.21,0.65,,0,0.0,0.0,,0,0.0,0,0.0,0.0,,0,0.0,1,15.86,17.7676,2020-07-13,0,2.9144
prebreak,603351,2020-06-11,S,S,A,C,S,S,A,21.3013,21.56,20.47,1.09,,0,0.0,0.0,,0,0.0,0,0.0,0.0,,0,0.0,0,0.0,0.0,,0,0.0
prebreak,300531,2020-06-12,S,S,A,C,S,S,A,17.3619,17.08,16.29,0.79,,1,17.08,18.4091,2020-06-19,0,1.6649,1,17.08,20.3566,2020-06-30,0,4.1286,1,17.08,22.4608,2020-07-14,0,6.7904
prebreak,300549,2020-06-15,S,S,A,C,S,S,A,10.6711,11.21,10.71,0.5,,0,0.0,0.0,,0,0.0,0,0.0,0.0,,0,0.0,0,0.0,0.0,,0,0.0
prebreak,601601,2020-06-15,S,S,A,C,S,S,A,21.7503,22.38,21.29,1.09,,0,0.0,0.0,,0,0.0,0,0.0,0.0,,0,0.0,0,0.0,0.0,,0,0.0
prebreak,601966,2020-06-15,S,S,A,C,S,S,A,18.079,17.84,16.92,0.92,,0,0.0,0.0,,0,0.0,0,0.0,0.0,,0,0.0,0,0.0,0.0,,0,0.0
prebreak,601088,2020-06-16,S,S,A,C,S,S,A,9.6743,10.38,9.88,0.5,,0,0.0,0.0,,0,0.0,0,0.0,0.0,,0,0.0,1,10.38,10.3743,2020-07-16,0,-0.0271
prebreak,603515,2020-06-17,S,S,A,C,S,S,A,21.4534,20.38,19.68,0.7,,0,0.0,0.0,,0,0.0,0,0.0,0.0,,0,0.0,0,0.0,0.0,,0,0.0
prebreak,601966,2020-06-22,S,S,A,C,S,S,A,18.9673,17.84,16.92,0.92,,0,0.0,0.0,,0,0.0,0,0.0,0.0,,0,0.0,0,0.0,0.0,,0,0.0
prebreak,601601,2020-07-01,S,S,A,C,S,S,A,22.4568,22.5,21.36,1.14,,1,22.5,26.8068,2020-07-08,0,3.7605,1,22.5,24.727,2020-07-15,0,1.9373,1,22.5,23.8062,2020-07-29,0,1.1301
prebreak,002032,2020-07-02,S,S,A,C,S,S,A,56.8382,51.32,49.05,2.27,,1,51.32,58.3744,2020-07-09,0,3.0885,1,51.32,58.0746,2020-07-16,0,2.9566,1,51.32,63.9046,2020-07-30,0,5.5232
prebreak,601336,2020-07-06,S,S,A,C,S,S,A,43.3297,35.76,34.07,1.69,,1,35.76,43.5869,2020-07-13,0,4.6123,1,35.76,45.0439,2020-07-20,0,5.4739,1,35.76,42.4649,2020-08-03,0,3.9488
prebreak,603351,2020-07-06,S,S,A,C,S,S,A,23.1,21.88,21.08,0.8,,1,21.88,23.8852,2020-07-13,0,2.4841,1,21.88,25.063,2020-07-20,0,3.9555,1,21.88,34.1843,2020-08-03,0,15.3499
prebreak,601601,2020-07-08,S,S,A,C,S,S,A,26.8068,22.5,21.36,1.14,,1,22.5,24.727,2020-07-15,0,1.9373,1,22.5,24.5048,2020-07-22,0,1.7425,1,22.5,24.0047,2020-08-05,0,1.3041
prebreak,601966,2020-07-08,S,S,A,C,S,S,A,19.8,19.56,18.65,0.91,,0,0.0,0.0,,0,0.0,0,0.0,0.0,,0,0.0,0,0.0,0.0,,0,0.0
prebreak,600036,2020-07-09,S,S,A,C,S,S,A,29.4,25.69,24.34,1.35,,1,25.69,27.038,2020-07-16,0,0.9834,1,25.69,27.038,2020-07-23,0,0.9834,1,25.69,28.1165,2020-08-06,0,1.7818
prebreak,000651,2020-07-13,S,S,A,C,S,S,A,40.6462,39.93,38.21,1.72,,0,0.0,0.0,,0,0.0,0,0.0,0.0,,0,0.0,0,0.0,0.0,,0,0.0
prebreak,300584,2020-07-13,S,S,A,C,S,S,A,26.3318,24.95,24.1,0.85,,0,0.0,0.0,,0,0.0,0,0.0,0.0,,0,0.0,0,0.0,0.0,,0,0.0
prebreak,600299,2020-07-13,S,S,A,C,S,S,A,12.3896,11.42,10.86,0.56,,0,0.0,0.0,,0,0.0,0,0.0,0.0,,0,0.0,0,0.0,0.0,,0,0.0
prebreak,000651,2020-07-20,S,S,A,C,S,S,A,40.2906,39.93,38.21,1.72,,0,0.0,0.0,,0,0.0,0,0.0,0.0,,0,0.0,0,0.0,0.0,,0,0.0
prebreak,300584,2020-07-20,S,S,A,C,S,S,A,24.8358,24.95,24.1,0.85,,0,0.0,0.0,,0,0.0,0,0.0,0.0,,0,0.0,0,0.0,0.0,,0,0.0
prebreak,600299,2020-07-20,S,S,A,C,S,S,A,11.9426,11.42,10.86,0.56,,0,0.0,0.0,,0,0.0,0,0.0,0.0,,0,0.0,0,0.0,0.0,,0,0.0
prebreak,600036,2020-07-23,S,S,A,C,S,S,A,27.038,25.69,24.34,1.35,,0,0.0,0.0,,0,0.0,0,0.0,0.0,,0,0.0,0,0.0,0.0,,0,0.0
prebreak,601318,2020-07-23,S,S,A,C,S,S,A,59.6124,55.57,53.31,2.26,,0,0.0,0.0,,0,0.0,0,0.0,0.0,,0,0.0,0,0.0,0.0,,0,0.0
prebreak,601336,2020-07-27,S,S,A,C,S,S,A,40.2208,35.76,34.07,1.69,,0,0.0,0.0,,0,0.0,0,0.0,0.0,,0,0.0,0,0.0,0.0,,0,0.0
prebreak,000001,2020-07-28,S,S,A,C,S,S,A,10.6606,10.53,9.99,0.54,,0,0.0,0.0,,0,0.0,0,0.0,0.0,,0,0.0,0,0.0,0.0,,0,0.0
prebreak,600036,2020-07-30,S,S,A,C,S,S,A,26.2481,26.9,25.78,1.12,,1,26.9,28.1165,2020-08-06,0,1.0672,1,26.9,28.3519,2020-08-13,0,1.2773,1,26.9,28.0253,2020-08-27,0,0.9859
prebreak,002462,2020-07-31,S,S,A,C,S,S,A,14.2529,13.22,12.59,0.63,,1,13.22,14.3514,2020-08-07,0,1.7788,1,13.22,14.0916,2020-08-14,0,1.3667,1,13.22,14.1991,2020-08-28,0,1.5372
prebreak,600663,2020-08-03,S,S,A,C,S,S,A,10.9032,10.94,10.39,0.55,,0,0.0,0.0,,0,0.0,0,0.0,0.0,,0,0.0,0,0.0,0.0,,0,0.0
prebreak,600663,2020-08-10,S,S,A,C,S,S,A,10.8174,11.23,10.67,0.56,,0,0.0,0.0,,0,0.0,0,0.0,0.0,,0,0.0,0,0.0,0.0,,0,0.0
prebreak,600668,2020-09-04,S,S,A,C,S,S,A,12.0908,12.64,12.03,0.61,,0,0.0,0.0,,0,0.0,0,0.0,0.0,,0,0.0,0,0.0,0.0,,0,0.0
prebreak,300780,2020-09-17,S,S,A,C,S,S,A,19.9534,18.75,17.8,0.95,,0,0.0,0.0,,0,0.0,0,0.0,0.0,,0,0.0,0,0.0,0.0,,0,0.0
prebreak,600977,2020-09-29,S,S,A,C,S,S,A,13.6248,14.57,13.91,0.66,,0,0.0,0.0,,0,0.0,0,0.0,0.0,,0,0.0,0,0.0,0.0,,0,0.0
prebreak,603657,2020-09-29,S,S,A,C,S,S,A,16.9523,17.33,16.5,0.83,,1,17.33,18.8647,2020-10-14,0,1.832,1,17.33,19.7838,2020-10-21,0,2.9387,1,17.33,20.4708,2020-11-04,0,3.7659
prebreak,300349,2020-10-12,S,S,A,C,S,S,A,13.4027,13.17,12.58,0.59,,0,0.0,0.0,,0,0.0,0,0.0,0.0,,0,0.0,0,0.0,0.0,,0,0.0
prebreak,601163,2020-10-12,S,S,A,C,S,S,A,12.8583,12.57,11.91,0.66,,0,0.0,0.0,,0,0.0,0,0.0,0.0,,0,0.0,0,0.0,0.0,,0,0.0
prebreak,001979,2020-10-16,S,S,A,C,S,S,A,12.8323,13.11,12.49,0.62,,0,0.0,0.0,,0,0.0,0,0.0,0.0,,0,0.0,0,0.0,0.0,,0,0.0
prebreak,300349,2020-10-19,S,S,A,C,S,S,A,13.8844,13.71,12.99,0.72,,1,13.71,13.7382,2020-10-22,0,0.0246,1,13.71,13.7382,2020-10-22,0,0.0246,1,13.71,13.7382,2020-10-22,0,0.0246
prebreak,300349,2020-10-26,S,S,A,C,S,S,A,13.5145,13.71,12.99,0.72,,0,0.0,0.0,,0,0.0,0,0.0,0.0,,0,0.0,0,0.0,0.0,,0,0.0
prebreak,002422,2020-10-28,S,S,A,C,S,S,A,21.0067,20.64,19.58,1.06,,1,20.64,21.1216,2020-11-04,0,0.4393,1,20.64,20.4942,2020-11-11,0,-0.1523,1,20.64,19.58,2020-11-24,1,-1.0142
prebreak,300583,2020-10-28,S,S,A,C,S,S,A,18.8104,18.7,17.87,0.83,,1,18.7,17.87,2020-10-30,1,-1.0165,1,18.7,17.87,2020-10-30,1,-1.0165,1,18.7,17.87,2020-10-30,1,-1.0165
prebreak,600977,2020-10-28,S,S,A,C,S,S,A,12.5238,14.14,13.47,0.67,,0,0.0,0.0,,0,0.0,0,0.0,0.0,,0,0.0,0,0.0,0.0,,0,0.0
prebreak,603228,2020-10-28,S,S,A,C,S,S,A,30.3019,32.54,30.93,1.61,,0,0.0,0.0,,0,0.0,0,0.0,0.0,,0,0.0,0,0.0,0.0,,0,0.0
prebreak,600487,2020-10-29,S,S,A,C,S,S,A,14.1158,14.77,14.12,0.65,,1,14.77,14.7871,2020-11-05,0,0.009,1,14.77,14.4131,2020-11-12,0,-0.5661,1,14.77,14.2596,2020-11-26,0,-0.802
prebreak,300349,2020-11-02,S,S,A,C,S,S,A,12.9381,13.71,12.99,0.72,,0,0.0,0.0,,0,0.0,0,0.0,0.0,,0,0.0,0,0.0,0.0,,0,0.0
prebreak,600406,2020-11-02,S,S,A,C,S,S,A,11.3395,10.72,10.19,0.53,,0,0.0,0.0,,0,0.0,0,0.0,0.0,,0,0.0,0,0.0,0.0,,0,0.0
prebreak,300422,2020-11-03,S,S,A,C,S,S,A,11.1643,12.11,11.61,0.5,,0,0.0,0.0,,0,0.0,1,12.11,11.9099,2020-11-17,0,-0.4184,1,12.11,11.8602,2020-11-19,0,-0.5178
prebreak,002422,2020-11-04,S,S,A,C,S,S,A,21.1216,21.53,20.45,1.08,,0,0.0,0.0,,0,0.0,0,0.0,0.0,,0,0.0,0,0.0,0.0,,0,0.0
prebreak,300583,2020-11-04,S,S,A,C,S,S,A,18.1784,18.7,17.87,0.83,,0,0.0,0.0,,0,0.0,0,0.0,0.0,,0,0.0,0,0.0,0.0,,0,0.0
prebreak,300771,2020-11-05,S,S,A,C,S,S,A,20.5971,21.01,19.91,1.1,,1,21.01,20.6573,2020-11-12,0,-0.3349,1,21.01,20.6573,2020-11-12,0,-0.3349,1,21.01,20.6573,2020-11-12,0,-0.3349
prebreak,600487,2020-11-05,S,S,A,C,S,S,A,14.7871,14.56,13.87,0.69,,0,0.0,0.0,,0,0.0,0,0.0,0.0,,0,0.0,0,0.0,0.0,,0,0.0
prebreak,601601,2020-11-05,S,S,A,C,S,S,A,25.624,26.69,25.49,1.2,,0,0.0,0.0,,0,0.0,0,0.0,0.0,,0,0.0,0,0.0,0.0,,0,0.0
prebreak,300349,2020-11-09,S,S,A,C,S,S,A,13.6005,13.71,12.99,0.72,,0,0.0,0.0,,0,0.0,0,0.0,0.0,,0,0.0,0,0.0,0.0,,0,0.0
prebreak,002253,2020-11-12,S,S,A,C,S,S,A,15.5789,16.15,15.46,0.69,,0,0.0,0.0,,0,0.0,0,0.0,0.0,,0,0.0,0,0.0,0.0,,0,0.0
prebreak,600487,2020-11-12,S,S,A,C,S,S,A,14.4131,15.11,14.34,0.77,,0,0.0,0.0,,0,0.0,0,0.0,0.0,,0,0.0,0,0.0,0.0,,0,0.0
prebreak,300166,2020-11-13,S,S,A,C,S,S,A,12.27,12.83,12.17,0.66,,0,0.0,0.0,,0,0.0,1,12.83,12.82,2020-11-25,0,-0.0299,1,12.83,12.82,2020-11-25,0,-0.0299
prebreak,600848,2020-11-13,S,S,A,C,S,S,A,16.2715,17.86,17.02,0.84,,0,0.0,0.0,,0,0.0,0,0.0,0.0,,0,0.0,0,0.0,0.0,,0,0.0
prebreak,601318,2020-11-13,S,S,A,C,S,S,A,61.2366,61.01,58.58,2.43,,0,0.0,0.0,,0,0.0,0,0.0,0.0,,0,0.0,0,0.0,0.0,,0,0.0
prebreak,000915,2020-11-16,S,S,A,C,S,S,A,20.8791,21.87,20.75,1.12,,0,0.0,0.0,,0,0.0,0,0.0,0.0,,0,0.0,0,0.0,0.0,,0,0.0
prebreak,600903,2020-11-16,S,S,A,C,S,S,A,11.6812,11.48,10.92,0.56,,0,0.0,0.0,,0,0.0,0,0.0,0.0,,0,0.0,0,0.0,0.0,,0,0.0
prebreak,601163,2020-11-16,S,S,A,C,S,S,A,15.3027,13.42,12.89,0.53,,0,0.0,0.0,,0,0.0,0,0.0,0.0,,0,0.0,0,0.0,0.0,,0,0.0
prebreak,002422,2020-11-18,S,S,A,C,S,S,A,20.2821,20.77,19.99,0.78,,0,0.0,0.0,,0,0.0,0,0.0,0.0,,0,0.0,0,0.0,0.0,,0,0.0
prebreak,600167,2020-11-18,S,S,A,C,S,S,A,11.0577,11.44,10.92,0.52,,0,0.0,0.0,,0,0.0,0,0.0,0.0,,0,0.0,0,0.0,0.0,,0,0.0
prebreak,300616,2020-11-20,S,S,A,C,S,S,A,53.0311,52.73,50.1,2.63,,0,0.0,0.0,,0,0.0,0,0.0,0.0,,0,0.0,0,0.0,0.0,,0,0.0
prebreak,000915,2020-11-23,S,S,A,C,S,S,A,20.5413,20.98,19.94,1.04,,0,0.0,0.0,,0,0.0,0,0.0,0.0,,0,0.0,0,0.0,0.0,,0,0.0
prebreak,002462,2020-11-23,S,S,A,C,S,S,A,14.3783,14.17,13.51,0.66,,0,0.0,0.0,,0,0.0,0,0.0,0.0,,0,0.0,0,0.0,0.0,,0,0.0
prebreak,300616,2020-11-27,S,S,A,C,S,S,A,58.1624,52.73,50.1,2.63,,1,52.73,61.2343,2020-12-04,0,3.2163,1,52.73,60.1621,2020-12-11,0,2.8089,1,52.73,66.8846,2020-12-25,0,5.3633
prebreak,600167,2020-12-02,S,S,A,C,S,S,A,10.6124,11.33,10.75,0.58,,0,0.0,0.0,,0,0.0,0,0.0,0.0,,0,0.0,0,0.0,0.0,,0,0.0
prebreak,300616,2020-12-04,S,S,A,C,S,S,A,61.2343,52.73,50.1,2.63,,0,0.0,0.0,,0,0.0,0,0.0,0.0,,0,0.0,0,0.0,0.0,,0,0.0
prebreak,002233,2020-12-07,S,S,A,C,S,S,A,9.9102,10.38,9.87,0.51,,0,0.0,0.0,,0,0.0,0,0.0,0.0,,0,0.0,0,0.0,0.0,,0,0.0
prebreak,600585,2020-12-10,S,S,A,C,S,S,A,39.624,42.39,40.44,1.95,,0,0.0,0.0,,0,0.0,0,0.0,0.0,,0,0.0,1,42.39,40.44,2021-01-07,1,-1.0159
prebreak,600585,2020-12-17,S,S,A,C,S,S,A,39.6165,40.03,38.55,1.48,,0,0.0,0.0,,0,0.0,0,0.0,0.0,,0,0.0,0,0.0,0.0,,0,0.0
prebreak,002484,2020-12-18,S,S,A,C,S,S,A,10.4236,11.28,10.76,0.52,,0,0.0,0.0,,0,0.0,0,0.0,0.0,,0,0.0,0,0.0,0.0,,0,0.0
prebreak,601088,2020-12-25,S,S,A,C,S,S,A,12.1969,12.63,12.08,0.55,,0,0.0,0.0,,0,0.0,0,0.0,0.0,,0,0.0,0,0.0,0.0,,0,0.0
prebreak,603358,2021-01-12,S,S,A,C,S,S,A,9.2016,12.02,11.48,0.54,,0,0.0,0.0,,0,0.0,0,0.0,0.0,,0,0.0,0,0.0,0.0,,0,0.0
prebreak,002886,2021-01-14,S,S,A,C,S,S,A,14.8188,14.59,13.92,0.67,,1,14.59,14.6853,2021-01-21,0,0.1256,1,14.59,13.92,2021-01-25,1,-1.0159,1,14.59,13.92,2021-01-25,1,-1.0159
prebreak,002223,2021-01-15,S,S,A,C,S,S,A,26.6454,26.68,25.4,1.28,,0,0.0,0.0,,0,0.0,0,0.0,0.0,,0,0.0,0,0.0,0.0,,0,0.0
prebreak,600487,2021-01-15,S,S,A,C,S,S,A,13.5021,13.71,13.13,0.58,,0,0.0,0.0,,0,0.0,0,0.0,0.0,,0,0.0,0,0.0,0.0,,0,0.0
prebreak,002138,2021-01-18,S,S,A,C,S,S,A,24.6236,23.67,22.8,0.87,,0,0.0,0.0,,0,0.0,0,0.0,0.0,,0,0.0,0,0.0,0.0,,0,0.0
prebreak,002268,2021-01-21,S,S,A,C,S,S,A,16.7106,17.23,16.59,0.64,,1,17.23,18.0119,2021-01-27,0,1.2006,1,17.23,18.0119,2021-01-27,0,1.2006,1,17.23,18.0119,2021-01-27,0,1.2006
prebreak,000988,2021-01-26,S,S,A,C,S,S,A,22.9099,23.85,22.62,1.23,,0,0.0,0.0,,0,0.0,0,0.0,0.0,,0,0.0,0,0.0,0.0,,0,0.0
prebreak,000651,2021-01-27,S,S,A,C,S,S,A,41.2456,44.06,41.75,2.31,,0,0.0,0.0,,0,0.0,0,0.0,0.0,,0,0.0,0,0.0,0.0,,0,0.0
prebreak,300422,2021-02-01,S,S,A,C,S,S,A,8.9473,10.21,9.71,0.5,,0,0.0,0.0,,0,0.0,0,0.0,0.0,,0,0.0,0,0.0,0.0,,0,0.0
prebreak,601088,2021-02-01,S,S,A,C,S,S,A,11.213,12.07,11.44,0.63,,0,0.0,0.0,,0,0.0,1,12.07,12.4743,2021-02-22,0,0.6268,1,12.07,11.9724,2021-02-24,0,-0.1694
prebreak,601318,2021-02-01,S,S,A,C,S,S,A,60.421,65.23,62.81,2.42,,0,0.0,0.0,,0,0.0,0,0.0,0.0,,0,0.0,0,0.0,0.0,,0,0.0
prebreak,000988,2021-02-02,S,S,A,C,S,S,A,22.5183,22.74,21.7,1.04,,0,0.0,0.0,,0,0.0,0,0.0,0.0,,0,0.0,0,0.0,0.0,,0,0.0
prebreak,600048,2021-02-05,S,S,A,C,S,S,A,11.1695,11.56,11.01,0.55,,0,0.0,0.0,,0,0.0,0,0.0,0.0,,0,0.0,0,0.0,0.0,,0,0.0
prebreak,601318,2021-02-08,S,S,A,C,S,S,A,59.8874,65.23,62.81,2.42,,0,0.0,0.0,,0,0.0,0,0.0,0.0,,0,0.0,0,0.0,0.0,,0,0.0
prebreak,002734,2021-02-18,S,S,A,C,S,S,A,12.3531,10.96,10.41,0.55,,1,10.96,11.6508,2021-02-25,0,1.2401,1,10.96,11.6085,2021-03-04,0,1.1632,1,10.96,11.3547,2021-03-18,0,0.702
prebreak,000935,2021-02-19,S,S,A,C,S,S,A,13.2352,12.57,11.95,0.62,,1,12.57,13.1403,2021-02-26,0,0.9038,1,12.57,13.4629,2021-03-05,0,1.4238,1,12.57,13.0075,2021-03-19,0,0.6897
prebreak,600585,2021-02-19,S,S,A,C,S,S,A,40.9345,38.57,36.78,1.79,,1,38.57,39.946,2021-02-26,0,0.7519,1,38.57,38.3509,2021-03-05,0,-0.1387,1,38.57,38.613,2021-03-19,0,0.0076
prebreak,000997,2021-02-23,S,S,A,C,S,S,A,13.3942,13.79,13.18,0.61,,1,13.79,13.8147,2021-03-02,0,0.0233,1,13.79,13.7789,2021-03-04,0,-0.0353,1,13.79,13.7789,2021-03-04,0,-0.0353
prebreak,000999,2021-03-02,S,S,A,C,S,S,A,13.1946,13.69,13.08,0.61,,0,0.0,0.0,,0,0.0,0,0.0,0.0,,0,0.0,0,0.0,0.0,,0,0.0
prebreak,000651,2021-03-03,S,S,A,C,S,S,A,41.794,41.99,39.81,2.18,,0,0.0,0.0,,0,0.0,1,41.99,43.1825,2021-03-17,0,0.532,1,41.99,43.5296,2021-03-31,0,0.6912
prebreak,000581,2021-03-11,S,S,A,C,S,S,A,17.6233,17.77,16.84,0.93,,0,0.0,0.0,,0,0.0,0,0.0,0.0,,0,0.0,1,17.77,18.4237,2021-04-09,0,0.6879
prebreak,002222,2021-03-11,S,S,A,C,S,S,A,12.2728,11.47,10.92,0.55,,1,11.47,11.9341,2021-03-18,0,0.8274,1,11.47,12.8026,2021-03-25,0,2.4056,1,11.47,14.2445,2021-04-09,0,5.0255
prebreak,000776,2021-03-15,S,S,A,C,S,S,A,13.181,13.57,13.06,0.51,,0,0.0,0.0,,0,0.0,0,0.0,0.0,,0,0.0,0,0.0,0.0,,0,0.0
prebreak,603458,2021-03-16,S,S,A,C,S,S,A,11.347,11.47,10.97,0.5,,0,0.0,0.0,,0,0.0,0,0.0,0.0,,0,0.0,0,0.0,0.0,,0,0.0
prebreak,000581,2021-03-18,S,S,A,C,S,S,A,17.3002,17.62,16.86,0.76,,0,0.0,0.0,,0,0.0,0,0.0,0.0,,0,0.0,0,0.0,0.0,,0,0.0
prebreak,600566,2021-03-18,S,S,A,C,S,S,A,15.9368,16.14,15.35,0.79,,0,0.0,0.0,,0,0.0,0,0.0,0.0,,0,0.0,0,0.0,0.0,,0,0.0
prebreak,600030,2021-03-22,S,S,A,C,S,S,A,19.9332,20.15,19.08,1.07,,0,0.0,0.0,,0,0.0,0,0.0,0.0,,0,0.0,0,0.0,0.0,,0,0.0
prebreak,601318,2021-03-22,S,S,A,C,S,S,A,60.8402,66.14,63.23,2.91,,0,0.0,0.0,,0,0.0,0,0.0,0.0,,0,0.0,0,0.0,0.0,,0,0.0
prebreak,600566,2021-03-25,S,S,A,C,S,S,A,15.4448,16.07,15.35,0.72,,0,0.0,0.0,,0,0.0,0,0.0,0.0,,0,0.0,0,0.0,0.0,,0,0.0
prebreak,002380,2021-03-29,S,S,A,C,S,S,A,15.3567,13.95,13.26,0.69,,0,0.0,0.0,,0,0.0,0,0.0,0.0,,0,0.0,0,0.0,0.0,,0,0.0
prebreak,600030,2021-03-29,S,S,A,C,S,S,A,20.024,20.3,19.52,0.78,,0,0.0,0.0,,0,0.0,0,0.0,0.0,,0,0.0,0,0.0,0.0,,0,0.0
prebreak,000002,2021-03-31,S,S,A,C,S,S,A,25.3802,26.86,25.6,1.26,,0,0.0,0.0,,0,0.0,0,0.0,0.0,,0,0.0,0,0.0,0.0,,0,0.0
prebreak,000935,2021-04-02,S,S,A,C,S,S,A,13.3775,13.77,13.21,0.56,,0,0.0,0.0,,0,0.0,0,0.0,0.0,,0,0.0,0,0.0,0.0,,0,0.0
prebreak,002380,2021-04-06,S,S,A,C,S,S,A,14.194,13.95,13.26,0.69,,0,0.0,0.0,,0,0.0,0,0.0,0.0,,0,0.0,0,0.0,0.0,,0,0.0
prebreak,002741,2021-04-08,S,S,A,C,S,S,A,13.9735,14.43,13.93,0.5,,0,0.0,0.0,,0,0.0,0,0.0,0.0,,0,0.0,0,0.0,0.0,,0,0.0
prebreak,002463,2021-04-28,S,S,A,C,S,S,A,12.72,14.15,13.53,0.62,,0,0.0,0.0,,0,0.0,0,0.0,0.0,,0,0.0,0,0.0,0.0,,0,0.0
prebreak,603739,2021-04-29,S,S,A,C,S,S,A,16.5801,16.21,15.58,0.63,,0,0.0,0.0,,0,0.0,0,0.0,0.0,,0,0.0,0,0.0,0.0,,0,0.0
prebreak,300036,2021-04-30,S,S,A,C,S,S,A,15.6132,16.44,15.85,0.59,,0,0.0,0.0,,0,0.0,0,0.0,0.0,,0,0.0,1,16.44,19.327,2021-06-02,0,4.869
prebreak,601138,2021-04-30,S,S,A,C,S,S,A,11.7012,12.46,11.94,0.52,,0,0.0,0.0,,0,0.0,0,0.0,0.0,,0,0.0,0,0.0,0.0,,0,0.0
prebreak,002801,2021-05-06,S,S,A,C,S,S,A,21.6043,23.12,22.05,1.07,,0,0.0,0.0,,0,0.0,0,0.0,0.0,,0,0.0,0,0.0,0.0,,0,0.0
prebreak,600783,2021-05-06,S,S,A,C,S,S,A,10.8697,12.46,11.86,0.6,,0,0.0,0.0,,0,0.0,0,0.0,0.0,,0,0.0,0,0.0,0.0,,0,0.0
prebreak,002463,2021-05-10,S,S,A,C,S,S,A,12.2014,14.15,13.53,0.62,,0,0.0,0.0,,0,0.0,0,0.0,0.0,,0,0.0,0,0.0,0.0,,0,0.0
prebreak,002801,2021-05-13,S,S,A,C,S,S,A,22.507,23.12,22.05,1.07,,0,0.0,0.0,,0,0.0,0,0.0,0.0,,0,0.0,0,0.0,0.0,,0,0.0
prebreak,000997,2021-05-17,S,S,A,C,S,S,A,13.6984,13.05,12.42,0.63,,0,0.0,0.0,,0,0.0,0,0.0,0.0,,0,0.0,0,0.0,0.0,,0,0.0
prebreak,000063,2021-05-20,S,S,A,C,S,S,A,26.6639,27.09,25.71,1.38,,1,27.09,27.993,2021-05-27,0,0.639,1,27.09,30.0461,2021-06-03,0,2.1259,1,27.09,31.3019,2021-06-18,0,3.0352
prebreak,002801,2021-05-20,S,S,A,C,S,S,A,22.495,22.76,21.9,0.86,,0,0.0,0.0,,0,0.0,0,0.0,0.0,,0,0.0,0,0.0,0.0,,0,0.0
prebreak,600895,2021-05-21,S,S,A,C,S,S,A,17.4423,17.1,16.28,0.82,,0,0.0,0.0,,0,0.0,0,0.0,0.0,,0,0.0,0,0.0,0.0,,0,0.0
prebreak,603368,2021-05-21,S,S,A,C,S,S,A,16.5835,17.52,16.74,0.78,,0,0.0,0.0,,0,0.0,0,0.0,0.0,,0,0.0,0,0.0,0.0,,0,0.0
prebreak,000997,2021-05-24,S,S,A,C,S,S,A,13.6089,13.05,12.42,0.63,,0,0.0,0.0,,0,0.0,0,0.0,0.0,,0,0.0,0,0.0,0.0,,0,0.0
prebreak,600566,2021-05-26,S,S,A,C,S,S,A,14.8779,15.17,14.44,0.73,,0,0.0,0.0,,0,0.0,0,0.0,0.0,,0,0.0,0,0.0,0.0,,0,0.0
prebreak,000063,2021-05-27,S,S,A,C,S,S,A,27.993,27.41,25.96,1.45,,1,27.41,30.0461,2021-06-03,0,1.8025,1,27.41,30.3486,2021-06-10,0,2.011,1,27.41,29.6337,2021-06-25,0,1.5182
prebreak,002801,2021-05-27,S,S,A,C,S,S,A,23.4639,23.04,22.05,0.99,,0,0.0,0.0,,0,0.0,0,0.0,0.0,,0,0.0,0,0.0,0.0,,0,0.0
prebreak,603858,2021-05-27,S,S,A,C,S,S,A,20.2813,20.23,19.23,1.0,,0,0.0,0.0,,0,0.0,0,0.0,0.0,,0,0.0,0,0.0,0.0,,0,0.0
prebreak,601088,2021-05-28,S,S,A,C,S,S,A,13.1611,13.33,12.66,0.67,,0,0.0,0.0,,0,0.0,0,0.0,0.0,,0,0.0,0,0.0,0.0,,0,0.0
prebreak,603368,2021-05-28,S,S,A,C,S,S,A,16.9119,17.24,16.54,0.7,,0,0.0,0.0,,0,0.0,0,0.0,0.0,,0,0.0,0,0.0,0.0,,0,0.0
prebreak,600612,2021-06-02,S,S,A,C,S,S,A,48.972,49.57,47.08,2.49,,0,0.0,0.0,,0,0.0,0,0.0,0.0,,0,0.0,0,0.0,0.0,,0,0.0
prebreak,603590,2021-06-02,S,S,A,C,S,S,A,35.5822,35.41,33.94,1.47,,1,35.41,37.2312,2021-06-09,0,1.2198,1,35.41,34.621,2021-06-17,0,-0.5547,1,35.41,35.1298,2021-07-01,0,-0.2088
prebreak,603866,2021-06-02,S,S,A,C,S,S,A,17.513,17.9,17.04,0.86,,0,0.0,0.0,,0,0.0,0,0.0,0.0,,0,0.0,0,0.0,0.0,,0,0.0
prebreak,000063,2021-06-03,S,S,A,C,S,S,A,30.0461,27.41,25.96,1.45,,0,0.0,0.0,,0,0.0,0,0.0,0.0,,0,0.0,0,0.0,0.0,,0,0.0
prebreak,002930,2021-06-03,S,S,A,C,S,S,A,14.4175,14.32,13.68,0.64,,1,14.32,14.4448,2021-06-08,0,0.1779,1,14.32,14.4448,2021-06-08,0,0.1779,1,14.32,14.4448,2021-06-08,0,0.1779
prebreak,603858,2021-06-03,S,S,A,C,S,S,A,20.0719,20.23,19.23,1.0,,0,0.0,0.0,,0,0.0,0,0.0,0.0,,0,0.0,0,0.0,0.0,,0,0.0
prebreak,002737,2021-06-04,S,S,A,C,S,S,A,12.7381,12.75,12.14,0.61,,0,0.0,0.0,,0,0.0,0,0.0,0.0,,0,0.0,0,0.0,0.0,,0,0.0
prebreak,300723,2021-06-08,S,S,A,C,S,S,A,16.9156,18.03,17.11,0.92,,0,0.0,0.0,,0,0.0,0,0.0,0.0,,0,0.0,1,18.03,20.2464,2021-07-07,0,2.3928
prebreak,600612,2021-06-09,S,S,A,C,S,S,A,48.5959,49.06,46.78,2.28,,0,0.0,0.0,,0,0.0,0,0.0,0.0,,0,0.0,0,0.0,0.0,,0,0.0
prebreak,603590,2021-06-09,S,S,A,C,S,S,A,37.2312,35.41,33.94,1.47,,0,0.0,0.0,,0,0.0,0,0.0,0.0,,0,0.0,0,0.0,0.0,,0,0.0
prebreak,603866,2021-06-09,S,S,A,C,S,S,A,16.7052,17.55,16.73,0.82,,0,0.0,0.0,,0,0.0,0,0.0,0.0,,0,0.0,0,0.0,0.0,,0,0.0
prebreak,002930,2021-06-10,S,S,A,C,S,S,A,14.4721,14.32,13.68,0.64,,0,0.0,0.0,,0,0.0,0,0.0,0.0,,0,0.0,0,0.0,0.0,,0,0.0
prebreak,600739,2021-06-11,S,S,A,C,S,S,A,18.7329,19.23,18.52,0.71,,0,0.0,0.0,,0,0.0,0,0.0,0.0,,0,0.0,0,0.0,0.0,,0,0.0
prebreak,603043,2021-06-11,S,S,A,C,S,S,A,23.0107,24.18,23.13,1.05,,0,0.0,0.0,,0,0.0,0,0.0,0.0,,0,0.0,0,0.0,0.0,,0,0.0
prebreak,002151,2021-06-17,S,S,A,C,S,S,A,43.5115,43.61,41.5,2.11,,1,43.61,43.4123,2021-06-24,0,-0.1094,1,43.61,41.5,2021-07-01,1,-1.0151,1,43.61,41.5,2021-07-01,1,-1.0151
prebreak,002661,2021-06-17,S,S,A,C,S,S,A,12.1592,13.29,12.64,0.65,,0,0.0,0.0,,0,0.0,0,0.0,0.0,,0,0.0,0,0.0,0.0,,0,0.0
prebreak,603866,2021-06-17,S,S,A,C,S,S,A,16.5855,17.55,16.73,0.82,,0,0.0,0.0,,0,0.0,0,0.0,0.0,,0,0.0,0,0.0,0.0,,0,0.0
prebreak,002373,2021-06-21,S,S,A,C,S,S,A,17.2331,15.63,14.89,0.74,,0,0.0,0.0,,0,0.0,0,0.0,0.0,,0,0.0,0,0.0,0.0,,0,0.0
prebreak,600547,2021-06-23,S,S,A,C,S,S,A,18.7313,19.12,18.34,0.78,,0,0.0,0.0,,0,0.0,0,0.0,0.0,,0,0.0,0,0.0,0.0,,0,0.0
prebreak,603866,2021-06-24,S,S,A,C,S,S,A,16.1317,17.55,16.73,0.82,,0,0.0,0.0,,0,0.0,0,0.0,0.0,,0,0.0,0,0.0,0.0,,0,0.0
prebreak,001872,2021-06-28,S,S,A,C,S,S,A,14.19,13.72,13.03,0.69,,0,0.0,0.0,,0,0.0,0,0.0,0.0,,0,0.0,0,0.0,0.0,,0,0.0
prebreak,603239,2021-06-28,S,S,A,C,S,S,A,14.529,14.18,13.43,0.75,,0,0.0,0.0,,0,0.0,0,0.0,0.0,,0,0.0,0,0.0,0.0,,0,0.0
prebreak,002741,2021-06-30,S,S,A,C,S,S,A,15.8718,15.99,15.16,0.83,,0,0.0,0.0,,0,0.0,0,0.0,0.0,,0,0.0,0,0.0,0.0,,0,0.0
prebreak,000063,2021-07-02,S,S,A,C,S,S,A,29.102,30.79,29.2,1.59,,0,0.0,0.0,,0,0.0,1,30.79,32.8784,2021-07-16,0,1.2979,1,30.79,35.5641,2021-07-30,0,2.986
prebreak,002558,2021-07-05,S,S,A,C,S,S,A,12.2048,12.67,12.06,0.61,,0,0.0,0.0,,0,0.0,0,0.0,0.0,,0,0.0,0,0.0,0.0,,0,0.0
prebreak,002741,2021-07-07,S,S,A,C,S,S,A,17.6011,15.99,15.16,0.83,,1,15.99,19.3999,2021-07-14,0,4.0911,1,15.99,20.1751,2021-07-21,0,5.0245,1,15.99,22.461,2021-08-04,0,7.7768
prebreak,603043,2021-07-19,S,S,A,C,S,S,A,22.383,23.12,21.93,1.19,,0,0.0,0.0,,0,0.0,0,0.0,0.0,,0,0.0,0,0.0,0.0,,0,0.0
prebreak,300625,2021-07-29,S,S,A,C,S,S,A,12.4128,13.5,12.94,0.56,,1,13.5,13.4662,2021-08-05,0,-0.0786,1,13.5,13.3029,2021-08-06,0,-0.3701,1,13.5,13.3029,2021-08-06,0,-0.3701
prebreak,002801,2021-07-30,S,S,A,C,S,S,A,23.5898,24.69,23.53,1.16,,0,0.0,0.0,,0,0.0,0,0.0,0.0,,0,0.0,0,0.0,0.0,,0,0.0
prebreak,300348,2021-07-30,S,S,A,C,S,S,A,14.6409,16.54,15.84,0.7,,1,16.54,16.3692,2021-08-06,0,-0.2618,1,16.54,16.3692,2021-08-06,0,-0.2618,1,16.54,16.3692,2021-08-06,0,-0.2618
prebreak,603131,2021-07-30,S,S,A,C,S,S,A,17.1249,16.84,16.1,0.74,,1,16.84,19.8394,2021-08-06,0,4.0334,1,16.84,22.3043,2021-08-13,0,7.3623,1,16.84,23.0528,2021-08-27,0,8.3731
prebreak,603043,2021-08-02,S,S,A,C,S,S,A,19.7487,22.57,21.71,0.86,,0,0.0,0.0,,0,0.0,0,0.0,0.0,,0,0.0,0,0.0,0.0,,0,0.0
prebreak,000999,2021-08-03,S,S,A,C,S,S,A,12.6508,12.72,12.07,0.65,,0,0.0,0.0,,0,0.0,0,0.0,0.0,,0,0.0,0,0.0,0.0,,0,0.0
prebreak,000401,2021-08-04,S,S,A,C,S,S,A,10.8677,11.06,10.55,0.51,,1,11.06,11.0333,2021-08-11,0,-0.0687,1,11.06,11.0333,2021-08-11,0,-0.0687,1,11.06,11.0333,2021-08-11,0,-0.0687
prebreak,300625,2021-08-05,S,S,A,C,S,S,A,13.4662,13.5,12.94,0.56,,0,0.0,0.0,,0,0.0,0,0.0,0.0,,0,0.0,0,0.0,0.0,,0,0.0
prebreak,300348,2021-08-06,S,S,A,C,S,S,A,16.3692,16.54,15.84,0.7,,1,16.54,16.9552,2021-08-13,0,0.5749,1,16.54,15.84,2021-08-18,1,-1.0173,1,16.54,15.84,2021-08-18,1,-1.0173
prebreak,600585,2021-08-06,S,S,A,C,S,S,A,30.8115,31.04,29.46,1.58,,1,31.04,32.2701,2021-08-13,0,0.7631,1,31.04,33.0543,2021-08-20,0,1.2591,1,31.04,29.46,2021-08-30,1,-1.0143
prebreak,605222,2021-08-09,S,S,A,C,S,S,A,20.8466,20.73,19.78,0.95,,0,0.0,0.0,,0,0.0,0,0.0,0.0,,0,0.0,0,0.0,0.0,,0,0.0
prebreak,300348,2021-08-13,S,S,A,C,S,S,A,16.9552,16.54,15.84,0.7,,0,0.0,0.0,,0,0.0,0,0.0,0.0,,0,0.0,0,0.0,0.0,,0,0.0
prebreak,000021,2021-08-19,S,S,A,C,S,S,A,16.2062,16.6,15.93,0.67,,0,0.0,0.0,,0,0.0,0,0.0,0.0,,0,0.0,0,0.0,0.0,,0,0.0
prebreak,000555,2021-08-20,S,S,A,C,S,S,A,12.8254,13.25,12.64,0.61,,0,0.0,0.0,,0,0.0,0,0.0,0.0,,0,0.0,0,0.0,0.0,,0,0.0
prebreak,000021,2021-08-26,S,S,A,C,S,S,A,15.9291,16.65,15.82,0.83,,0,0.0,0.0,,0,0.0,0,0.0,0.0,,0,0.0,0,0.0,0.0,,0,0.0
prebreak,600371,2021-08-31,S,S,A,C,S,S,A,10.1763,10.94,10.43,0.51,,0,0.0,0.0,,0,0.0,1,10.94,10.43,2021-09-10,1,-1.0157,1,10.94,10.43,2021-09-10,1,-1.0157
prebreak,002281,2021-09-01,S,S,A,C,S,S,A,23.0463,27.16,25.76,1.4,,0,0.0,0.0,,0,0.0,0,0.0,0.0,,0,0.0,0,0.0,0.0,,0,0.0
prebreak,600547,2021-09-01,S,S,A,C,S,S,A,17.6889,17.78,17.01,0.77,,0,0.0,0.0,,0,0.0,0,0.0,0.0,,0,0.0,0,0.0,0.0,,0,0.0
prebreak,000581,2021-09-02,S,S,A,C,S,S,A,17.9655,17.78,16.99,0.79,,0,0.0,0.0,,0,0.0,0,0.0,0.0,,0,0.0,0,0.0,0.0,,0,0.0
prebreak,600036,2021-09-06,S,S,A,C,S,S,A,39.8775,40.4,38.47,1.93,,0,0.0,0.0,,0,0.0,0,0.0,0.0,,0,0.0,0,0.0,0.0,,0,0.0
prebreak,603109,2021-09-06,S,S,A,C,S,S,A,16.3932,15.57,14.8,0.77,,0,0.0,0.0,,0,0.0,0,0.0,0.0,,0,0.0,0,0.0,0.0,,0,0.0
prebreak,688550,2021-09-09,S,S,A,C,S,S,A,37.5117,32.28,30.7,1.58,,1,32.28,37.183,2021-09-14,0,3.0857,1,32.28,37.183,2021-09-14,0,3.0857,1,32.28,37.183,2021-09-14,0,3.0857
prebreak,600990,2021-09-10,S,S,A,C,S,S,A,23.7571,24.24,23.29,0.95,,0,0.0,0.0,,0,0.0,0,0.0,0.0,,0,0.0,1,24.24,23.29,2021-10-12,1,-1.0188
prebreak,000777,2021-09-13,S,S,A,C,S,S,A,12.6754,11.04,10.49,0.55,,1,11.04,13.2386,2021-09-22,0,3.9796,1,11.04,12.8568,2021-09-29,0,3.2859,1,11.04,11.1387,2021-10-20,0,0.1641
prebreak,300174,2021-09-13,S,S,A,C,S,S,A,16.0743,16.59,15.96,0.63,,0,0.0,0.0,,0,0.0,0,0.0,0.0,,0,0.0,0,0.0,0.0,,0,0.0
prebreak,600036,2021-09-13,S,S,A,C,S,S,A,41.996,40.4,38.47,1.93,,0,0.0,0.0,,0,0.0,0,0.0,0.0,,0,0.0,0,0.0,0.0,,0,0.0
prebreak,002946,2021-09-17,S,S,A,C,S,S,A,13.2513,14.25,13.58,0.67,,1,14.25,14.2084,2021-09-28,0,-0.0781,1,14.25,15.1098,2021-10-12,0,1.2664,1,14.25,14.9519,2021-10-26,0,1.0307
prebreak,600835,2021-09-17,S,S,A,C,S,S,A,13.5012,14.47,13.94,0.53,,0,0.0,0.0,,0,0.0,0,0.0,0.0,,0,0.0,0,0.0,0.0,,0,0.0
prebreak,600990,2021-09-17,S,S,A,C,S,S,A,21.8149,24.15,22.99,1.16,,0,0.0,0.0,,0,0.0,1,24.15,22.99,2021-10-12,1,-1.0152,1,24.15,22.99,2021-10-12,1,-1.0152
prebreak,000777,2021-09-22,S,S,A,C,S,S,A,13.2386,11.16,10.58,0.58,,1,11.16,12.8568,2021-09-29,0,2.909,1,11.16,10.9765,2021-10-13,0,-0.3309,1,11.16,11.0146,2021-10-27,0,-0.2651
prebreak,002373,2021-09-22,S,S,A,C,S,S,A,14.9182,15.65,14.86,0.79,,0,0.0,0.0,,0,0.0,0,0.0,0.0,,0,0.0,0,0.0,0.0,,0,0.0
prebreak,601108,2021-09-22,S,S,A,C,S,S,A,9.6079,9.51,9.01,0.5,,0,0.0,0.0,,0,0.0,0,0.0,0.0,,0,0.0,0,0.0,0.0,,0,0.0
prebreak,605222,2021-09-22,S,S,A,C,S,S,A,22.181,22.24,21.09,1.15,,0,0.0,0.0,,0,0.0,0,0.0,0.0,,0,0.0,0,0.0,0.0,,0,0.0
prebreak,000553,2021-09-28,S,S,A,C,S,S,A,9.9021,9.81,9.31,0.5,,0,0.0,0.0,,0,0.0,0,0.0,0.0,,0,0.0,0,0.0,0.0,,0,0.0
prebreak,600835,2021-09-28,S,S,A,C,S,S,A,13.3422,13.85,13.13,0.72,,0,0.0,0.0,,0,0.0,0,0.0,0.0,,0,0.0,0,0.0,0.0,,0,0.0
prebreak,600990,2021-09-28,S,S,A,C,S,S,A,23.3417,24.15,22.99,1.16,,1,24.15,22.99,2021-10-12,1,-1.0152,1,24.15,22.99,2021-10-12,1,-1.0152,1,24.15,22.99,2021-10-12,1,-1.0152
prebreak,000997,2021-09-30,S,S,A,C,S,S,A,14.0529,15.72,14.96,0.76,,0,0.0,0.0,,0,0.0,0,0.0,0.0,,0,0.0,0,0.0,0.0,,0,0.0
prebreak,600562,2021-10-08,S,S,A,C,S,S,A,13.2296,13.46,12.78,0.68,,0,0.0,0.0,,0,0.0,0,0.0,0.0,,0,0.0,0,0.0,0.0,,0,0.0
prebreak,002262,2021-10-11,S,S,A,C,S,S,A,14.1284,13.27,12.71,0.56,,0,0.0,0.0,,0,0.0,0,0.0,0.0,,0,0.0,0,0.0,0.0,,0,0.0
prebreak,600566,2021-10-11,S,S,A,C,S,S,A,13.5082,13.63,12.97,0.66,,0,0.0,0.0,,0,0.0,0,0.0,0.0,,0,0.0,0,0.0,0.0,,0,0.0
prebreak,600036,2021-10-13,S,S,A,C,S,S,A,41.3028,39.44,37.39,2.05,,0,0.0,0.0,,0,0.0,0,0.0,0.0,,0,0.0,0,0.0,0.0,,0,0.0
prebreak,000997,2021-10-14,S,S,A,C,S,S,A,13.7146,14.47,13.88,0.59,,0,0.0,0.0,,0,0.0,0,0.0,0.0,,0,0.0,0,0.0,0.0,,0,0.0
prebreak,600332,2021-10-18,S,S,A,C,S,S,A,26.1753,27.07,26.05,1.02,,0,0.0,0.0,,0,0.0,0,0.0,0.0,,0,0.0,0,0.0,0.0,,0,0.0
prebreak,600566,2021-10-18,S,S,A,C,S,S,A,13.3744,13.63,12.97,0.66,,0,0.0,0.0,,0,0.0,1,13.63,13.949,2021-11-01,0,0.4673,1,13.63,16.4129,2021-11-15,0,4.1982
prebreak,601200,2021-10-18,S,S,A,C,S,S,A,9.3906,9.75,9.25,0.5,,0,0.0,0.0,,0,0.0,0,0.0,0.0,,0,0.0,0,0.0,0.0,,0,0.0
prebreak,600184,2021-10-19,S,S,A,C,S,S,A,11.2329,11.96,11.37,0.59,,0,0.0,0.0,,0,0.0,0,0.0,0.0,,0,0.0,1,11.96,11.8433,2021-11-11,0,-0.2131
prebreak,600345,2021-10-19,S,S,A,C,S,S,A,16.683,17.39,16.54,0.85,,0,0.0,0.0,,0,0.0,0,0.0,0.0,,0,0.0,0,0.0,0.0,,0,0.0
prebreak,600900,2021-10-19,S,S,A,C,S,S,A,18.0342,18.15,17.32,0.83,,0,0.0,0.0,,0,0.0,0,0.0,0.0,,0,0.0,0,0.0,0.0,,0,0.0
prebreak,600990,2021-10-19,S,S,A,C,S,S,A,26.6704,24.15,22.99,1.16,,1,24.15,25.4244,2021-10-22,0,1.0821,1,24.15,25.4244,2021-10-22,0,1.0821,1,24.15,25.4244,2021-10-22,0,1.0821
prebreak,600036,2021-10-20,S,S,A,C,S,S,A,40.8121,41.86,40.07,1.79,,0,0.0,0.0,,0,0.0,0,0.0,0.0,,0,0.0,0,0.0,0.0,,0,0.0
prebreak,000997,2021-10-21,S,S,A,C,S,S,A,13.9706,14.21,13.57,0.64,,0,0.0,0.0,,0,0.0,0,0.0,0.0,,0,0.0,0,0.0,0.0,,0,0.0
prebreak,000977,2021-10-22,S,S,A,C,S,S,A,30.0198,30.35,29.04,1.31,,1,30.35,30.6007,2021-10-29,0,0.1736,1,30.35,31.3194,2021-11-05,0,0.7219,1,30.35,31.6148,2021-11-19,0,0.9473
prebreak,600566,2021-10-25,S,S,A,C,S,S,A,12.5478,13.63,12.97,0.66,,1,13.63,13.949,2021-11-01,0,0.4673,1,13.63,14.0356,2021-11-08,0,0.5985,1,13.63,14.7913,2021-11-22,0,1.7427
prebreak,002755,2021-10-26,S,S,A,C,S,S,A,13.2478,12.22,11.66,0.56,,0,0.0,0.0,,0,0.0,0,0.0,0.0,,0,0.0,0,0.0,0.0,,0,0.0
prebreak,600184,2021-10-26,S,S,A,C,S,S,A,11.3905,11.55,10.96,0.59,,1,11.55,10.96,2021-10-28,1,-1.0142,1,11.55,10.96,2021-10-28,1,-1.0142,1,11.55,10.96,2021-10-28,1,-1.0142
prebreak,603108,2021-10-26,S,S,A,C,S,S,A,10.7017,10.96,10.43,0.53,,0,0.0,0.0,,0,0.0,0,0.0,0.0,,0,0.0,1,10.96,12.6635,2021-11-23,0,3.1964
prebreak,000026,2021-10-29,S,S,A,C,S,S,A,9.5084,10.59,10.07,0.52,,0,0.0,0.0,,0,0.0,0,0.0,0.0,,0,0.0,1,10.59,10.4249,2021-11-26,0,-0.3328
prebreak,000977,2021-10-29,S,S,A,C,S,S,A,30.6007,30.96,29.36,1.6,,1,30.96,31.3194,2021-11-05,0,0.2098,1,30.96,30.837,2021-11-12,0,-0.0915,1,30.96,32.1859,2021-11-26,0,0.751
prebreak,600566,2021-11-01,S,S,A,C,S,S,A,13.949,12.81,12.18,0.63,,1,12.81,14.0356,2021-11-08,0,1.9287,1,12.81,16.4129,2021-11-15,0,5.6998,1,12.81,14.2796,2021-11-29,0,2.3158
prebreak,002142,2021-11-03,S,S,A,C,S,S,A,32.0291,32.84,31.13,1.71,,0,0.0,0.0,,0,0.0,0,0.0,0.0,,0,0.0,0,0.0,0.0,,0,0.0
prebreak,002695,2021-11-03,S,S,A,C,S,S,A,13.677,13.56,13.05,0.51,,1,13.56,13.8771,2021-11-08,0,0.6013,1,13.56,13.8771,2021-11-08,0,0.6013,1,13.56,13.8771,2021-11-08,0,0.6013
prebreak,600036,2021-11-03,S,S,A,C,S,S,A,40.2669,42.14,40.07,2.07,,0,0.0,0.0,,0,0.0,0,0.0,0.0,,0,0.0,0,0.0,0.0,,0,0.0
prebreak,605222,2021-11-03,S,S,A,C,S,S,A,22.0069,21.07,19.98,1.09,,1,21.07,24.4049,2021-11-10,0,3.0429,1,21.07,27.6344,2021-11-17,0,6.0039,1,21.07,26.8609,2021-12-01,0,5.2947
prebreak,000333,2021-11-04,S,S,A,C,S,S,A,56.2737,57.58,54.8,2.78,,0,0.0,0.0,,0,0.0,0,0.0,0.0,,0,0.0,0,0.0,0.0,,0,0.0
prebreak,000977,2021-11-05,S,S,A,C,S,S,A,31.3194,30.96,29.36,1.6,,0,0.0,0.0,,0,0.0,0,0.0,0.0,,0,0.0,0,0.0,0.0,,0,0.0
prebreak,600104,2021-11-05,S,S,A,C,S,S,A,20.1135,18.45,17.54,0.91,,1,18.45,18.9543,2021-11-10,0,0.5384,1,18.45,18.9543,2021-11-10,0,0.5384,1,18.45,18.9543,2021-11-10,0,0.5384
prebreak,600566,2021-11-08,S,S,A,C,S,S,A,14.0356,12.81,12.18,0.63,,0,0.0,0.0,,0,0.0,0,0.0,0.0,,0,0.0,0,0.0,0.0,,0,0.0
prebreak,000555,2021-11-09,S,S,A,C,S,S,A,11.3795,11.44,10.91,0.53,,0,0.0,0.0,,0,0.0,0,0.0,0.0,,0,0.0,0,0.0,0.0,,0,0.0
prebreak,000333,2021-11-11,S,S,A,C,S,S,A,57.3241,57.25,54.29,2.96,,0,0.0,0.0,,0,0.0,0,0.0,0.0,,0,0.0,0,0.0,0.0,,0,0.0
prebreak,600511,2021-11-11,S,S,A,C,S,S,A,27.1297,27.32,26.16,1.16,,1,27.32,27.1561,2021-11-18,0,-0.1591,1,27.32,27.0945,2021-11-25,0,-0.2121,1,27.32,26.7515,2021-12-09,0,-0.5077
prebreak,002262,2021-11-15,S,S,A,C,S,S,A,14.5656,13.99,13.32,0.67,,0,0.0,0.0,,0,0.0,0,0.0,0.0,,0,0.0,0,0.0,0.0,,0,0.0
prebreak,300168,2021-11-15,S,S,A,C,S,S,A,11.62,11.62,11.09,0.53,,0,0.0,0.0,,0,0.0,0,0.0,0.0,,0,0.0,0,0.0,0.0,,0,0.0
prebreak,000002,2021-11-19,S,S,A,C,S,S,A,17.8022,16.49,15.64,0.85,,0,0.0,0.0,,0,0.0,0,0.0,0.0,,0,0.0,0,0.0,0.0,,0,0.0
prebreak,000581,2021-11-22,S,S,A,C,S,S,A,17.2225,15.39,14.85,0.54,,0,0.0,0.0,,0,0.0,0,0.0,0.0,,0,0.0,0,0.0,0.0,,0,0.0
prebreak,300168,2021-11-22,S,S,A,C,S,S,A,11.95,11.79,11.29,0.5,,0,0.0,0.0,,0,0.0,0,0.0,0.0,,0,0.0,0,0.0,0.0,,0,0.0
prebreak,603568,2021-11-22,S,S,A,C,S,S,A,17.3631,17.63,16.74,0.89,,1,17.63,21.2749,2021-11-29,0,4.0777,1,17.63,19.8072,2021-12-06,0,2.4297,1,17.63,22.3815,2021-12-20,0,5.3204
prebreak,000977,2021-11-26,S,S,A,C,S,S,A,32.1859,31.41,29.97,1.44,,0,0.0,0.0,,0,0.0,0,0.0,0.0,,0,0.0,0,0.0,0.0,,0,0.0
prebreak,300168,2021-11-29,S,S,A,C,S,S,A,11.52,11.79,11.29,0.5,,1,11.79,11.88,2021-12-06,0,0.162,1,11.79,12.14,2021-12-13,0,0.6816,1,11.79,12.7,2021-12-27,0,1.8009
prebreak,600598,2021-11-29,S,S,A,C,S,S,A,11.9982,12.35,11.81,0.54,,0,0.0,0.0,,0,0.0,0,0.0,0.0,,0,0.0,0,0.0,0.0,,0,0.0
prebreak,603896,2021-11-29,S,S,A,C,S,S,A,32.6814,32.77,31.21,1.56,,0,0.0,0.0,,0,0.0,0,0.0,0.0,,0,0.0,0,0.0,0.0,,0,0.0
prebreak,002698,2021-11-30,S,S,A,C,S,S,A,12.0897,11.71,11.17,0.54,,0,0.0,0.0,,0,0.0,0,0.0,0.0,,0,0.0,0,0.0,0.0,,0,0.0
prebreak,002739,2021-12-01,S,S,A,C,S,S,A,14.13,14.76,14.13,0.63,,0,0.0,0.0,,0,0.0,0,0.0,0.0,,0,0.0,0,0.0,0.0,,0,0.0
prebreak,002698,2021-12-07,S,S,A,C,S,S,A,11.341,12.31,11.73,0.58,,0,0.0,0.0,,0,0.0,0,0.0,0.0,,0,0.0,0,0.0,0.0,,0,0.0
prebreak,300383,2021-12-09,S,S,A,C,S,S,A,14.0863,14.32,13.77,0.55,,0,0.0,0.0,,0,0.0,0,0.0,0.0,,0,0.0,0,0.0,0.0,,0,0.0
prebreak,600967,2021-12-09,S,S,A,C,S,S,A,10.0301,9.56,9.06,0.5,,0,0.0,0.0,,0,0.0,0,0.0,0.0,,0,0.0,0,0.0,0.0,,0,0.0
prebreak,603139,2021-12-09,S,S,A,C,S,S,A,20.9221,20.15,19.14,1.01,,1,20.15,20.3642,2021-12-16,0,0.1968,1,20.15,20.5734,2021-12-23,0,0.4038,1,20.15,21.4701,2022-01-07,0,1.291
prebreak,000977,2021-12-10,S,S,A,C,S,S,A,34.0566,33.3,31.54,1.76,,0,0.0,0.0,,0,0.0,0,0.0,0.0,,0,0.0,0,0.0,0.0,,0,0.0
prebreak,600104,2021-12-10,S,S,A,C,S,S,A,19.3171,18.7,17.73,0.97,,0,0.0,0.0,,0,0.0,0,0.0,0.0,,0,0.0,0,0.0,0.0,,0,0.0
prebreak,002262,2021-12-13,S,S,A,C,S,S,A,13.8308,14.18,13.5,0.68,,0,0.0,0.0,,0,0.0,1,14.18,14.4633,2021-12-27,0,0.4005,1,14.18,14.8725,2022-01-11,0,1.002
prebreak,603568,2021-12-13,S,S,A,C,S,S,A,21.4997,17.63,16.74,0.89,,1,17.63,22.3815,2021-12-20,0,5.3204,1,17.63,21.3163,2021-12-27,0,4.1242,1,17.63,19.103,2022-01-11,0,1.639
prebreak,002415,2021-12-16,S,S,A,C,S,S,A,45.6746,42.63,41.03,1.6,,0,0.0,0.0,,0,0.0,0,0.0,0.0,,0,0.0,0,0.0,0.0,,0,0.0
prebreak,300383,2021-12-16,S,S,A,C,S,S,A,14.3906,14.5,13.77,0.73,,0,0.0,0.0,,0,0.0,0,0.0,0.0,,0,0.0,0,0.0,0.0,,0,0.0
prebreak,300868,2021-12-16,S,S,A,C,S,S,A,26.9433,25.98,24.62,1.36,,0,0.0,0.0,,0,0.0,0,0.0,0.0,,0,0.0,0,0.0,0.0,,0,0.0
prebreak,002595,2021-12-17,S,S,A,C,S,S,A,16.8439,18.22,17.33,0.89,,0,0.0,0.0,,0,0.0,0,0.0,0.0,,0,0.0,0,0.0,0.0,,0,0.0
prebreak,300285,2021-12-20,S,S,A,C,S,S,A,40.559,42.52,40.74,1.78,,0,0.0,0.0,,0,0.0,0,0.0,0.0,,0,0.0,0,0.0,0.0,,0,0.0
prebreak,002925,2021-12-22,S,S,A,C,S,S,A,28.2491,28.56,27.25,1.31,,0,0.0,0.0,,0,0.0,0,0.0,0.0,,0,0.0,0,0.0,0.0,,0,0.0
prebreak,600729,2021-12-22,S,S,A,C,S,S,A,19.016,17.3,16.47,0.83,,0,0.0,0.0,,0,0.0,0,0.0,0.0,,0,0.0,0,0.0,0.0,,0,0.0
prebreak,002415,2021-12-23,S,S,A,C,S,S,A,44.3278,46.11,44.02,2.09,,0,0.0,0.0,,0,0.0,0,0.0,0.0,,0,0.0,0,0.0,0.0,,0,0.0
prebreak,300383,2021-12-23,S,S,A,C,S,S,A,14.2238,14.5,13.77,0.73,,1,14.5,14.4201,2021-12-30,0,-0.1245,1,14.5,14.4201,2021-12-30,0,-0.1245,1,14.5,14.4201,2021-12-30,0,-0.1245
prebreak,300873,2021-12-23,S,S,A,C,S,S,A,20.7284,21.76,20.87,0.89,,0,0.0,0.0,,0,0.0,1,21.76,21.9947,2022-01-07,0,0.2449,1,21.76,20.87,2022-01-20,1,-1.018
prebreak,300838,2021-12-27,S,S,A,C,S,S,A,17.4093,16.92,16.15,0.77,,1,16.92,17.3811,2021-12-30,0,0.5818,1,16.92,17.3811,2021-12-30,0,0.5818,1,16.92,17.3811,2021-12-30,0,0.5818
prebreak,600446,2021-12-27,S,S,A,C,S,S,A,13.5706,14.11,13.49,0.62,,0,0.0,0.0,,0,0.0,0,0.0,0.0,,0,0.0,0,0.0,0.0,,0,0.0
prebreak,002925,2021-12-29,S,S,A,C,S,S,A,28.8966,28.68,27.25,1.43,,0,0.0,0.0,,0,0.0,0,0.0,0.0,,0,0.0,0,0.0,0.0,,0,0.0
prebreak,600729,2021-12-29,S,S,A,C,S,S,A,18.8263,19.75,18.82,0.93,,0,0.0,0.0,,0,0.0,0,0.0,0.0,,0,0.0,0,0.0,0.0,,0,0.0
prebreak,300383,2021-12-30,S,S,A,C,S,S,A,14.4201,14.46,13.76,0.7,,0,0.0,0.0,,0,0.0,0,0.0,0.0,,0,0.0,0,0.0,0.0,,0,0.0
prebreak,300873,2021-12-30,S,S,A,C,S,S,A,19.9021,21.76,20.87,0.89,,1,21.76,21.9947,2022-01-07,0,0.2449,1,21.76,21.7891,2022-01-14,0,0.0141,1,21.76,20.87,2022-01-20,1,-1.018
