code,date,grade,r,entry,cause
600207,2001-03-28,S,-3.14,16.86,slow_draw
600600,2009-12-10,S,-1.15,28.67,slow_draw
600875,2010-04-20,S,0.43,18.27,slow_draw
601628,2010-06-02,S,-1.22,18.83,fade_high
600054,2010-08-05,S,2.81,11.51,fade_high
601088,2010-09-08,S,3.52,9.39,fade_high
002028,2011-03-01,S,-0.65,12.18,slow_draw
600600,2011-04-14,S,0.6,26.21,slow_draw
601601,2011-09-20,S,-1.57,13.18,slow_draw
601601,2011-09-27,S,-2.18,13.18,slow_draw
600009,2011-10-11,S,1.35,10.11,slow_draw
601001,2011-10-26,S,-2.24,12.51,slow_draw
600779,2011-11-17,S,-2.45,19.51,slow_draw
000858,2011-11-21,S,-2.37,25.19,slow_draw
601601,2011-11-29,S,-0.58,12.21,fade_high
600508,2012-03-30,S,-0.92,11.88,slow_draw
000538,2012-04-05,S,-0.26,18.17,slow_draw
601001,2012-04-19,S,-0.86,10.54,slow_draw
002299,2012-04-20,S,0.48,11.2,slow_draw
600508,2012-04-26,S,0.15,11.24,slow_draw
600875,2012-04-26,S,-0.23,18.5,slow_draw
000858,2012-05-03,S,-0.75,23.67,slow_draw
600875,2012-05-14,S,-2.83,18.67,slow_draw
000538,2012-05-22,S,2.74,18.37,slow_draw
600875,2012-05-22,S,-2.82,18.29,slow_draw
601318,2012-05-31,S,1.21,13.78,fade_high
601628,2012-06-11,S,2.25,13.62,fade_high
000422,2012-09-03,S,-0.84,11.82,slow_draw
601888,2012-09-03,S,-0.93,12.57,slow_draw
000538,2012-09-05,S,1.19,20.67,slow_draw
600547,2012-09-14,S,1.97,17.05,slow_draw
601888,2012-09-24,S,-2.05,12.87,limit_down
000568,2012-10-18,S,-2.51,26.08,slow_draw
600141,2012-12-06,S,1.53,10.83,slow_draw
002353,2012-12-18,S,5.59,21.65,slow_draw
600547,2012-12-21,S,-0.28,17.97,slow_draw
002393,2013-05-10,S,-1.17,17.36,slow_draw
002393,2013-05-17,S,-1.14,17.36,slow_draw
601808,2013-07-10,S,2.88,13.36,fade_high
002393,2013-11-01,S,1.76,17.83,jump_gap
601336,2013-12-03,S,-1.43,18.06,slow_draw
600062,2014-02-14,S,-0.87,11.73,slow_draw
000568,2014-02-19,S,-0.46,13.31,fade_high
601336,2014-02-19,S,-3.39,16.76,slow_draw
002275,2014-03-21,S,1.13,9.9,fade_high
600309,2014-03-21,S,-1.44,10.72,slow_draw
600600,2014-05-16,S,-0.46,33.29,slow_draw
000917,2014-06-03,S,0.79,14.22,slow_draw
000917,2014-06-10,S,2.52,14.45,slow_draw
000917,2014-06-24,S,1.34,14.74,slow_draw
600332,2014-07-14,S,1.13,20.39,slow_draw
600535,2014-07-25,S,-0.3,22.03,slow_draw
600138,2014-09-02,S,2.33,13.76,fade_high
600058,2014-09-18,S,2.57,12.28,slow_draw
600315,2014-09-18,S,-0.2,32.41,slow_draw
601888,2014-09-26,S,-1.31,17.41,slow_draw
000969,2014-10-08,S,-1.07,10.0,slow_draw
600594,2014-10-14,S,-2.58,16.58,slow_draw
002051,2014-10-24,S,7.61,11.35,slow_draw
600648,2014-10-24,S,4.55,21.44,slow_draw
600486,2014-10-29,S,3.52,13.36,slow_draw
002051,2014-10-31,S,7.98,11.04,fade_high
000538,2014-11-04,S,1.96,29.03,slow_draw
000917,2014-11-05,S,-1.0,18.1,fade_high
002428,2014-11-05,S,1.23,14.06,slow_draw
600654,2014-11-05,S,0.27,10.5,fade_high
600292,2014-11-06,S,0.83,15.94,slow_draw
600436,2014-11-06,S,-0.01,22.17,fade_high
000701,2014-11-12,S,0.56,12.33,slow_draw
000917,2014-11-12,S,-0.88,17.81,fade_high
002428,2014-11-12,S,2.03,13.72,slow_draw
300070,2014-11-12,S,5.11,11.16,slow_draw
600706,2014-11-12,S,3.62,11.62,slow_draw
600111,2014-11-13,S,4.52,13.99,slow_draw
600436,2014-11-13,S,-0.01,22.17,fade_high
600309,2014-11-14,S,3.45,11.74,slow_draw
600597,2014-11-14,S,1.3,13.76,slow_draw
600648,2014-11-14,S,3.35,22.06,slow_draw
000049,2014-11-17,S,-4.18,20.42,slow_draw
600729,2014-11-17,S,1.45,13.07,slow_draw
000826,2014-11-21,S,3.3,17.04,slow_draw
601601,2014-11-21,S,9.1,13.52,limit_down
600535,2014-11-24,S,-0.53,23.19,slow_draw
300257,2014-11-25,S,1.54,16.36,slow_draw
002428,2014-11-26,S,0.62,14.08,slow_draw
600805,2014-11-26,S,0.95,10.56,slow_draw
600292,2014-11-27,S,0.76,15.94,slow_draw
601601,2014-11-28,S,15.55,13.52,limit_down
002106,2014-12-01,S,-1.22,11.76,slow_draw
000869,2014-12-02,S,3.42,25.16,slow_draw
002304,2014-12-03,S,8.51,31.24,slow_draw
600805,2014-12-03,S,0.71,10.89,slow_draw
600831,2014-12-03,S,-1.07,9.59,limit_down
002106,2014-12-08,S,-0.97,11.76,slow_draw
600329,2014-12-08,S,-0.38,11.54,slow_draw
000701,2014-12-10,S,-2.26,12.67,fade_high
002653,2014-12-16,S,1.09,17.4,slow_draw
002038,2015-01-05,S,0.66,16.01,slow_draw
000929,2015-01-07,S,1.19,10.67,slow_draw
002186,2015-01-07,S,0.83,18.36,slow_draw
000929,2015-01-14,S,2.01,10.67,fade_high
600138,2015-01-16,S,1.34,15.83,slow_draw
000049,2015-01-21,S,2.98,18.12,slow_draw
600097,2015-01-26,S,1.72,12.05,slow_draw
002008,2015-01-27,S,0.63,16.34,slow_draw
002422,2015-01-27,S,4.77,12.31,slow_draw
000553,2015-01-29,S,0.85,14.06,slow_draw
600983,2015-02-03,S,2.03,10.73,slow_draw
000423,2015-02-09,S,1.82,29.52,slow_draw
002038,2015-02-09,S,6.73,16.81,slow_draw
000919,2015-02-10,S,4.13,11.99,slow_draw
600847,2015-02-10,S,5.94,16.2,fade_high
600983,2015-02-10,S,2.03,10.73,slow_draw
000513,2015-02-11,S,3.14,12.72,slow_draw
000917,2015-02-13,S,6.13,17.09,fade_high
000963,2015-02-13,S,3.11,12.93,slow_draw
600062,2015-02-13,S,5.79,12.79,slow_draw
600557,2015-02-13,S,2.47,19.5,slow_draw
000919,2015-02-17,S,4.13,11.99,slow_draw
000028,2015-02-26,S,4.65,30.5,slow_draw
000999,2015-02-26,S,2.18,11.77,slow_draw
600054,2015-02-26,S,3.19,9.97,slow_draw
000963,2015-02-27,S,3.76,12.57,slow_draw
600557,2015-02-27,S,2.89,19.25,slow_draw
600315,2015-03-09,S,3.32,34.33,fade_high
002186,2015-03-11,S,5.45,19.47,slow_draw
002140,2015-03-12,S,2.76,14.86,slow_draw
000963,2015-03-13,S,4.45,13.02,fade_high
000869,2015-03-19,S,5.52,29.83,slow_draw
002566,2015-03-20,S,3.26,13.95,slow_draw
600859,2015-03-23,S,5.6,14.39,slow_draw
000869,2015-03-26,S,7.14,30.83,slow_draw
000823,2015-03-30,S,3.47,11.18,slow_draw
002041,2015-03-31,S,5.81,13.5,fade_high
000538,2015-04-02,S,-0.28,36.45,slow_draw
600535,2015-04-30,S,0.07,28.51,slow_draw
000553,2015-05-04,S,5.4,15.98,fade_high
000553,2015-05-25,S,5.79,14.78,slow_draw
601877,2016-08-29,S,1.95,17.02,slow_draw
600566,2016-09-28,S,2.12,20.29,fade_high
002649,2016-10-14,S,0.63,11.96,slow_draw
000423,2016-10-26,S,-1.68,46.57,fade_high
000423,2016-11-16,S,-2.19,46.25,fade_high
600830,2016-12-09,S,0.08,11.52,slow_draw
600156,2016-12-13,S,-1.01,11.92,slow_draw
600501,2016-12-14,S,1.92,18.93,fade_high
603099,2016-12-15,S,-3.58,20.8,slow_draw
002321,2016-12-16,S,-2.66,10.77,fade_high
600615,2016-12-21,S,-1.53,17.44,slow_draw
002598,2016-12-27,S,-1.94,12.24,slow_draw
600774,2016-12-27,S,-0.27,16.12,slow_draw
600501,2016-12-28,S,2.86,18.59,fade_high
600703,2016-12-30,S,2.71,11.85,slow_draw
002179,2017-01-04,S,1.93,10.92,slow_draw
600501,2017-01-05,S,2.08,18.59,slow_draw
002008,2017-01-09,S,2.37,21.3,slow_draw
002453,2017-02-03,S,-0.62,10.9,fade_high
000400,2017-02-08,S,-1.11,16.98,slow_draw
300084,2017-02-09,S,0.73,12.27,slow_draw
002188,2017-02-10,S,-1.5,28.86,slow_draw
002462,2017-02-21,S,0.76,32.78,slow_draw
600526,2017-02-21,S,-1.28,12.54,slow_draw
601238,2017-02-24,S,0.78,15.47,slow_draw
000400,2017-03-01,S,-1.27,16.83,slow_draw
000400,2017-03-08,S,-0.94,16.68,slow_draw
002009,2017-03-13,S,-3.75,14.65,slow_draw
600129,2017-03-13,S,-2.54,17.81,slow_draw
002023,2017-03-14,S,-5.45,14.45,slow_draw
000400,2017-03-15,S,-0.53,16.4,slow_draw
002023,2017-03-21,S,-4.17,14.0,slow_draw
603989,2017-03-22,S,-0.41,24.73,slow_draw
002700,2017-03-27,S,-2.0,12.75,fade_high
002373,2017-03-31,S,1.28,13.87,fade_high
002581,2017-03-31,S,-2.46,25.52,slow_draw
002573,2017-04-05,S,3.09,17.33,slow_draw
600967,2017-04-06,S,-3.1,13.06,limit_down
600150,2017-04-07,S,-3.56,27.59,slow_draw
603989,2017-04-07,S,-0.7,25.45,slow_draw
603968,2017-04-19,S,-1.35,19.19,slow_draw
002275,2017-04-20,S,-2.11,13.7,slow_draw
002048,2017-04-25,S,-2.96,16.83,slow_draw
002424,2017-04-25,S,0.36,16.56,fade_high
000988,2017-04-27,S,-1.92,14.48,slow_draw
600600,2017-04-27,S,0.71,28.11,fade_high
600756,2017-04-27,S,1.35,20.14,jump_gap
600706,2017-04-28,S,0.39,16.21,slow_draw
002268,2017-05-02,S,-3.83,19.55,jump_gap
300001,2017-05-02,S,-0.67,16.52,limit_down
600292,2017-05-04,S,-1.62,11.86,limit_down
600897,2017-05-04,S,0.86,13.48,slow_draw
000669,2017-05-09,S,-1.0,11.93,slow_draw
002643,2017-05-09,S,-0.34,12.88,slow_draw
600292,2017-05-11,S,-1.64,11.86,limit_down
600004,2017-05-12,S,0.78,10.41,slow_draw
000669,2017-05-16,S,-1.0,11.93,slow_draw
002643,2017-05-16,S,-0.87,12.88,slow_draw
600566,2017-05-16,S,2.05,22.73,slow_draw
002223,2017-05-17,S,0.31,19.85,fade_high
002232,2017-05-17,S,0.19,12.1,slow_draw
603369,2017-05-19,S,0.07,10.89,slow_draw
002232,2017-05-24,S,-0.36,12.1,slow_draw
002142,2017-05-25,S,1.16,10.49,slow_draw
002019,2017-05-31,S,2.15,13.78,slow_draw
600332,2017-06-05,S,-0.1,23.37,slow_draw
002597,2017-06-08,S,1.88,16.19,slow_draw
600498,2017-06-08,S,1.96,20.63,slow_draw
603589,2017-06-09,S,0.92,28.17,slow_draw
000998,2017-06-13,S,0.6,21.14,slow_draw
600335,2017-06-13,S,-2.52,10.61,slow_draw
000581,2017-06-15,S,2.82,14.34,slow_draw
600729,2017-06-15,S,0.65,15.99,slow_draw
600420,2017-06-16,S,-1.63,14.16,slow_draw
002142,2017-06-19,S,3.35,10.79,slow_draw
600085,2017-06-19,S,-0.85,29.67,fade_high
002583,2017-06-20,S,1.99,15.14,slow_draw
000400,2017-06-21,S,0.1,15.79,slow_draw
600315,2017-06-21,S,1.7,27.18,slow_draw
600056,2017-06-23,S,-1.01,15.61,slow_draw
000756,2017-06-26,S,-0.08,9.93,slow_draw
000998,2017-06-27,S,1.0,20.86,slow_draw
002583,2017-07-04,S,0.67,15.4,slow_draw
002142,2017-07-10,S,2.01,10.74,slow_draw
601969,2017-07-19,S,0.71,10.43,slow_draw
300463,2017-07-21,S,-0.61,23.65,slow_draw
000999,2017-07-25,S,-1.0,14.27,slow_draw
000513,2017-07-26,S,-0.68,22.03,slow_draw
000792,2017-07-27,S,0.9,10.75,slow_draw
300050,2017-07-31,S,0.03,10.36,slow_draw
600872,2017-07-31,S,3.47,16.7,slow_draw
300476,2017-08-03,S,1.76,12.4,slow_draw
603188,2017-08-03,S,0.42,18.66,slow_draw
002048,2017-08-04,S,3.42,15.02,slow_draw
600990,2017-08-04,S,-1.23,34.65,slow_draw
002038,2017-08-08,S,1.44,16.26,fade_high
300003,2017-08-08,S,1.12,19.49,slow_draw
603919,2017-08-08,S,0.88,13.05,slow_draw
000400,2017-08-09,S,-1.48,16.25,slow_draw
600315,2017-08-09,S,-0.23,29.28,slow_draw
000860,2017-08-14,S,-0.8,15.49,slow_draw
600315,2017-08-16,S,0.13,28.85,slow_draw
002326,2017-08-17,S,0.28,12.46,slow_draw
000756,2017-08-21,S,0.21,10.68,slow_draw
002311,2017-08-21,S,-0.16,16.94,slow_draw
002673,2017-08-23,S,1.15,13.55,slow_draw
300054,2017-08-25,S,-1.79,10.42,slow_draw
601688,2017-08-28,S,2.66,16.3,slow_draw
603288,2017-08-28,S,3.28,18.08,slow_draw
000701,2017-08-29,S,-2.41,13.92,slow_draw
600668,2017-08-29,S,-2.05,13.53,slow_draw
002491,2017-08-31,S,1.83,12.94,slow_draw
002410,2017-09-01,S,1.99,12.13,slow_draw
300307,2017-09-01,S,-0.71,10.13,slow_draw
600584,2017-09-01,S,3.66,15.22,slow_draw
002311,2017-09-04,S,-0.5,17.17,slow_draw
002126,2017-09-07,S,-1.01,10.04,slow_draw
300001,2017-09-07,S,0.39,16.0,fade_high
600062,2017-09-08,S,-0.16,14.99,slow_draw
000963,2017-09-11,S,2.11,23.76,slow_draw
300050,2017-09-11,S,-2.07,11.06,fade_high
000869,2017-09-12,S,2.01,31.6,fade_high
002117,2017-09-13,S,0.05,11.26,slow_draw
600062,2017-09-15,S,0.58,14.72,slow_draw
002311,2017-09-18,S,2.86,17.65,slow_draw
300347,2017-09-18,S,3.79,17.34,slow_draw
300335,2017-09-22,S,2.55,16.54,slow_draw
000988,2017-09-26,S,1.35,16.91,slow_draw
000938,2017-09-29,S,1.99,21.01,slow_draw
600486,2017-09-29,S,4.4,27.48,fade_high
002179,2017-10-11,S,0.96,13.84,slow_draw
600161,2017-10-11,S,-2.4,11.99,limit_down
000988,2017-10-17,S,-1.41,17.64,slow_draw
300207,2017-10-17,S,-3.06,11.85,slow_draw
600754,2017-10-20,S,-2.17,28.36,slow_draw
601877,2017-10-20,S,7.39,16.9,fade_high
600132,2017-10-23,S,-2.74,17.13,slow_draw
002589,2017-10-25,S,-3.48,14.32,fade_high
600699,2017-10-26,S,-0.95,25.88,slow_draw
000988,2017-10-31,S,-0.66,17.05,slow_draw
000988,2017-11-07,S,-1.93,18.1,slow_draw
002035,2017-11-07,S,-1.1,15.73,slow_draw
300146,2017-11-07,S,0.37,10.62,slow_draw
002597,2017-11-09,S,1.24,18.77,slow_draw
002626,2017-11-10,S,5.68,12.47,fade_high
300463,2017-11-10,S,-1.95,24.28,slow_draw
600585,2017-11-10,S,3.16,17.36,fade_high
600597,2017-11-10,S,-0.66,13.08,slow_draw
600754,2017-11-10,S,-0.05,26.62,slow_draw
603313,2017-11-16,S,-1.0,16.84,slow_draw
002311,2017-11-20,S,2.64,17.96,slow_draw
002321,2017-11-20,S,-1.75,13.18,fade_high
300183,2017-11-21,S,-0.21,18.57,slow_draw
600323,2017-11-24,S,-2.03,13.35,slow_draw
603900,2017-11-30,S,0.98,22.44,slow_draw
603883,2017-12-06,S,2.4,21.64,slow_draw
300270,2017-12-08,S,0.56,12.16,slow_draw
300024,2017-12-11,S,-1.12,19.22,slow_draw
300055,2017-12-11,S,-0.63,20.13,slow_draw
600435,2017-12-11,S,-0.78,12.43,slow_draw
600521,2017-12-14,S,2.54,17.31,slow_draw
600062,2017-12-15,S,-0.28,16.41,fade_high
002311,2017-12-18,S,-0.33,19.87,fade_high
002410,2017-12-22,S,-1.03,13.4,slow_draw
300463,2017-12-22,S,-1.74,22.25,slow_draw
300349,2017-12-26,S,4.42,15.16,slow_draw
600875,2017-12-27,S,0.25,9.51,slow_draw
002614,2017-12-28,S,0.82,15.39,fade_high
600436,2017-12-29,S,2.61,60.77,slow_draw
002617,2018-01-02,S,-0.79,11.0,slow_draw
002508,2018-01-03,S,-0.48,38.43,slow_draw
002672,2018-01-03,S,-2.0,15.88,slow_draw
300357,2018-01-04,S,-0.28,14.69,slow_draw
002262,2018-01-05,S,-1.16,13.29,slow_draw
600062,2018-01-08,S,-1.96,16.7,slow_draw
600436,2018-01-08,S,1.38,60.77,slow_draw
000042,2018-01-09,S,-2.18,16.05,slow_draw
002617,2018-01-09,S,-0.82,10.99,slow_draw
300357,2018-01-11,S,-0.32,14.69,slow_draw
002262,2018-01-12,S,-3.42,14.17,slow_draw
601198,2018-01-19,S,-2.06,13.25,slow_draw
000711,2018-01-22,S,0.42,10.63,slow_draw
002032,2018-01-22,S,1.19,28.97,slow_draw
002727,2018-01-22,S,4.69,17.89,slow_draw
600009,2018-01-22,S,2.92,41.78,slow_draw
603108,2018-01-23,S,-0.11,12.49,fade_high
603393,2018-01-25,S,-3.1,13.43,jump_gap
002695,2018-01-30,S,-2.68,16.07,slow_draw
603108,2018-01-30,S,2.32,12.49,slow_draw
002136,2018-02-08,S,1.43,13.5,slow_draw
002727,2018-02-12,S,5.73,19.03,slow_draw
002491,2018-02-23,S,2.67,12.13,slow_draw
002737,2018-02-27,S,5.85,11.0,slow_draw
600597,2018-03-05,S,-1.34,12.1,slow_draw
600118,2018-03-06,S,1.87,21.48,slow_draw
000553,2018-03-19,S,1.59,14.49,slow_draw
300463,2018-03-19,S,0.57,21.37,slow_draw
600729,2018-03-19,S,6.98,16.27,slow_draw
002223,2018-03-26,S,-3.7,20.17,limit_down
002602,2018-03-26,S,0.42,10.9,slow_draw
600062,2018-03-26,S,0.17,16.52,slow_draw
002242,2018-03-27,S,-0.95,13.16,slow_draw
300024,2018-03-27,S,-0.06,19.57,slow_draw
000999,2018-04-04,S,1.95,13.51,slow_draw
600482,2018-04-04,S,-0.53,23.67,slow_draw
300439,2018-04-09,S,7.12,17.93,fade_high
300583,2018-04-10,S,2.99,23.83,slow_draw
000999,2018-04-13,S,1.84,13.39,slow_draw
000999,2018-04-27,S,1.87,12.68,slow_draw
000423,2018-05-03,S,-2.91,47.46,slow_draw
002242,2018-05-07,S,0.43,12.78,slow_draw
002690,2018-05-07,S,2.18,11.63,slow_draw
002672,2018-05-08,S,2.48,13.88,slow_draw
000423,2018-05-10,S,-2.91,47.46,slow_draw
000999,2018-05-15,S,0.8,13.96,slow_draw
002672,2018-05-15,S,2.85,13.88,slow_draw
600138,2018-05-16,S,-2.21,21.48,slow_draw
600066,2018-05-24,S,-4.51,13.46,slow_draw
600066,2018-05-31,S,-4.77,13.33,slow_draw
002186,2018-06-04,S,-2.71,15.29,slow_draw
002424,2018-07-09,S,-2.12,11.17,slow_draw
601688,2018-10-10,S,3.36,12.79,fade_high
601688,2018-10-24,S,4.78,11.78,slow_draw
601628,2018-10-25,S,-0.16,18.83,slow_draw
000028,2018-10-26,S,-1.26,27.8,slow_draw
002373,2019-01-18,S,4.53,11.87,slow_draw
000999,2019-01-21,S,4.02,11.52,slow_draw
000776,2019-02-15,S,4.25,11.42,limit_down
600999,2019-02-18,S,3.73,10.24,slow_draw
600150,2019-02-19,S,6.79,13.08,slow_draw
002151,2019-02-20,S,4.08,21.84,slow_draw
300498,2019-02-20,S,10.69,20.01,limit_down
300176,2019-03-05,S,-4.71,39.51,limit_down
600897,2019-03-29,S,0.72,14.5,slow_draw
601800,2019-04-04,S,-2.01,10.21,limit_down
000895,2019-05-31,S,-1.19,18.1,slow_draw
600388,2019-06-20,S,-0.72,10.48,slow_draw
600388,2019-06-27,S,0.99,10.48,slow_draw
600885,2019-07-26,S,-0.56,11.98,slow_draw
600315,2019-08-15,S,0.84,29.87,slow_draw
600104,2019-08-20,S,-1.22,20.4,slow_draw
600885,2019-08-23,S,-0.54,12.02,slow_draw
600104,2019-08-27,S,-1.1,20.16,slow_draw
600048,2019-09-20,S,-0.11,11.58,fade_high
600048,2019-09-27,S,0.17,11.42,fade_high
000997,2019-10-22,S,-2.0,14.95,fade_high
002223,2019-10-25,S,-3.78,19.7,slow_draw
603678,2019-11-14,S,1.04,20.75,slow_draw
603180,2019-11-25,S,1.14,28.38,slow_draw
600754,2019-11-29,S,3.85,22.23,slow_draw
300001,2019-12-05,S,3.65,15.86,slow_draw
300316,2019-12-10,S,3.61,13.42,slow_draw
300001,2019-12-12,S,6.2,15.86,slow_draw
600612,2019-12-12,S,-1.41,39.55,limit_down
300607,2019-12-13,S,5.24,13.76,fade_high
600372,2019-12-13,S,1.35,13.34,slow_draw
603833,2019-12-17,S,3.28,58.92,limit_down
601163,2019-12-24,S,-1.56,12.33,limit_down
002142,2019-12-30,S,-2.58,23.2,slow_draw
300024,2019-12-30,S,2.9,14.35,limit_down
300596,2020-01-03,S,0.62,33.27,limit_down
002558,2020-01-07,S,-0.54,16.78,slow_draw
300625,2020-01-10,S,-0.22,12.99,limit_down
002223,2020-01-13,S,14.46,18.55,slow_draw
300718,2020-01-13,S,1.47,12.83,limit_down
002558,2020-01-14,S,-0.3,16.78,slow_draw
300024,2020-01-14,S,1.84,14.94,limit_down
300423,2020-01-15,S,-1.24,13.67,limit_down
603578,2020-01-15,S,2.04,10.73,limit_down
600498,2020-01-17,S,9.87,26.91,fade_high
300233,2020-02-04,S,0.31,18.51,slow_draw
000776,2020-02-05,S,-3.03,13.04,slow_draw
002302,2020-02-05,S,-3.35,10.98,slow_draw
603368,2020-02-05,S,-0.01,19.72,slow_draw
002038,2020-02-06,S,-0.54,12.84,slow_draw
603708,2020-02-06,S,3.73,22.3,fade_high
300520,2020-02-07,S,3.68,18.85,slow_draw
002468,2020-02-10,S,-2.41,19.71,fade_high
002926,2020-02-10,S,0.29,10.35,fade_high
601211,2020-02-10,S,-3.55,15.44,slow_draw
603508,2020-02-10,S,-1.9,23.48,slow_draw
002253,2020-02-11,S,-4.45,15.35,slow_draw
603858,2020-02-11,S,-2.15,18.31,fade_high
002558,2020-02-12,S,-3.34,18.37,fade_high
002262,2020-02-17,S,-2.02,11.22,fade_high
002926,2020-02-17,S,0.29,10.35,fade_high
603508,2020-02-17,S,0.1,21.5,slow_draw
002232,2020-02-18,S,-2.2,10.21,limit_down
603260,2020-02-18,S,-4.14,29.15,slow_draw
000776,2020-02-19,S,-3.03,13.04,slow_draw
002302,2020-02-19,S,-3.35,10.98,slow_draw
002558,2020-02-19,S,-1.25,16.79,fade_high
603288,2020-02-19,S,3.42,46.8,slow_draw
002025,2020-02-20,S,-1.72,26.38,slow_draw
300423,2020-02-20,S,-2.32,13.68,slow_draw
600999,2020-02-20,S,-1.5,12.72,slow_draw
601869,2020-02-21,S,0.44,33.45,fade_high
600271,2020-02-24,S,-3.01,22.52,slow_draw
600298,2020-02-24,S,2.46,25.69,jump_gap
600498,2020-02-24,S,12.02,23.96,fade_high
603508,2020-02-24,S,0.64,21.5,slow_draw
002727,2020-02-25,S,3.46,20.79,slow_draw
600048,2020-02-25,S,-1.16,12.41,slow_draw
300142,2020-02-26,S,1.14,30.02,slow_draw
002462,2020-02-27,S,-1.8,13.98,slow_draw
300423,2020-02-27,S,-3.34,13.78,slow_draw
603332,2020-03-02,S,-1.34,12.27,slow_draw
002727,2020-03-03,S,3.46,20.79,slow_draw
000623,2020-03-04,S,-1.54,14.53,slow_draw
000777,2020-03-04,S,-0.46,10.89,slow_draw
603790,2020-03-04,S,-4.09,13.84,slow_draw
002727,2020-03-10,S,3.89,20.18,fade_high
300491,2020-03-10,S,2.11,12.12,slow_draw
002727,2020-03-17,S,3.89,20.18,fade_high
603858,2020-03-17,S,0.51,17.72,slow_draw
603856,2020-04-08,S,6.7,10.18,fade_high
603868,2020-04-30,S,7.34,32.13,fade_high
600835,2020-05-11,S,2.53,12.77,slow_draw
600835,2020-05-18,S,2.53,12.77,slow_draw
002025,2020-05-27,S,5.65,27.14,slow_draw
603515,2020-05-27,S,1.27,19.7,slow_draw
600535,2020-06-02,S,4.33,12.52,slow_draw
603351,2020-06-04,S,1.29,21.56,slow_draw
300531,2020-06-05,S,5.82,17.08,slow_draw
600535,2020-06-09,S,6.78,12.52,slow_draw
600482,2020-06-11,S,5.96,15.86,slow_draw
300531,2020-06-12,S,4.77,17.08,slow_draw
601088,2020-06-16,S,-0.51,10.38,fade_high
601601,2020-07-01,S,0.78,22.5,slow_draw
002032,2020-07-02,S,5.39,51.32,slow_draw
601336,2020-07-06,S,5.94,35.76,slow_draw
603351,2020-07-06,S,11.44,21.88,limit_down
601601,2020-07-08,S,1.49,22.5,slow_draw
600036,2020-07-09,S,1.57,25.69,slow_draw
600036,2020-07-30,S,1.36,26.9,slow_draw
002462,2020-07-31,S,1.45,13.22,limit_down
603657,2020-09-29,S,2.98,17.33,fade_high
300349,2020-10-19,S,-1.16,13.71,slow_draw
002422,2020-10-28,S,-2.13,20.64,slow_draw
300583,2020-10-28,S,-2.07,18.7,limit_down
600487,2020-10-29,S,-0.83,14.77,slow_draw
300422,2020-11-03,S,-0.86,12.11,slow_draw
300771,2020-11-05,S,-1.05,21.01,slow_draw
300166,2020-11-13,S,-1.18,12.83,slow_draw
300616,2020-11-27,S,5.28,52.73,slow_draw
600585,2020-12-10,S,-2.66,42.39,fade_high
002886,2021-01-14,S,-0.27,14.59,slow_draw
002268,2021-01-21,S,-0.44,17.23,fade_high
601088,2021-02-01,S,0.45,12.07,slow_draw
002734,2021-02-18,S,0.44,10.96,slow_draw
000935,2021-02-19,S,0.89,12.57,slow_draw
600585,2021-02-19,S,0.2,38.57,slow_draw
000997,2021-02-23,S,-2.16,13.79,fade_high
000651,2021-03-03,S,0.02,41.99,slow_draw
000581,2021-03-11,S,-0.45,17.77,slow_draw
002222,2021-03-11,S,4.63,11.47,slow_draw
300036,2021-04-30,S,13.9,16.44,slow_draw
000063,2021-05-20,S,2.1,27.09,slow_draw
000063,2021-05-27,S,2.2,27.41,slow_draw
603590,2021-06-02,S,-0.56,35.41,slow_draw
002930,2021-06-03,S,1.13,14.32,slow_draw
300723,2021-06-08,S,6.16,18.03,fade_high
002151,2021-06-17,S,-0.96,43.61,slow_draw
000063,2021-07-02,S,3.53,30.79,fade_high
002741,2021-07-07,S,7.02,15.99,slow_draw
300625,2021-07-29,S,-1.58,13.5,slow_draw
300348,2021-07-30,S,-1.27,16.54,fade_high
603131,2021-07-30,S,9.54,16.84,slow_draw
000401,2021-08-04,S,1.14,11.06,slow_draw
300348,2021-08-06,S,-1.07,16.54,fade_high
600585,2021-08-06,S,3.04,31.04,fade_high
600371,2021-08-31,S,-0.67,10.94,slow_draw
688550,2021-09-09,S,-0.63,32.28,jump_gap
600990,2021-09-10,S,4.68,24.24,fade_high
000777,2021-09-13,S,-0.18,11.04,limit_down
002946,2021-09-17,S,0.78,14.25,limit_down
600990,2021-09-17,S,3.91,24.15,fade_high
000777,2021-09-22,S,-1.44,11.16,limit_down
600990,2021-09-28,S,3.91,24.15,fade_high
600566,2021-10-18,S,0.98,13.63,fade_high
600184,2021-10-19,S,5.09,11.96,slow_draw
600990,2021-10-19,S,6.79,24.15,slow_draw
000977,2021-10-22,S,1.69,30.35,slow_draw
600566,2021-10-25,S,0.98,13.63,fade_high
600184,2021-10-26,S,0.38,11.55,slow_draw
603108,2021-10-26,S,2.49,10.96,fade_high
000026,2021-10-29,S,-1.01,10.59,slow_draw
000977,2021-10-29,S,1.24,30.96,slow_draw
600566,2021-11-01,S,2.27,12.81,slow_draw
002695,2021-11-03,S,-0.39,13.56,slow_draw
605222,2021-11-03,S,3.56,21.07,fade_high
600104,2021-11-05,S,-0.58,18.45,slow_draw
600511,2021-11-11,S,-0.47,27.32,slow_draw
603568,2021-11-22,S,4.93,17.63,fade_high
300168,2021-11-29,S,1.92,11.79,slow_draw
603139,2021-12-09,S,1.31,20.15,limit_down
002262,2021-12-13,S,-0.09,14.18,slow_draw
603568,2021-12-13,S,1.68,17.63,slow_draw
300383,2021-12-23,S,0.04,14.5,slow_draw
300873,2021-12-23,S,-1.77,21.76,slow_draw
300838,2021-12-27,S,-2.08,16.92,slow_draw
300873,2021-12-30,S,-1.77,21.76,slow_draw
600271,2022-01-04,S,1.39,12.81,slow_draw
000623,2022-01-06,S,-2.4,16.25,slow_draw
300383,2022-01-14,S,2.2,14.46,fade_high
605177,2022-01-17,S,-3.04,27.04,slow_draw
002315,2022-01-19,S,-2.8,11.3,slow_draw
002315,2022-01-26,S,-2.8,11.3,slow_draw
601952,2022-01-28,S,2.33,11.06,fade_high
603955,2022-02-08,S,2.97,13.93,slow_draw
002315,2022-02-09,S,-2.8,11.3,slow_draw
000028,2022-02-14,S,-1.15,21.9,slow_draw
002315,2022-02-16,S,-2.63,11.23,slow_draw
002373,2022-02-17,S,-3.54,14.21,fade_high
600621,2022-02-28,S,-1.65,12.39,limit_down
605100,2022-02-28,S,-2.52,11.56,slow_draw
002977,2022-03-01,S,-4.01,41.69,slow_draw
600776,2022-03-02,S,-5.5,10.97,limit_down
600729,2022-03-31,S,1.9,19.32,slow_draw
600419,2022-04-18,S,-2.51,13.33,slow_draw
600848,2022-04-18,S,-0.66,12.69,slow_draw
000651,2022-05-30,S,1.82,24.96,slow_draw
600674,2022-06-06,S,2.94,10.61,slow_draw
600674,2022-06-13,S,1.09,10.65,slow_draw
002311,2022-07-08,S,-0.34,57.76,slow_draw
603768,2022-07-27,S,10.39,16.15,limit_down
600419,2022-08-05,S,3.2,12.41,fade_high
002916,2022-10-20,S,-0.75,57.77,slow_draw
600332,2022-10-27,S,1.04,24.99,slow_draw
603043,2022-10-31,S,3.76,20.15,slow_draw
000651,2022-11-02,S,2.11,25.26,slow_draw
600977,2022-11-03,S,6.71,10.4,slow_draw
600585,2022-11-04,S,0.5,24.29,fade_high
603369,2022-11-08,S,3.35,40.71,slow_draw
600332,2022-11-10,S,2.72,25.63,slow_draw
601601,2022-12-02,S,0.57,20.19,fade_high
000028,2022-12-07,S,-0.27,22.47,slow_draw
688981,2022-12-09,S,-0.93,42.4,slow_draw
002365,2022-12-26,S,0.96,11.45,slow_draw
603213,2022-12-26,S,2.73,12.55,slow_draw
000998,2022-12-27,S,0.85,16.38,slow_draw
603213,2023-01-03,S,3.44,12.55,fade_high
600406,2023-01-04,S,0.05,19.48,fade_high
002230,2023-01-09,S,9.01,34.29,fade_high
300442,2023-01-10,S,5.76,22.75,slow_draw
603213,2023-01-10,S,2.7,12.55,slow_draw
600391,2023-01-13,S,2.92,17.96,fade_high
603599,2023-01-13,S,1.02,19.21,slow_draw
600391,2023-01-20,S,3.53,17.96,slow_draw
000501,2023-02-01,S,0.52,10.44,fade_high
600768,2023-02-02,S,3.31,9.31,slow_draw
300970,2023-02-03,S,4.94,13.07,slow_draw
603599,2023-02-03,S,0.23,20.11,slow_draw
002258,2023-02-07,S,-1.93,17.69,slow_draw
600690,2023-02-17,S,-3.52,24.26,fade_high
000063,2023-02-20,S,5.82,25.72,slow_draw
002827,2023-02-20,S,-1.31,10.62,slow_draw
600801,2023-02-20,S,0.03,14.19,slow_draw
002179,2023-02-23,S,-1.09,41.34,slow_draw
600993,2023-02-28,S,1.67,22.69,slow_draw
300244,2023-03-01,S,0.54,24.49,fade_high
002179,2023-03-02,S,-1.76,42.5,slow_draw
300244,2023-03-08,S,1.16,23.84,fade_high
600258,2023-03-13,S,-4.69,23.46,slow_draw
300244,2023-03-15,S,2.65,23.35,slow_draw
300294,2023-03-17,S,1.37,34.55,slow_draw
300244,2023-03-22,S,2.25,23.11,fade_high
002007,2023-03-24,S,-0.27,20.32,slow_draw
300294,2023-03-24,S,0.87,34.55,slow_draw
002007,2023-03-31,S,-0.27,20.32,slow_draw
002163,2023-03-31,S,-2.4,12.12,slow_draw
300294,2023-03-31,S,0.87,34.55,slow_draw
300947,2023-04-06,S,0.03,13.71,fade_high
601066,2023-04-19,S,-2.91,26.24,slow_draw
601995,2023-05-08,S,-1.22,40.98,fade_high
301083,2023-05-22,S,20.03,11.99,limit_down
000550,2023-05-24,S,1.61,12.04,slow_draw
688303,2023-05-24,S,-0.23,40.28,fade_high
600699,2023-05-25,S,2.55,14.81,slow_draw
600893,2023-06-05,S,-1.16,42.47,slow_draw
603160,2023-06-05,S,-1.21,51.06,fade_high
688586,2023-06-05,S,-1.32,13.34,fade_high
600089,2023-06-08,S,-0.52,15.9,slow_draw
600699,2023-06-08,S,6.27,14.81,slow_draw
600893,2023-06-12,S,0.84,39.89,slow_draw
301022,2023-06-15,S,2.43,23.72,slow_draw
600089,2023-06-15,S,-0.52,15.9,slow_draw
002465,2023-06-16,S,0.08,9.91,slow_draw
002831,2023-06-16,S,1.17,15.6,slow_draw
300627,2023-06-19,S,1.96,19.96,slow_draw
600893,2023-06-19,S,0.23,39.89,slow_draw
002053,2023-06-20,S,0.26,10.78,slow_draw
300627,2023-06-28,S,1.59,19.96,slow_draw
301160,2023-06-28,S,0.46,15.8,slow_draw
600893,2023-06-28,S,-0.64,41.43,slow_draw
600585,2023-07-04,S,1.81,21.75,slow_draw
003037,2023-07-07,S,0.01,12.57,slow_draw
301107,2023-07-07,S,-0.37,14.69,limit_down
600827,2023-07-07,S,-2.07,13.01,slow_draw
000408,2023-07-11,S,0.51,21.05,slow_draw
300629,2023-07-13,S,-4.38,21.22,limit_down
600199,2023-07-19,S,-0.56,25.89,fade_high
601966,2023-07-24,S,-0.8,21.66,slow_draw
300384,2023-07-25,S,-1.56,16.04,fade_high
301029,2023-07-31,S,-1.58,37.81,slow_draw
300384,2023-08-01,S,-0.8,16.04,slow_draw
600862,2023-08-02,S,0.17,24.15,slow_draw
300872,2023-08-03,S,-0.86,15.15,slow_draw
002465,2023-08-08,S,0.58,10.34,slow_draw
300619,2023-08-10,S,-1.41,29.96,slow_draw
300872,2023-08-17,S,-2.47,15.15,limit_down
600316,2023-08-17,S,-1.08,22.45,limit_down
000408,2023-08-22,S,-0.69,21.67,fade_high
300012,2023-08-22,S,-2.85,19.99,slow_draw
600055,2023-08-22,S,-0.86,18.76,fade_high
603393,2023-08-22,S,1.24,26.96,fade_high
300408,2023-08-24,S,-0.97,31.69,slow_draw
600031,2023-08-28,S,-1.11,15.27,fade_high
000408,2023-08-29,S,-0.34,21.3,fade_high
603393,2023-08-29,S,1.24,26.96,fade_high
600862,2023-08-30,S,-0.11,23.91,slow_draw
603195,2023-08-30,S,-0.02,46.03,slow_draw
300809,2023-08-31,S,3.22,21.11,limit_down
002635,2023-09-01,S,2.26,12.25,slow_draw
300997,2023-09-01,S,-0.58,12.67,slow_draw
603080,2023-09-01,S,2.09,13.45,jump_gap
300400,2023-09-04,S,2.69,14.27,jump_gap
300531,2023-09-04,S,0.44,14.15,slow_draw
300747,2023-09-04,S,-0.91,26.68,slow_draw
002294,2023-09-05,S,1.09,26.72,slow_draw
600161,2023-09-05,S,1.71,20.58,slow_draw
002032,2023-09-06,S,-1.48,41.92,slow_draw
688166,2023-09-11,S,18.79,20.03,slow_draw
002294,2023-09-12,S,1.09,26.72,slow_draw
600161,2023-09-12,S,1.22,20.58,slow_draw
600438,2023-09-12,S,-4.18,31.04,slow_draw
603393,2023-09-12,S,0.42,26.87,slow_draw
002028,2023-09-15,S,-1.11,50.89,slow_draw
000400,2023-09-22,S,-1.94,18.36,slow_draw
002028,2023-09-22,S,-0.85,49.57,slow_draw
600161,2023-09-26,S,3.27,20.82,slow_draw
600862,2023-09-27,S,-1.73,24.41,slow_draw
002635,2023-10-09,S,2.41,12.82,slow_draw
002557,2023-10-10,S,2.16,30.14,fade_high
600161,2023-10-11,S,3.78,21.38,fade_high
002635,2023-10-16,S,-0.44,14.03,slow_draw
603353,2023-10-16,S,12.13,19.32,limit_down
605319,2023-10-16,S,7.37,11.31,slow_draw
301166,2023-10-17,S,1.03,39.44,slow_draw
300529,2023-10-24,S,-0.35,21.13,fade_high
603668,2023-10-26,S,2.97,14.76,fade_high
000887,2023-10-27,S,1.18,12.3,slow_draw
002142,2023-10-27,S,-0.69,22.45,slow_draw
002847,2023-10-27,S,2.1,48.08,slow_draw
002019,2023-10-30,S,2.28,13.57,slow_draw
300652,2023-10-30,S,3.67,17.44,slow_draw
603319,2023-10-30,S,3.52,12.11,slow_draw
002074,2023-10-31,S,-1.55,23.45,slow_draw
603926,2023-10-31,S,2.43,10.43,slow_draw
002847,2023-11-03,S,-0.63,53.05,slow_draw
603238,2023-11-03,S,1.75,12.14,slow_draw
002389,2023-11-06,S,-1.41,20.02,slow_draw
002046,2023-11-07,S,1.38,10.99,fade_high
603706,2023-11-07,S,1.27,13.98,fade_high
600549,2023-11-10,S,-1.35,16.77,slow_draw
600104,2023-11-13,S,-2.65,14.4,fade_high
601233,2023-11-21,S,1.12,13.93,fade_high
601038,2023-11-23,S,2.91,11.3,slow_draw
603979,2023-11-23,S,1.61,35.39,slow_draw
605179,2023-11-23,S,1.42,12.22,slow_draw
600523,2023-11-27,S,-1.37,13.93,limit_down
002402,2023-11-28,S,-1.77,13.91,slow_draw
300699,2023-11-28,S,-3.03,24.98,fade_high
601038,2023-11-30,S,4.45,11.3,slow_draw
605179,2023-11-30,S,4.28,12.22,slow_draw
600380,2023-12-01,S,-1.42,12.08,slow_draw
002635,2023-12-04,S,-2.71,14.41,fade_high
603690,2023-12-11,S,-2.8,26.14,slow_draw
002935,2023-12-12,S,-3.64,15.83,fade_high
300589,2023-12-12,S,-3.9,14.05,slow_draw
002805,2023-12-14,S,-2.53,16.32,fade_high
300073,2023-12-15,S,-1.79,37.23,fade_high
601021,2023-12-19,S,0.49,50.03,slow_draw
688589,2023-12-19,S,-5.83,27.28,slow_draw
000155,2023-12-21,S,-2.33,12.51,slow_draw
300393,2023-12-21,S,-3.46,10.34,slow_draw
300402,2023-12-21,S,-1.82,17.4,slow_draw
002733,2023-12-25,S,-1.18,14.33,slow_draw
002780,2023-12-27,S,-4.87,13.83,fade_high
003042,2023-12-27,S,-1.99,19.61,slow_draw
300433,2023-12-27,S,-2.5,12.28,slow_draw
601137,2023-12-27,S,-0.69,13.88,fade_high
000532,2023-12-28,S,3.35,11.47,limit_down
002438,2023-12-28,S,-1.23,10.27,limit_down
300393,2023-12-28,S,-3.46,10.34,slow_draw
603529,2023-12-28,S,-0.43,23.03,slow_draw
300073,2023-12-29,S,-2.21,37.23,slow_draw
300257,2023-12-29,S,-3.72,15.61,slow_draw
003002,2024-01-02,S,-2.71,13.61,slow_draw
300856,2024-01-03,S,-1.62,21.03,slow_draw
300911,2024-01-03,S,-6.15,21.62,slow_draw
600096,2024-01-03,S,-0.01,13.59,slow_draw
605378,2024-01-03,S,-5.32,11.93,limit_down
300783,2024-01-04,S,-1.32,17.32,fade_high
301238,2024-01-04,S,-4.65,16.81,fade_high
600887,2024-01-04,S,1.15,23.57,slow_draw
603209,2024-01-04,S,-6.8,16.03,slow_draw
600138,2024-01-09,S,-1.72,10.93,slow_draw
300783,2024-01-11,S,-0.28,17.32,slow_draw
301238,2024-01-11,S,-3.1,16.81,slow_draw
600258,2024-01-11,S,-0.57,14.57,slow_draw
603209,2024-01-11,S,-4.98,16.03,slow_draw
002507,2024-01-23,S,-0.55,13.18,slow_draw
600138,2024-01-23,S,-1.42,10.93,fade_high
002126,2024-01-24,S,-0.66,17.92,fade_high
600977,2024-01-24,S,-0.21,12.28,fade_high
002832,2024-01-25,S,0.02,27.64,fade_high
000338,2024-02-06,S,1.51,13.77,slow_draw
000423,2024-02-07,S,3.82,44.84,slow_draw
002643,2024-02-07,S,0.38,13.97,slow_draw
600031,2024-02-07,S,0.82,12.54,slow_draw
600096,2024-02-07,S,3.72,14.12,slow_draw
600612,2024-02-07,S,2.42,61.86,slow_draw
601882,2024-02-07,S,3.2,24.28,limit_down
002507,2024-02-21,S,-1.27,12.92,slow_draw
600884,2024-02-23,S,-0.07,11.41,slow_draw
000776,2024-02-26,S,-1.58,13.19,slow_draw
601808,2024-02-26,S,4.69,14.36,slow_draw
603856,2024-03-01,S,-1.67,10.45,slow_draw
000768,2024-03-04,S,0.27,20.77,slow_draw
000878,2024-03-04,S,5.44,10.74,slow_draw
600893,2024-03-04,S,-0.91,34.94,slow_draw
600993,2024-03-04,S,0.61,22.41,slow_draw
601808,2024-03-04,S,5.87,14.04,slow_draw
605098,2024-03-04,S,1.08,37.64,slow_draw
301216,2024-03-06,S,0.14,11.87,slow_draw
600547,2024-03-06,S,10.63,21.76,slow_draw
600988,2024-03-06,S,7.9,13.14,slow_draw
601808,2024-03-11,S,4.75,14.27,slow_draw
600750,2024-03-13,S,2.61,20.93,slow_draw
600529,2024-03-18,S,2.72,26.1,slow_draw
600993,2024-03-18,S,3.99,22.41,fade_high
600258,2024-04-09,S,-1.08,14.22,slow_draw
600803,2024-04-09,S,-1.28,16.54,slow_draw
001289,2024-05-14,S,-2.04,18.12,slow_draw
600118,2024-05-20,S,-3.03,25.19,slow_draw
600118,2024-05-27,S,-2.1,25.02,slow_draw
600893,2024-05-27,S,0.18,36.06,slow_draw
600685,2024-05-30,S,0.18,27.28,slow_draw
600161,2024-05-31,S,1.06,23.57,fade_high
601607,2024-07-05,S,0.23,18.31,slow_draw
000513,2024-07-11,S,-0.14,34.59,fade_high
600089,2024-07-12,S,-0.54,12.99,slow_draw
601607,2024-07-12,S,0.46,18.15,slow_draw
601021,2024-07-26,S,-2.33,53.31,slow_draw
002001,2024-08-01,S,-1.36,19.4,limit_down
002001,2024-08-08,S,-1.43,19.4,slow_draw
000951,2024-08-28,S,1.14,14.14,slow_draw
600104,2024-08-29,S,-0.39,12.73,fade_high
600104,2024-09-05,S,-0.39,12.73,fade_high
001872,2024-09-10,S,-1.18,20.13,limit_down
600803,2024-09-18,S,0.71,16.22,limit_down
688981,2024-09-18,S,17.01,48.58,limit_down
001872,2024-09-19,S,-1.18,20.13,limit_down
600363,2024-09-20,S,17.07,25.88,slow_draw
300498,2024-09-24,S,2.1,16.07,limit_down
300699,2024-09-24,S,5.68,26.24,limit_down
600111,2024-09-24,S,5.0,16.73,slow_draw
600699,2024-09-24,S,4.31,13.89,slow_draw
001965,2024-09-25,S,-1.71,12.15,slow_draw
600803,2024-09-25,S,0.16,16.12,limit_down
688981,2024-09-25,S,22.36,44.23,limit_down
001872,2024-09-26,S,-1.18,20.13,limit_down
002396,2024-09-26,S,4.14,10.6,slow_draw
002690,2024-09-26,S,4.14,11.86,fade_high
600132,2024-09-26,S,2.06,49.47,limit_down
601066,2024-09-26,S,5.97,19.71,fade_high
601318,2024-09-26,S,6.06,40.47,limit_down
603927,2024-09-26,S,5.72,15.81,fade_high
001289,2024-09-27,S,5.63,13.71,limit_down
002142,2024-09-27,S,6.4,18.0,limit_down
002158,2024-09-27,S,2.4,16.53,fade_high
002462,2024-09-27,S,2.96,10.93,fade_high
300685,2024-09-27,S,5.46,18.8,limit_down
300869,2024-09-27,S,5.65,12.67,limit_down
600363,2024-09-27,S,20.94,25.88,limit_down
600456,2024-09-27,S,3.15,26.21,fade_high
002287,2024-09-30,S,5.51,17.94,limit_down
002507,2024-09-30,S,4.78,11.68,limit_down
603035,2024-09-30,S,3.7,12.3,jump_gap
600332,2024-10-08,S,3.9,23.7,slow_draw
600459,2024-10-08,S,3.99,12.04,slow_draw
600598,2024-10-08,S,4.8,12.36,slow_draw
600685,2024-10-08,S,0.81,25.24,slow_draw
600699,2024-10-08,S,4.81,13.89,slow_draw
601021,2024-10-08,S,2.71,48.45,slow_draw
601607,2024-10-08,S,0.08,18.65,slow_draw
601965,2024-10-08,S,1.34,16.23,slow_draw
000895,2024-10-18,S,-1.0,23.37,slow_draw
600803,2024-10-23,S,-1.22,17.32,slow_draw
000895,2024-10-25,S,-1.0,23.4,slow_draw
600803,2024-10-30,S,-1.12,17.32,slow_draw
001219,2024-10-31,S,3.19,12.12,jump_gap
001872,2024-10-31,S,-1.36,20.13,fade_high
000719,2024-11-04,S,0.3,10.56,fade_high
600980,2024-11-05,S,1.56,14.97,slow_draw
000719,2024-11-11,S,0.3,10.56,fade_high
002034,2024-11-11,S,0.18,15.22,slow_draw
002275,2024-12-27,S,-2.33,14.51,slow_draw
600456,2025-01-13,S,-1.29,29.34,slow_draw
600456,2025-01-20,S,0.45,27.33,slow_draw
601811,2025-02-05,S,-1.58,13.83,slow_draw
600741,2025-02-06,S,1.17,15.26,fade_high
601965,2025-02-06,S,1.01,16.75,slow_draw
002705,2025-02-10,S,0.43,14.8,slow_draw
002020,2025-02-14,S,1.66,11.9,slow_draw
600038,2025-02-14,S,0.06,36.99,slow_draw
002179,2025-02-19,S,1.77,37.42,slow_draw
603355,2025-02-19,S,5.19,24.51,slow_draw
601225,2025-04-29,S,-1.2,18.75,slow_draw
000429,2025-05-07,S,-0.28,13.12,slow_draw
002831,2025-05-08,S,2.63,14.51,slow_draw
000738,2025-05-19,S,1.19,19.55,slow_draw
601033,2025-05-28,S,-0.57,15.65,fade_high
002603,2025-06-09,S,2.26,14.25,fade_high
002020,2025-06-20,S,3.68,13.83,fade_high
603288,2025-06-30,S,-0.08,38.13,slow_draw
600111,2025-07-03,S,16.07,25.04,fade_high
000831,2025-07-08,S,4.51,36.08,fade_high
000933,2025-07-08,S,1.89,17.1,fade_high
603392,2025-07-10,S,-1.83,61.87,slow_draw
300628,2025-07-17,S,2.19,33.47,slow_draw
002311,2025-07-28,S,1.58,55.64,slow_draw
000738,2025-07-29,S,-0.71,21.27,slow_draw
000400,2025-07-30,S,-0.05,23.34,slow_draw
600989,2025-08-01,S,0.65,15.99,slow_draw
002812,2025-08-04,S,1.43,30.41,slow_draw
002180,2025-08-07,S,-1.57,24.32,slow_draw
603733,2025-08-11,S,2.33,21.49,slow_draw
301071,2025-08-12,S,0.32,30.99,slow_draw
601899,2025-08-18,S,4.57,20.28,slow_draw
002142,2025-08-19,S,-2.11,27.56,slow_draw
603833,2025-08-19,S,0.26,51.36,slow_draw
300346,2025-08-21,S,1.91,32.81,slow_draw
601628,2025-08-26,S,-2.33,42.29,slow_draw
601001,2025-08-29,S,0.71,14.15,slow_draw
688596,2025-08-29,S,3.72,35.66,limit_down
000685,2025-09-08,S,3.9,10.09,fade_high
603505,2025-09-11,S,0.44,17.16,slow_draw
601567,2025-09-12,S,1.73,22.91,fade_high
603391,2025-09-15,S,2.97,42.87,slow_draw
002895,2025-09-17,S,4.2,26.47,slow_draw
601567,2025-09-19,S,2.36,22.64,fade_high
000885,2025-09-22,S,-0.79,14.83,fade_high
688575,2025-09-22,S,-0.41,15.07,slow_draw
000400,2025-09-24,S,2.0,23.8,slow_draw
002001,2025-09-24,S,0.12,23.71,fade_high
000885,2025-09-29,S,0.13,14.24,slow_draw
000902,2025-10-10,S,0.62,14.81,fade_high
300770,2025-10-10,S,-1.79,45.01,slow_draw
688334,2025-10-13,S,1.04,19.73,slow_draw
002690,2025-10-14,S,-1.65,20.23,slow_draw
000821,2025-10-15,S,-0.93,12.9,fade_high
603100,2025-10-20,S,-2.13,23.96,fade_high
603260,2025-10-20,S,2.57,50.18,limit_down
603279,2025-10-21,S,0.67,15.31,slow_draw
600763,2025-10-22,S,-2.16,45.3,slow_draw
002791,2025-10-23,S,0.6,22.71,fade_high
603320,2025-10-23,S,-1.41,19.26,slow_draw
603439,2025-10-23,S,-1.3,12.76,slow_draw
688139,2025-10-24,S,-1.6,34.39,slow_draw
601900,2025-10-27,S,1.28,12.75,slow_draw
603100,2025-10-27,S,-2.13,23.96,fade_high
605507,2025-10-27,S,1.06,15.99,slow_draw
000951,2025-10-29,S,-1.02,17.11,slow_draw
002572,2025-11-10,S,0.57,12.51,slow_draw
003031,2025-11-10,S,8.99,56.1,fade_high
600426,2025-11-11,S,2.15,19.02,slow_draw
603379,2025-11-12,S,-0.58,56.96,slow_draw
000739,2025-11-17,S,1.45,15.7,slow_draw
002078,2025-11-25,S,1.49,14.72,slow_draw
601688,2025-11-25,S,2.15,22.88,slow_draw
603085,2025-11-26,S,2.08,10.99,slow_draw
003005,2025-11-27,S,-1.55,21.94,slow_draw
600877,2025-11-27,S,5.2,13.78,slow_draw
001368,2025-11-28,S,-1.29,26.38,slow_draw
688153,2025-12-02,S,1.51,34.93,slow_draw
001368,2025-12-05,S,-1.75,26.38,slow_draw
002151,2025-12-05,S,20.27,31.55,slow_draw
300525,2025-12-05,S,0.48,13.58,slow_draw
301522,2025-12-05,S,5.43,31.89,slow_draw
603383,2025-12-05,S,-0.77,38.3,slow_draw
300597,2025-12-08,S,-0.06,9.85,slow_draw
300244,2025-12-10,S,12.26,15.34,limit_down
600955,2025-12-10,S,5.64,15.48,slow_draw
002972,2025-12-12,S,0.14,12.28,slow_draw
301522,2025-12-12,S,7.87,31.89,limit_down
603004,2025-12-12,S,0.21,24.37,slow_draw
603383,2025-12-12,S,-1.34,38.3,fade_high
300161,2025-12-15,S,2.61,29.0,slow_draw
300597,2025-12-15,S,-0.06,9.85,slow_draw
603112,2025-12-15,S,-1.09,18.48,fade_high
300183,2025-12-17,S,0.33,15.9,slow_draw
300244,2025-12-17,S,13.26,15.34,limit_down
600955,2025-12-17,S,5.64,15.48,slow_draw
600372,2025-12-18,S,4.55,12.95,limit_down
603777,2025-12-18,S,-0.96,13.9,slow_draw
603886,2025-12-18,S,2.25,12.29,fade_high
300320,2025-12-19,S,2.12,9.89,slow_draw
301278,2025-12-19,S,0.21,35.39,slow_draw
301335,2025-12-19,S,1.18,29.07,slow_draw
603383,2025-12-19,S,-0.38,36.69,slow_draw
603867,2025-12-19,S,2.99,27.98,fade_high
000682,2025-12-22,S,2.34,12.01,slow_draw
000786,2025-12-22,S,2.28,24.7,slow_draw
300597,2025-12-22,S,-0.06,9.85,slow_draw
000997,2025-12-24,S,2.18,26.17,slow_draw
001373,2025-12-25,S,5.52,33.28,slow_draw
002601,2025-12-25,S,4.73,18.19,slow_draw
002635,2025-12-25,S,-0.33,14.2,slow_draw
002995,2025-12-25,S,23.19,16.83,fade_high
300479,2025-12-25,S,0.48,19.21,limit_down
301587,2025-12-25,S,1.05,23.77,slow_draw
603777,2025-12-25,S,-0.96,13.9,slow_draw
300817,2025-12-26,S,1.0,19.49,slow_draw
001319,2025-12-29,S,1.91,26.01,slow_draw
002698,2025-12-29,S,-0.92,16.68,fade_high
003039,2025-12-29,S,2.78,14.49,fade_high
300161,2025-12-29,S,3.26,28.98,slow_draw
300174,2025-12-29,S,0.73,15.93,slow_draw
300075,2025-12-30,S,-0.58,15.27,slow_draw
000997,2025-12-31,S,0.15,26.17,slow_draw
300244,2025-12-31,S,9.43,15.78,limit_down
603897,2026-01-05,S,-0.76,26.88,slow_draw
300341,2026-01-06,S,0.38,17.19,slow_draw
001319,2026-01-07,S,2.09,27.32,slow_draw
003039,2026-01-07,S,2.47,14.49,slow_draw
300161,2026-01-07,S,1.44,29.4,slow_draw
603939,2026-01-07,S,2.93,21.95,slow_draw
300075,2026-01-08,S,-1.59,15.66,slow_draw
002322,2026-01-09,S,2.44,12.04,slow_draw
301376,2026-01-09,S,1.6,18.52,slow_draw
600060,2026-01-09,S,-0.53,24.15,limit_down
688777,2026-01-09,S,14.14,50.49,fade_high
600071,2026-01-12,S,-0.6,21.85,slow_draw
002223,2026-01-14,S,-0.55,38.62,slow_draw
601900,2026-01-14,S,1.27,13.26,limit_down
300075,2026-01-15,S,-0.75,15.66,slow_draw
600060,2026-01-16,S,-2.02,24.15,slow_draw
603826,2026-01-16,S,8.59,13.86,fade_high
300479,2026-01-19,S,3.32,19.57,slow_draw
002831,2026-01-21,S,2.47,19.76,fade_high
605296,2026-01-21,S,-0.2,29.1,slow_draw
603826,2026-01-23,S,8.59,13.86,fade_high
600071,2026-01-26,S,-2.46,22.48,slow_draw
600129,2026-01-27,S,-2.09,18.88,slow_draw
605296,2026-01-28,S,0.07,28.8,slow_draw
605555,2026-01-29,S,-3.3,19.06,fade_high
000099,2026-01-30,S,-6.16,21.52,slow_draw
300251,2026-01-30,S,-0.39,17.4,limit_down
300417,2026-01-30,S,0.85,13.99,slow_draw
600060,2026-01-30,S,-2.2,24.32,slow_draw
688050,2026-02-03,S,-4.89,61.11,slow_draw
002416,2026-02-04,S,0.22,12.57,fade_high
002299,2026-02-05,S,1.66,16.98,slow_draw
603042,2026-02-05,S,2.42,14.17,slow_draw
603317,2026-02-05,S,-0.61,12.62,slow_draw
603985,2026-02-05,S,1.58,17.11,slow_draw
300251,2026-02-06,S,-1.69,17.4,limit_down
603082,2026-02-06,S,-1.57,37.94,slow_draw
603826,2026-02-06,S,6.69,13.86,slow_draw
002933,2026-02-09,S,-3.58,36.5,slow_draw
603125,2026-02-09,S,-1.06,19.1,fade_high
300691,2026-02-10,S,-3.21,17.76,limit_down
300100,2026-02-11,S,-3.17,35.99,fade_high
601088,2026-02-12,S,2.14,42.09,fade_high
002791,2026-02-24,S,-2.12,22.29,fade_high
603777,2026-02-24,S,5.07,13.57,slow_draw
002085,2026-02-25,S,-3.33,15.89,slow_draw
000096,2026-02-26,S,-1.98,11.17,fade_high
600066,2026-02-26,S,2.55,30.87,slow_draw
601088,2026-02-27,S,2.66,41.83,fade_high
601225,2026-02-27,S,2.03,22.85,slow_draw
301559,2026-03-04,S,-2.63,18.32,slow_draw
002588,2026-03-05,S,-1.9,10.75,fade_high
600066,2026-03-05,S,2.55,30.87,slow_draw
601088,2026-03-06,S,2.99,41.83,jump_gap
601225,2026-03-06,S,1.68,22.85,jump_gap
603527,2026-03-10,S,-0.85,10.97,limit_down
603777,2026-03-10,S,5.69,13.33,slow_draw
300498,2026-03-11,S,0.13,16.13,slow_draw
601882,2026-03-11,S,-2.47,21.35,slow_draw
600449,2026-03-16,S,-2.41,13.72,slow_draw
002559,2026-03-24,S,0.57,10.73,slow_draw
002635,2026-03-24,S,2.17,15.09,fade_high
300998,2026-03-24,S,2.68,24.71,fade_high
603777,2026-03-24,S,3.11,13.33,limit_down
000957,2026-03-27,S,0.69,11.6,slow_draw
000963,2026-03-27,S,-1.76,35.74,slow_draw
002705,2026-03-27,S,2.95,13.61,limit_down
002840,2026-03-27,S,2.63,10.4,limit_down
002962,2026-03-27,S,3.72,15.89,jump_gap
603787,2026-03-27,S,-3.74,13.92,limit_down
603995,2026-03-27,S,1.42,18.99,fade_high
002352,2026-03-30,S,-0.19,36.75,slow_draw
300741,2026-03-30,S,-3.14,17.86,fade_high
603819,2026-03-30,S,2.26,13.03,slow_draw
300628,2026-04-01,S,2.07,33.9,slow_draw
301297,2026-04-01,S,11.17,35.94,fade_high
600449,2026-04-07,S,1.15,12.99,slow_draw
603819,2026-04-07,S,3.8,13.03,slow_draw
002635,2026-04-08,S,2.13,15.16,fade_high
002833,2026-04-08,S,3.75,17.65,slow_draw
600071,2026-04-08,S,1.02,19.11,slow_draw
002832,2026-04-10,S,3.21,17.1,slow_draw
300052,2026-04-10,S,4.02,13.34,fade_high
300898,2026-04-10,S,0.02,23.05,slow_draw
600323,2026-04-10,S,0.16,29.63,slow_draw
603209,2026-04-10,S,-0.82,14.98,slow_draw
000957,2026-04-13,S,-0.02,11.6,slow_draw
001201,2026-04-13,S,-1.7,13.71,slow_draw
002962,2026-04-13,S,6.59,13.88,slow_draw
603995,2026-04-13,S,1.93,17.41,slow_draw
605005,2026-04-13,S,-2.12,20.58,slow_draw
002884,2026-04-14,S,-0.39,17.68,slow_draw
300741,2026-04-14,S,-3.14,17.86,fade_high
000550,2026-04-15,S,-1.11,18.43,slow_draw
002236,2026-04-15,S,1.38,16.85,slow_draw
300439,2026-04-15,S,-3.62,10.55,slow_draw
600992,2026-04-15,S,1.29,12.34,slow_draw
301552,2026-04-16,S,0.71,28.65,fade_high
600031,2026-04-16,S,-1.66,20.98,fade_high
600764,2026-04-16,S,-3.41,24.6,slow_draw
000829,2026-04-17,S,-2.47,10.94,slow_draw
300181,2026-04-17,S,-2.75,15.73,slow_draw
603519,2026-04-17,S,-2.38,13.53,slow_draw
002823,2026-04-20,S,2.88,16.04,slow_draw
300052,2026-04-20,S,4.44,12.85,slow_draw
600285,2026-04-20,S,-0.46,20.65,fade_high
600449,2026-04-21,S,1.0,12.99,slow_draw
603136,2026-04-21,S,-3.7,11.36,fade_high
603062,2026-04-22,S,-1.4,50.22,slow_draw
600258,2026-04-24,S,-2.58,14.9,fade_high
600886,2026-04-24,S,1.23,13.3,slow_draw
002078,2026-04-27,S,-1.1,14.55,fade_high
600323,2026-04-28,S,1.48,28.75,slow_draw
600449,2026-04-28,S,1.45,12.83,slow_draw
300583,2026-04-30,S,-2.51,14.43,slow_draw
603768,2026-04-30,S,0.18,11.22,slow_draw
688139,2026-04-30,S,-4.24,33.95,slow_draw
002946,2026-05-06,S,-2.01,18.24,slow_draw
600876,2026-05-06,S,-3.02,10.01,slow_draw
603939,2026-05-06,S,-3.29,23.32,slow_draw
300052,2026-05-07,S,0.33,12.85,limit_down
688391,2026-05-07,S,-0.55,31.18,slow_draw
300566,2026-05-08,S,6.96,19.08,slow_draw
300928,2026-05-08,S,0.68,30.52,slow_draw
605296,2026-05-13,S,-3.4,31.06,fade_high
002576,2026-05-15,S,-4.43,19.54,limit_down
300685,2026-05-15,S,-2.68,20.4,limit_down
600845,2026-05-20,S,-5.46,23.09,slow_draw
002576,2026-05-22,S,-3.79,19.3,limit_down
300685,2026-05-22,S,-2.24,19.84,limit_down
001286,2026-05-25,S,-2.26,11.65,slow_draw
002823,2026-05-28,S,-3.77,16.79,slow_draw
601066,2026-05-28,S,5.44,23.04,fade_high
001286,2026-06-01,S,-1.87,11.65,slow_draw
600012,2026-06-03,S,0.04,15.69,slow_draw
603858,2026-06-03,S,0.69,15.22,slow_draw
002955,2026-06-09,S,5.33,25.94,slow_draw
301303,2026-06-09,S,2.57,14.29,slow_draw
600521,2026-06-09,S,-0.01,16.78,fade_high
001239,2026-06-15,S,-1.62,13.39,fade_high
301303,2026-06-16,S,-0.21,14.29,fade_high
600298,2026-06-16,S,1.77,35.65,fade_high
600521,2026-06-16,S,-0.01,16.78,fade_high
002727,2026-06-17,S,0.86,11.26,slow_draw
300181,2026-06-17,S,2.04,13.46,fade_high
600587,2026-06-18,S,0.07,12.8,slow_draw
601788,2026-06-18,S,0.61,14.44,fade_high
601995,2026-06-18,S,1.67,33.05,fade_high
603658,2026-06-18,S,0.28,32.41,slow_draw
300146,2026-06-22,S,1.58,9.82,slow_draw
603049,2026-06-23,S,1.92,45.78,slow_draw
603194,2026-06-23,S,-2.51,37.97,slow_draw
300146,2026-06-29,S,0.58,9.82,fade_high
601136,2026-06-30,S,0.48,14.06,fade_high
300999,2026-07-01,S,0.23,26.13,slow_draw
601788,2026-07-03,S,0.6,14.44,slow_draw
603368,2026-07-03,S,-0.42,16.12,slow_draw
603658,2026-07-03,S,0.4,32.25,slow_draw
000429,2026-07-08,S,0.21,13.46,slow_draw
600690,2026-07-08,S,2.0,20.79,slow_draw
002727,2026-07-09,S,2.18,10.54,slow_draw
002946,2026-07-09,S,0.3,16.71,slow_draw
002603,2026-07-10,S,1.97,15.47,fade_high
600285,2026-07-10,S,1.36,21.04,slow_draw
600739,2026-07-10,S,1.06,10.2,fade_high
603658,2026-07-10,S,0.99,31.42,slow_draw
603883,2026-07-14,S,1.73,11.77,slow_draw
002007,2026-07-15,S,0.54,13.05,slow_draw
000429,2026-07-29,S,-0.29,13.46,slow_draw
603170,2026-07-30,S,2.08,12.09,slow_draw
000895,2026-08-10,S,0.0,24.95,no_trigger
600196,2026-08-10,S,0.0,24.12,no_trigger
601939,2026-08-10,S,0.0,10.13,no_trigger
