code,date,exit,exit_date,r,stopped,reason
600207,2001-03-28,16.12,2001-04-06,-1.016685135135133,True,止损触发(层面1)
600600,2009-12-10,28.67,2010-01-22,-0.014623489932885906,True,止损触发(层面1)
600875,2010-04-20,18.27,2010-05-12,-0.017575949367088606,True,止损触发(层面1)
601628,2010-06-02,17.93,2010-07-12,-1.0152711111111095,True,止损触发(层面1)
600054,2010-08-05,11.78,2010-09-21,0.5221639999999992,True,止损触发(层面1)
601088,2010-09-08,9.39,2010-11-17,-0.014272,True,止损触发(层面1)
002028,2011-03-01,12.161344186736425,2011-03-04,-0.05166817271032328,False,收线未确认平仓
600600,2011-04-14,26.21,2011-06-17,-0.01717241379310345,True,止损触发(层面1)
601601,2011-09-20,12.62,2011-09-23,-1.0172571428571437,True,止损(确认期)
601601,2011-09-27,12.62,2011-11-02,-1.0172571428571437,True,止损(确认期)
600009,2011-10-11,10.11,2011-12-09,-0.015368,True,止损触发(层面1)
601001,2011-10-26,12.264459025796183,2011-11-10,-0.40459360984732756,False,收线未确认平仓
600779,2011-11-17,18.61,2011-11-30,-1.0158455555555579,True,止损(确认期)
000858,2011-11-21,24.18,2011-12-06,-1.018324752475249,True,止损触发(层面1)
601601,2011-11-29,12.070442712752808,2011-12-05,-0.26096366183718084,False,收线未确认平仓
600508,2012-03-30,11.27,2012-05-15,-1.0141704918032806,True,止损触发(层面1)
000538,2012-04-05,17.64266897097591,2012-05-09,-0.7023480896416753,False,收线未确认平仓
601001,2012-04-19,10.02,2012-05-18,-1.014774999999999,True,止损触发(层面1)
002299,2012-04-20,11.032988324884677,2012-05-02,-0.35083735023064466,False,收线未确认平仓
600508,2012-04-26,11.24,2012-05-15,-0.01611698113207547,True,止损触发(层面1)
600875,2012-04-26,17.56,2012-05-21,-1.0143276595744695,True,止损触发(层面1)
000858,2012-05-03,22.58,2012-05-24,-1.015873394495416,True,止损触发(层面1)
600875,2012-05-14,18.282183578142387,2012-05-31,-0.4229067598501206,False,收线未确认平仓
000538,2012-05-22,20.59,2012-08-29,3.0200547945205467,True,止损触发(层面1)
600875,2012-05-22,17.47,2012-06-07,-1.0163219512195125,True,止损触发(层面1)
601318,2012-05-31,13.78,2012-08-13,-0.017455000000000002,True,止损触发(层面1)
601628,2012-06-11,14.44,2012-08-13,1.5865333333333338,True,止损触发(层面1)
000422,2012-09-03,11.610083523970964,2012-09-14,-0.36461246004839404,False,收线未确认平仓
601888,2012-09-03,12.557578239928583,2012-09-11,-0.03379501549448793,False,收线未确认平仓
000538,2012-09-05,21.47,2012-10-30,0.7536413461538434,True,止损触发(层面1)
600547,2012-09-14,17.2,2012-11-16,0.16907160493826984,True,止损触发(层面1)
601888,2012-09-24,12.87,2012-11-14,-0.017159649122807017,True,止损触发(层面1)
000568,2012-10-18,24.92,2012-11-06,-1.0164568965517213,True,止损触发(层面1)
600141,2012-12-06,10.83,2013-04-15,-0.015242592592592592,True,止损触发(层面1)
002353,2012-12-18,38.8,2013-06-25,16.787001960784313,True,止损触发(层面1)
600547,2012-12-21,17.02,2013-02-21,-1.013746315789473,True,止损触发(层面1)
002393,2013-05-10,16.49,2013-06-13,-1.0145344827586218,True,止损触发(层面1)
002393,2013-05-17,17.907339692385,2013-05-22,0.6135651636609215,False,收线未确认平仓
601808,2013-07-10,18.27,2013-12-20,8.02746393442623,True,止损触发(层面1)
002393,2013-11-01,17.83,2014-01-07,-0.014570967741935484,True,止损触发(层面1)
601336,2013-12-03,17.82235954925454,2013-12-06,-0.2644383692057468,False,收线未确认平仓
600062,2014-02-14,11.22,2014-02-25,-1.0168509803921564,True,止损触发(层面1)
000568,2014-02-19,12.61,2014-03-28,-1.0138214285714302,True,止损触发(层面1)
601336,2014-02-19,16.02,2014-02-24,-1.016582432432435,True,止损(确认期)
002275,2014-03-21,11.265140053489311,2014-03-26,2.559917082055304,False,收线未确认平仓
600309,2014-03-21,10.19,2014-04-18,-1.0147415094339642,True,止损触发(层面1)
600600,2014-05-16,33.29,2014-06-04,-0.017094594594594593,True,止损触发(层面1)
000917,2014-06-03,13.901962407768913,2014-06-09,-0.6320088312136299,False,收线未确认平仓
000917,2014-06-10,15.97,2014-09-16,2.1240281690140863,True,止损触发(层面1)
000917,2014-06-24,15.97,2014-09-16,1.8454893939393946,True,止损触发(层面1)
600332,2014-07-14,20.39,2014-08-21,-0.01666236559139785,True,止损触发(层面1)
600535,2014-07-25,22.16,2014-12-31,0.1203989361702117,True,止损触发(层面1)
600138,2014-09-02,15.112143410591704,2014-09-05,2.03156728877531,False,收线未确认平仓
600058,2014-09-18,11.69,2014-10-22,-1.0151881355932202,True,止损触发(层面1)
600315,2014-09-18,32.182900720682355,2014-10-10,-0.15823162221235335,False,收线未确认平仓
601888,2014-09-26,16.55,2014-09-30,-1.0147558139534878,True,止损(确认期)
000969,2014-10-08,9.622040889933606,2014-10-13,-0.7410021347430652,False,收线未确认平仓
600594,2014-10-14,15.88,2014-10-28,-1.017371428571425,True,止损触发(层面1)
002051,2014-10-24,15.93,2014-12-31,8.014892982456141,True,止损触发(层面1)
600648,2014-10-24,22.27,2015-01-19,1.0164787499999979,True,止损触发(层面1)
600486,2014-10-29,17.54,2015-02-09,6.614623809523809,True,止损触发(层面1)
002051,2014-10-31,15.93,2014-12-31,9.757058,True,止损触发(层面1)
000538,2014-11-04,28.223115112888664,2014-11-18,-0.6003180341386504,False,收线未确认平仓
000917,2014-11-05,17.17,2014-12-09,-1.0141612903225803,True,止损触发(层面1)
002428,2014-11-05,14.06,2015-01-19,-0.018424137931034482,True,止损触发(层面1)
600654,2014-11-05,10.5,2014-12-08,-0.01596,True,止损触发(层面1)
600292,2014-11-06,15.94,2014-12-09,-0.018354545454545453,True,止损触发(层面1)
600436,2014-11-06,21.490778224143096,2014-11-18,-0.6562667696763264,False,收线未确认平仓
000701,2014-11-12,11.81,2014-12-05,-1.0173903846153838,True,止损触发(层面1)
000917,2014-11-12,17.81,2014-12-05,-0.018542465753424657,True,止损触发(层面1)
002428,2014-11-12,13.78,2015-01-19,0.06976760563380102,True,止损触发(层面1)
300070,2014-11-12,11.102212094894304,2014-11-20,-0.11827304483160074,False,收线未确认平仓
600706,2014-11-12,12.25,2014-12-22,1.052155932203391,True,止损触发(层面1)
600111,2014-11-13,13.943765237707392,2014-11-18,-0.10334138598655965,False,收线未确认平仓
600436,2014-11-13,21.490778224143096,2014-11-18,-0.6562667696763264,False,收线未确认平仓
600309,2014-11-14,12.96,2015-02-06,2.086739655172415,True,止损触发(层面1)
600597,2014-11-14,13.276879680157347,2014-11-19,-0.6851018331147962,False,收线未确认平仓
600648,2014-11-14,23.70893902031314,2014-11-19,1.7352500216097235,False,收线未确认平仓
000049,2014-11-17,19.943863380312607,2014-12-08,-0.5992141703504819,False,收线未确认平仓
600729,2014-11-17,13.07,2015-01-19,-0.014825373134328359,True,止损触发(层面1)
000826,2014-11-21,17.206360419077267,2014-11-27,0.22218176677864937,False,收线未确认平仓
601601,2014-11-21,22.29,2015-05-18,17.165098039215685,True,止损触发(层面1)
600535,2014-11-24,23.158035731167107,2014-12-03,-0.05057986615601434,False,收线未确认平仓
300257,2014-11-25,16.36,2014-12-03,-0.01751267605633803,True,止损触发(层面1)
002428,2014-11-26,14.08,2014-12-24,-0.015508695652173915,True,止损触发(层面1)
600805,2014-11-26,10.56,2014-12-30,-0.014862962962962962,True,止损触发(层面1)
600292,2014-11-27,15.94,2014-12-09,-0.018354545454545453,True,止损触发(层面1)
601601,2014-11-28,22.29,2015-05-18,17.165098039215685,True,止损触发(层面1)
002106,2014-12-01,11.76,2014-12-19,-0.014896666666666667,True,止损触发(层面1)
000869,2014-12-02,28.24,2015-01-19,2.7311946428571408,True,止损触发(层面1)
002304,2014-12-03,41.95,2015-07-03,7.416326388888892,True,止损触发(层面1)
600805,2014-12-03,10.89,2014-12-19,-0.014778571428571427,True,止损触发(层面1)
600831,2014-12-03,9.09,2014-12-05,-1.013946,True,止损(确认期)
002106,2014-12-08,11.76,2014-12-19,-0.014896666666666667,True,止损触发(层面1)
600329,2014-12-08,11.340930135193682,2014-12-17,-0.35812907725227067,False,收线未确认平仓
000701,2014-12-10,12.67,2014-12-19,-0.016892982456140352,True,止损触发(层面1)
002653,2014-12-16,16.51,2015-01-15,-1.014228089887637,True,止损(确认期)
002038,2015-01-05,16.068781954043367,2015-01-08,0.06128546584653283,False,收线未确认平仓
000929,2015-01-07,10.27031947286176,2015-01-12,-0.7409773220695284,False,收线未确认平仓
002186,2015-01-07,18.424828934304433,2015-01-28,0.06434801810687754,False,收线未确认平仓
000929,2015-01-14,22.21,2015-06-26,20.953856363636366,True,止损触发(层面1)
600138,2015-01-16,15.83,2015-02-06,-0.01694507042253521,True,止损触发(层面1)
000049,2015-01-21,21.91,2015-04-16,4.102001086956521,True,止损触发(层面1)
600097,2015-01-26,13.136446481027358,2015-01-29,1.8887797912760653,False,收线未确认平仓
002008,2015-01-27,15.51,2015-02-06,-1.014331325301205,True,止损(确认期)
002422,2015-01-27,16.21,2015-04-16,6.8213807017543875,True,止损触发(层面1)
000553,2015-01-29,13.34,2015-02-05,-1.014211111111112,True,止损触发(层面1)
600983,2015-02-03,10.22,2015-03-09,-1.0153607843137251,True,止损(确认期)
000423,2015-02-09,28.79517377383926,2015-03-06,-0.5080307660957416,False,收线未确认平仓
002038,2015-02-09,16.826593646197015,2015-02-27,0.006242042945928194,False,收线未确认平仓
000919,2015-02-10,14.15,2015-06-30,3.582545,True,止损触发(层面1)
600847,2015-02-10,27.45,2015-05-29,14.215949367088609,True,止损触发(层面1)
600983,2015-02-10,10.22,2015-03-09,-1.0153607843137251,True,止损(确认期)
000513,2015-02-11,12.638226700955673,2015-03-03,-0.15489711702428335,False,收线未确认平仓
000917,2015-02-13,32.65,2015-11-18,17.858860919540227,True,止损触发(层面1)
000963,2015-02-13,12.613841344263097,2015-03-06,-0.5254623479627464,False,收线未确认平仓
600062,2015-02-13,14.89,2015-06-26,3.5406050847457653,True,止损触发(层面1)
600557,2015-02-13,21.55,2015-06-29,2.5745417721518993,True,止损触发(层面1)
000919,2015-02-17,14.15,2015-06-30,3.582545,True,止损触发(层面1)
000028,2015-02-26,44.2,2015-06-23,8.650752531645571,True,止损触发(层面1)
000999,2015-02-26,11.27,2015-03-06,-1.01726,True,止损(确认期)
600054,2015-02-26,9.98402559867119,2015-03-06,0.012626664061155379,False,收线未确认平仓
000963,2015-02-27,12.613841344263097,2015-03-06,0.05616449879196183,False,收线未确认平仓
600557,2015-02-27,21.55,2015-06-29,3.045228000000001,True,止损触发(层面1)
600315,2015-03-09,36.20798465951977,2015-03-12,1.1216428239513747,False,收线未确认平仓
002186,2015-03-11,21.07,2015-07-02,1.8637588235294134,True,止损触发(层面1)
002140,2015-03-12,20.34,2015-06-25,7.287005333333334,True,止损触发(层面1)
000963,2015-03-13,15.61,2015-08-25,3.9067772727272723,True,止损触发(层面1)
000869,2015-03-19,39.17,2015-06-26,7.759537500000002,True,止损触发(层面1)
002566,2015-03-20,15.28,2015-07-07,2.028553846153846,True,止损触发(层面1)
600859,2015-03-23,19.66,2015-06-26,7.402456338028169,True,止损触发(层面1)
000869,2015-03-26,39.17,2015-06-26,7.991649038461542,True,止损触发(层面1)
000823,2015-03-30,12.1,2015-05-06,1.5705586206896551,True,止损触发(层面1)
002041,2015-03-31,15.46,2015-06-30,3.3025508474576286,True,止损触发(层面1)
000538,2015-04-02,35.73278978491778,2015-04-09,-0.41130398623327374,False,收线未确认平仓
600535,2015-04-30,28.51,2015-06-23,-0.016170149253731343,True,止损触发(层面1)
000553,2015-05-04,15.98,2015-05-29,-0.016193333333333334,True,止损触发(层面1)
000553,2015-05-25,16.76489910018249,2015-05-28,2.9885092427007427,False,收线未确认平仓
601877,2016-08-29,17.03,2016-12-23,-0.0044575757575733895,True,止损触发(层面1)
600566,2016-09-28,21.13,2016-11-11,0.969470588235294,True,止损触发(层面1)
002649,2016-10-14,11.96,2016-12-12,-0.016527272727272727,True,止损触发(层面1)
000423,2016-10-26,44.89411719112906,2016-11-21,-0.7567344287039549,False,收线未确认平仓
000423,2016-11-16,44.89411719112906,2016-11-21,-0.8743262948873821,False,收线未确认平仓
600830,2016-12-09,10.92,2017-01-16,-1.013961666666666,True,止损触发(层面1)
600156,2016-12-13,11.663926844520919,2016-12-16,-0.4491036533543745,False,收线未确认平仓
600501,2016-12-14,18.93,2017-01-16,-0.016348863636363637,True,止损触发(层面1)
603099,2016-12-15,19.87,2016-12-26,-1.0163677419354835,True,止损触发(层面1)
002321,2016-12-16,10.730873146622736,2016-12-23,-0.08444259531654198,False,收线未确认平仓
600615,2016-12-21,17.36789520403283,2016-12-26,-0.09479310663018976,False,收线未确认平仓
002598,2016-12-27,11.63,2017-01-13,-1.0146196721311467,True,止损触发(层面1)
600774,2016-12-27,16.12,2017-01-13,-0.014412941176470588,True,止损触发(层面1)
600501,2016-12-28,18.59,2017-01-16,-0.019898591549295776,True,止损触发(层面1)
600703,2016-12-30,25.9,2017-11-17,24.61779298245614,True,止损触发(层面1)
002179,2017-01-04,10.92,2017-01-16,-0.015959615384615385,True,止损触发(层面1)
600501,2017-01-05,18.59,2017-01-16,-0.019898591549295776,True,止损触发(层面1)
002008,2017-01-09,31.89,2017-08-04,10.063942857142857,True,止损触发(层面1)
002453,2017-02-03,10.38,2017-02-27,-1.015299999999999,True,止损触发(层面1)
000400,2017-02-08,16.2,2017-02-17,-1.015914102564104,True,止损触发(层面1)
300084,2017-02-09,12.28,2017-04-12,0.0011338983050843833,True,止损触发(层面1)
002188,2017-02-10,28.19,2017-03-02,-0.5278717557251894,False,收线未确认平仓
002462,2017-02-21,32.531544150175016,2017-03-07,-0.17183135209118575,False,收线未确认平仓
600526,2017-02-21,12.32572077799798,2017-03-01,-0.34949097187815586,False,收线未确认平仓
601238,2017-02-24,15.48,2017-04-14,-0.002177777777778041,True,止损触发(层面1)
000400,2017-03-01,16.62963448473324,2017-03-29,-0.36729399183923617,False,收线未确认平仓
000400,2017-03-08,16.62963448473324,2017-03-29,-0.10162986333348124,False,收线未确认平仓
002009,2017-03-13,14.45362226162325,2017-03-21,-0.3770686152304545,False,收线未确认平仓
600129,2017-03-13,17.02,2017-03-30,-1.0165037974683533,True,止损触发(层面1)
002023,2017-03-14,14.014596721352069,2017-04-13,-0.7081131407110007,False,收线未确认平仓
000400,2017-03-15,16.4,2017-04-24,-0.021489655172413795,True,止损触发(层面1)
002023,2017-03-21,13.45,2017-04-18,-1.018716363636365,True,止损触发(层面1)
603989,2017-03-22,23.43,2017-04-11,-1.0138276923076928,True,止损触发(层面1)
002700,2017-03-27,12.08,2017-04-13,-1.0138328358208955,True,止损触发(层面1)
002373,2017-03-31,13.87,2017-04-12,-0.01673174603174603,True,止损触发(层面1)
002581,2017-03-31,25.25,2017-04-12,-0.21583955223880563,False,收线未确认平仓
002573,2017-04-05,18.19,2017-05-08,1.2445397058823573,True,止损触发(层面1)
600967,2017-04-06,13.06,2017-04-24,-0.016543333333333337,True,止损触发(层面1)
600150,2017-04-07,27.59,2017-04-19,-0.01564776119402985,True,止损触发(层面1)
603989,2017-04-07,25.44474635438622,2017-05-04,-0.01891741970290833,False,收线未确认平仓
603968,2017-04-19,19.17252648416155,2017-04-24,-0.04161885173824679,False,收线未确认平仓
002275,2017-04-20,13.14,2017-04-27,-1.0179624999999977,True,止损触发(层面1)
002048,2017-04-25,16.05,2017-04-27,-1.0157679487179456,True,止损(确认期)
002424,2017-04-25,16.57,2017-07-17,-0.0031999999999980707,True,止损触发(层面1)
000988,2017-04-27,14.131664288529798,2017-05-05,-0.4788276152936031,False,收线未确认平仓
600600,2017-04-27,27.688797477709517,2017-05-31,-0.3510321605480016,False,收线未确认平仓
600756,2017-04-27,20.14,2017-06-01,-0.017393181818181818,True,止损触发(层面1)
600706,2017-04-28,15.41,2017-05-09,-1.0147700000000008,True,止损触发(层面1)
002268,2017-05-02,19.047543942722182,2017-05-17,-0.5744411747531317,False,收线未确认平仓
300001,2017-05-02,15.911706846095397,2017-05-08,-0.8272868718728034,False,收线未确认平仓
600292,2017-05-04,11.25,2017-05-08,-1.0141459016393433,True,止损(确认期)
600897,2017-05-04,13.79,2017-07-14,0.5547407407407383,True,止损触发(层面1)
000669,2017-05-09,11.34,2017-05-19,-1.014737288135593,True,止损(确认期)
002643,2017-05-09,12.88,2017-06-01,-0.01717368421052632,True,止损触发(层面1)
600292,2017-05-11,11.25,2017-05-23,-1.0141459016393433,True,止损(确认期)
600004,2017-05-12,10.335524045718017,2017-05-18,-0.16145285153329966,False,收线未确认平仓
000669,2017-05-16,11.34,2017-05-19,-1.014737288135593,True,止损(确认期)
002643,2017-05-16,12.88,2017-06-01,-0.01717368421052632,True,止损触发(层面1)
600566,2017-05-16,22.572647045122515,2017-05-19,-0.1517643085891174,False,收线未确认平仓
002223,2017-05-17,20.129210632327464,2017-06-09,0.26933533910965546,False,收线未确认平仓
002232,2017-05-17,12.1,2017-06-09,-0.018031372549019604,True,止损触发(层面1)
603369,2017-05-19,13.04,2017-10-31,3.963646296296293,True,止损触发(层面1)
002232,2017-05-24,12.1,2017-06-09,-0.018031372549019604,True,止损触发(层面1)
002142,2017-05-25,14.63,2018-02-09,7.6470722222222225,True,止损触发(层面1)
002019,2017-05-31,19.46,2017-08-30,8.584771212121213,True,止损触发(层面1)
600332,2017-06-05,22.31,2017-07-17,-1.0161254716981154,True,止损触发(层面1)
002597,2017-06-08,21.03,2018-02-09,6.265774025974025,True,止损触发(层面1)
600498,2017-06-08,21.5,2017-07-17,0.7979186915887859,True,止损触发(层面1)
600729,2017-06-08,15.478585358748992,2017-06-15,-0.36428352166801076,False,收线未确认平仓
603589,2017-06-09,28.31287733885335,2017-06-14,0.11238735079013823,False,收线未确认平仓
000998,2017-06-13,21.14,2017-07-17,-0.015906930693069306,True,止损触发(层面1)
600335,2017-06-13,10.07,2017-07-12,-1.0143018518518503,True,止损触发(层面1)
000581,2017-06-15,15.07,2017-09-12,1.1781016393442632,True,止损触发(层面1)
600729,2017-06-15,15.99,2017-07-12,-0.0028302631578950178,True,止损触发(层面1)
600420,2017-06-16,13.55,2017-07-14,-1.0170114754098352,True,止损触发(层面1)
002142,2017-06-19,14.63,2018-02-09,7.508588235294121,True,止损触发(层面1)
600085,2017-06-19,29.67,2017-07-06,-0.019438793103448277,True,止损触发(层面1)
002583,2017-06-20,15.14,2017-06-29,-0.02256078431372549,True,止损触发(层面1)
000400,2017-06-21,15.79,2017-07-17,-0.016438356164383564,True,止损触发(层面1)
600315,2017-06-21,29.86,2018-02-06,2.5554374999999996,True,止损触发(层面1)
600056,2017-06-23,15.487533572754161,2017-06-28,-0.21309909086640952,False,收线未确认平仓
000756,2017-06-26,9.93,2017-07-12,-0.014513461538461538,True,止损触发(层面1)
000998,2017-06-27,20.86,2017-07-17,-0.017813483146067417,True,止损触发(层面1)
002583,2017-07-04,15.4,2017-07-17,-0.0152,True,止损触发(层面1)
002142,2017-07-10,14.63,2018-02-09,7.460359615384616,True,止损触发(层面1)
601969,2017-07-19,11.04,2017-10-12,1.1352622641509424,True,止损触发(层面1)
300463,2017-07-21,22.59,2017-08-22,-1.0163264150943383,True,止损(确认期)
000999,2017-07-25,13.65,2017-09-07,-1.0168629032258052,True,止损触发(层面1)
000513,2017-07-26,20.95,2017-09-05,-1.014872222222224,True,止损触发(层面1)
000792,2017-07-27,16.96,2017-10-11,11.919073076923077,True,止损触发(层面1)
300050,2017-07-31,10.078207546696065,2017-08-03,-0.5567085640460273,False,收线未确认平仓
600872,2017-07-31,19.35,2017-11-27,3.422906493506496,True,止损触发(层面1)
300476,2017-08-03,12.338407427687228,2017-08-08,-0.12030097002164811,False,收线未确认平仓
603188,2017-08-03,18.62147368421052,2017-08-08,-0.0560460806271054,False,收线未确认平仓
002048,2017-08-04,17.51,2017-12-05,3.488754929577468,True,止损触发(层面1)
600990,2017-08-04,34.25088700295894,2017-08-21,-0.29323861864900574,False,收线未确认平仓
002038,2017-08-08,19.62,2017-12-18,4.712008450704225,True,止损触发(层面1)
300003,2017-08-08,19.295269112839446,2017-08-14,-0.21589782181500297,False,收线未确认平仓
603919,2017-08-08,13.65,2017-10-30,0.9214124999999995,True,止损触发(层面1)
000400,2017-08-09,16.02657007626891,2017-09-05,-0.2909122515198633,False,收线未确认平仓
600315,2017-08-09,29.221831261313543,2017-08-22,-0.06482640216649839,False,收线未确认平仓
000860,2017-08-14,15.762100767605133,2017-08-17,0.4002411809309742,False,收线未确认平仓
600315,2017-08-16,29.221831261313543,2017-08-22,0.31788296483049244,False,收线未确认平仓
002326,2017-08-17,12.46,2017-10-17,-0.014796875,True,止损触发(层面1)
000756,2017-08-21,10.727673629806416,2017-08-24,0.07750319569885573,False,收线未确认平仓
002311,2017-08-21,16.85390391117737,2017-08-29,-0.12062937661296624,False,收线未确认平仓
002673,2017-08-23,13.55,2017-10-19,-0.019430188679245283,True,止损触发(层面1)
300054,2017-08-25,9.92,2017-09-25,-1.0152079999999999,True,止损(确认期)
601688,2017-08-28,16.3,2017-10-30,-0.01935625,True,止损触发(层面1)
603288,2017-08-28,21.97,2018-02-06,4.304231111111111,True,止损触发(层面1)
000701,2017-08-29,13.370677332317992,2017-09-01,-0.8228759818853052,False,收线未确认平仓
600668,2017-08-29,13.163885693198928,2017-09-18,-0.6839387396383113,False,收线未确认平仓
002491,2017-08-31,13.34,2017-10-20,0.565092753623189,True,止损触发(层面1)
002410,2017-09-01,12.72,2017-12-05,0.9361435483870966,True,止损触发(层面1)
300307,2017-09-01,9.61,2017-09-25,-1.0141750000000025,True,止损触发(层面1)
600584,2017-09-01,21.64,2017-11-24,8.005485,True,止损触发(层面1)
002311,2017-09-04,16.781801648455758,2017-09-07,-0.6467795992649089,False,收线未确认平仓
002126,2017-09-07,9.52,2017-09-25,-1.01404423076923,True,止损触发(层面1)
300001,2017-09-07,16.0,2017-10-12,-0.018707692307692307,True,止损触发(层面1)
600062,2017-09-08,14.99,2017-11-01,-0.021494339622641506,True,止损触发(层面1)
000963,2017-09-11,23.743441027156713,2017-09-27,-0.0295777545669132,False,收线未确认平仓
300050,2017-09-11,10.5,2017-09-26,-1.0143803571428578,True,止损(确认期)
000869,2017-09-12,33.49,2017-11-07,1.2599952702702706,True,止损触发(层面1)
002117,2017-09-13,10.948200810093386,2017-09-19,-0.6040758300124787,False,收线未确认平仓
600062,2017-09-15,14.72,2017-11-01,-0.019976785714285714,True,止损触发(层面1)
002311,2017-09-18,19.69,2018-02-01,2.4401216867469917,True,止损触发(层面1)
300347,2017-09-18,18.67,2017-12-05,1.512625287356324,True,止损触发(层面1)
300335,2017-09-22,16.85,2017-11-22,0.36695555555555837,True,止损触发(层面1)
000988,2017-09-26,16.92,2017-11-24,-0.00348536585365663,True,止损触发(层面1)
000938,2017-09-29,21.01,2017-10-20,-0.016633333333333333,True,止损触发(层面1)
600486,2017-09-29,33.44,2018-03-23,5.072957264957263,True,止损触发(层面1)
002179,2017-10-11,13.85,2017-12-05,-0.0007835820895525563,True,止损触发(层面1)
600161,2017-10-11,12.223489863639463,2017-10-16,0.41524234007307903,False,收线未确认平仓
000988,2017-10-17,17.36741429526583,2017-11-03,-0.34436229486044473,False,收线未确认平仓
300207,2017-10-17,11.33,2017-11-08,-1.0166884615384606,True,止损(确认期)
600754,2017-10-20,27.01,2017-11-30,-1.0153355555555539,True,止损触发(层面1)
601877,2017-10-20,20.13,2018-06-04,3.738512790697675,True,止损触发(层面1)
600132,2017-10-23,16.25,2017-11-06,-1.0141636363636353,True,止损(确认期)
002589,2017-10-25,14.723800732553752,2017-10-30,0.604096511621156,False,收线未确认平仓
600699,2017-10-26,25.88,2017-11-20,-0.01586209677419355,True,止损触发(层面1)
000988,2017-10-31,17.05,2017-11-24,-0.014725,True,止损触发(层面1)
000988,2017-11-07,18.1,2017-11-17,-0.014791397849462366,True,止损触发(层面1)
002035,2017-11-07,15.352180497873062,2017-11-15,-0.5193820028359172,False,收线未确认平仓
300146,2017-11-07,10.62,2017-11-29,-0.014674545454545454,True,止损触发(层面1)
002597,2017-11-09,21.03,2018-02-09,2.4936788888888906,True,止损触发(层面1)
002626,2017-11-10,15.38,2018-01-02,4.751949180327869,True,止损触发(层面1)
300463,2017-11-10,24.077942533390928,2017-11-15,-0.17772860210409122,False,收线未确认平仓
600585,2017-11-10,20.66,2018-02-09,3.8194500000000007,True,止损触发(层面1)
600597,2017-11-10,13.08,2017-11-20,-0.016568333333333334,True,止损触发(层面1)
600754,2017-11-10,26.62,2017-11-30,-0.016056349206349206,True,止损触发(层面1)
603313,2017-11-16,15.98,2017-12-06,-1.0142523255813947,True,止损触发(层面1)
002311,2017-11-20,17.96,2017-11-27,-0.015,True,止损触发(层面1)
002321,2017-11-20,13.18,2017-12-22,-0.014950746268656716,True,止损触发(层面1)
300183,2017-11-21,17.77,2017-11-24,-1.0170112500000008,True,止损(确认期)
600323,2017-11-24,13.156944461332202,2017-12-25,-0.3275476430125769,False,收线未确认平仓
603900,2017-11-30,22.45,2018-02-06,-0.006035042735044436,True,止损触发(层面1)
603883,2017-12-06,20.57,2017-12-12,-1.0147401869158879,True,止损(确认期)
300270,2017-12-08,12.902445651912334,2017-12-13,1.2419265286649728,False,收线未确认平仓
300024,2017-12-11,18.31,2018-01-15,-1.0154219780219782,True,止损触发(层面1)
300055,2017-12-11,20.13,2018-01-10,-0.01758505747126437,True,止损触发(层面1)
600435,2017-12-11,11.93,2017-12-25,-1.018264,True,止损触发(层面1)
600521,2017-12-14,19.55,2018-01-15,2.781791250000002,True,止损触发(层面1)
600062,2017-12-15,16.42,2018-01-15,-0.003933333333330851,True,止损触发(层面1)
002311,2017-12-18,19.87,2018-01-08,-0.019869736842105263,True,止损触发(层面1)
002410,2017-12-22,13.167159333554304,2017-12-27,-0.3420812203460512,False,收线未确认平仓
300463,2017-12-22,21.768723632349268,2017-12-28,-0.5411775735334047,False,收线未确认平仓
300349,2017-12-26,15.16,2018-02-06,-0.023044,True,止损触发(层面1)
600875,2017-12-27,9.01,2018-02-09,-1.013826,True,止损触发(层面1)
002614,2017-12-28,15.39,2018-01-30,-0.015389473684210526,True,止损触发(层面1)
600436,2017-12-29,94.06,2018-08-06,11.5759031358885,True,止损触发(层面1)
002617,2018-01-02,11.03528707456102,2018-01-29,0.05275504815886423,False,收线未确认平仓
002508,2018-01-03,38.43,2018-02-06,-0.015291623036649216,True,止损触发(层面1)
002672,2018-01-03,15.678124747545452,2018-01-08,-0.2576111475356013,False,收线未确认平仓
300357,2018-01-04,13.97,2018-01-30,-1.0148763888888874,True,止损(确认期)
002262,2018-01-05,13.29,2018-01-29,-0.01711864406779661,True,止损触发(层面1)
600062,2018-01-08,17.10913631955215,2018-01-11,0.5502587771557642,False,收线未确认平仓
600436,2018-01-08,94.06,2018-08-06,11.5759031358885,True,止损触发(层面1)
000042,2018-01-09,16.05,2018-01-22,-0.015440506329113923,True,止损触发(层面1)
002617,2018-01-09,10.46,2018-02-01,-1.015130188679244,True,止损触发(层面1)
300357,2018-01-11,14.06,2018-01-30,-1.017092063492062,True,止损(确认期)
002262,2018-01-12,13.796192484097567,2018-01-19,-0.5338076609756014,False,收线未确认平仓
601198,2018-01-19,13.25,2018-01-31,-0.01830909090909091,True,止损触发(层面1)
000711,2018-01-22,10.63,2018-02-01,-0.014426785714285711,True,止损触发(层面1)
002032,2018-01-22,32.00809540951304,2018-01-25,1.9830029009954213,False,收线未确认平仓
002727,2018-01-22,17.89,2018-02-01,-0.019149295774647888,True,止损触发(层面1)
600009,2018-01-22,41.78,2018-02-09,-0.018788757396449706,True,止损触发(层面1)
603108,2018-01-23,12.49,2018-02-06,-0.016365517241379312,True,止损触发(层面1)
603393,2018-01-25,13.43,2018-06-15,-0.016462903225806454,True,止损触发(层面1)
002695,2018-01-30,15.35,2018-03-07,-1.0163333333333342,True,止损(确认期)
603108,2018-01-30,11.91,2018-02-06,-1.0157362068965519,True,止损触发(层面1)
002136,2018-02-08,13.5,2018-03-23,-0.015784615384615383,True,止损触发(层面1)
002727,2018-02-12,20.21,2018-03-29,1.4559924999999996,True,止损触发(层面1)
002491,2018-02-23,12.4,2018-04-23,0.4136682539682533,True,止损触发(层面1)
002737,2018-02-27,13.08,2018-03-23,3.8339444444444446,True,止损触发(层面1)
600597,2018-03-05,11.56,2018-03-23,-1.0163999999999984,True,止损触发(层面1)
600118,2018-03-06,20.948692112495905,2018-03-14,-0.48008586623166233,False,收线未确认平仓
000553,2018-03-19,13.91,2018-04-23,-1.0183568965517242,True,止损触发(层面1)
300463,2018-03-19,21.449266472126112,2018-03-22,0.058855581426272105,False,收线未确认平仓
600729,2018-03-19,21.47,2018-06-19,6.834684210526312,True,止损触发(层面1)
002223,2018-03-26,20.17,2018-04-09,-0.015803092783505154,True,止损触发(层面1)
002602,2018-03-26,10.9,2018-04-18,-0.01593076923076923,True,止损触发(层面1)
600062,2018-03-26,16.041953086505313,2018-03-29,-0.5768246041113965,False,收线未确认平仓
002242,2018-03-27,12.53,2018-04-12,-1.015246031746033,True,止损触发(层面1)
300024,2018-03-27,19.57,2018-04-20,-0.014300961538461538,True,止损触发(层面1)
000999,2018-04-04,13.51,2018-05-30,-0.01833571428571428,True,止损触发(层面1)
600482,2018-04-04,22.68,2018-05-02,-1.0175404040404061,True,止损触发(层面1)
300439,2018-04-09,20.32458023766221,2018-04-12,2.7667967879793154,False,收线未确认平仓
300583,2018-04-10,23.83,2018-04-23,-0.016027433628318585,True,止损触发(层面1)
000999,2018-04-13,13.39,2018-05-30,-0.015418181818181817,True,止损触发(层面1)
000999,2018-04-27,12.68,2018-07-27,-0.018532692307692306,True,止损触发(层面1)
000423,2018-05-03,47.19326190020872,2018-06-04,-0.1769825144978263,False,收线未确认平仓
002242,2018-05-07,12.76153060386561,2018-05-10,-0.04695066022398153,False,收线未确认平仓
002690,2018-05-07,12.03,2018-08-06,0.7107436363636337,True,止损触发(层面1)
002672,2018-05-08,14.457671922886226,2018-05-11,0.7763820861455135,False,收线未确认平仓
000423,2018-05-10,47.19326190020872,2018-06-04,-0.1769825144978263,False,收线未确认平仓
000999,2018-05-15,13.34,2018-05-30,-1.0164822580645176,True,止损触发(层面1)
002672,2018-05-15,13.88,2018-06-26,-0.01445068493150685,True,止损触发(层面1)
600138,2018-05-16,21.513724782945026,2018-06-04,0.01639507825002412,False,收线未确认平仓
600066,2018-05-24,13.399662766696244,2018-06-06,-0.11195116397421792,False,收线未确认平仓
600066,2018-05-31,12.78,2018-06-19,-1.017789090909092,True,止损触发(层面1)
002186,2018-06-04,15.742529329760046,2018-06-07,0.7106844028387855,False,收线未确认平仓
002424,2018-07-09,10.931373523744625,2018-07-17,-0.4332727653603065,False,收线未确认平仓
601688,2018-10-10,13.49,2018-12-20,1.0778734375000016,True,止损触发(层面1)
601688,2018-10-24,12.815527866737595,2018-10-29,2.0116134641913637,False,收线未确认平仓
601628,2018-10-25,18.83,2018-11-23,-0.021683333333333332,True,止损触发(层面1)
000028,2018-10-26,26.55,2018-11-26,-1.0162727999999999,True,止损触发(层面1)
002373,2019-01-18,16.61,2019-05-06,7.625795161290323,True,止损触发(层面1)
000999,2019-01-21,13.76,2019-04-22,4.459668000000001,True,止损触发(层面1)
000776,2019-02-15,11.42,2019-05-08,-0.01578,True,止损触发(层面1)
600999,2019-02-18,10.93,2019-05-06,1.3368294117647048,True,止损触发(层面1)
600150,2019-02-19,20.35,2019-10-18,10.66982205882353,True,止损触发(层面1)
002151,2019-02-20,24.7,2019-04-25,2.6557009345794382,True,止损触发(层面1)
300498,2019-02-20,22.823423297307766,2019-02-25,4.0528163729098035,False,收线未确认平仓
300176,2019-03-05,39.767527316996265,2019-03-08,2.549617555087586,False,收线未确认平仓
600897,2019-03-29,14.424391212220966,2019-04-03,-0.1443013129650565,False,收线未确认平仓
601800,2019-04-04,10.21,2019-04-26,-0.014641509433962264,True,止损触发(层面1)
000895,2019-05-31,17.28,2019-07-10,-1.0161451219512199,True,止损触发(层面1)
600388,2019-06-20,10.503725928407082,2019-06-25,0.029709298881286136,False,收线未确认平仓
600388,2019-06-27,9.95,2019-07-10,-1.0143981132075495,True,止损触发(层面1)
600885,2019-07-26,11.42,2019-08-26,-1.0156285714285722,True,止损触发(层面1)
600315,2019-08-15,33.41,2019-10-31,2.458090209790207,True,止损触发(层面1)
600104,2019-08-20,19.48,2019-09-25,-1.0162217391304327,True,止损触发(层面1)
600885,2019-08-23,12.03,2019-10-30,0.0015618181818177945,True,止损触发(层面1)
600104,2019-08-27,20.16,2019-09-17,-0.021580281690140847,True,止损触发(层面1)
600048,2019-09-20,11.58,2019-10-28,-0.015716071428571426,True,止损触发(层面1)
600048,2019-09-27,11.42,2019-10-28,-0.015226315789473683,True,止损触发(层面1)
000997,2019-10-22,14.24,2019-10-30,-1.0153732394366184,True,止损(确认期)
002223,2019-10-25,18.95,2019-11-11,-1.0193320000000001,True,止损(确认期)
603678,2019-11-14,20.201470410079104,2019-12-04,-0.5221792499267559,False,收线未确认平仓
603180,2019-11-25,28.38,2020-01-22,-0.019431531531531532,True,止损触发(层面1)
600754,2019-11-29,22.23,2020-02-03,-0.014691304347826088,True,止损触发(层面1)
300001,2019-12-05,21.38,2020-03-13,6.631890361445783,True,止损触发(层面1)
300316,2019-12-10,18.56,2020-03-30,7.120226388888888,True,止损触发(层面1)
300001,2019-12-12,21.38,2020-03-13,6.631890361445783,True,止损触发(层面1)
600612,2019-12-12,39.55,2020-02-03,-0.01488019801980198,True,止损触发(层面1)
300607,2019-12-13,13.76,2020-02-04,-0.019366666666666667,True,止损触发(层面1)
600372,2019-12-13,13.35,2020-02-03,-0.00023770491803313553,True,止损触发(层面1)
603833,2019-12-17,58.92,2020-02-03,-0.016107553956834532,True,止损触发(层面1)
601163,2019-12-24,12.33,2020-01-23,-0.01837450980392157,True,止损触发(层面1)
002142,2019-12-30,22.17,2020-01-22,-1.0164883495145607,True,止损触发(层面1)
300024,2019-12-30,14.36,2020-02-03,-0.0015724137931038156,True,止损触发(层面1)
300596,2020-01-03,33.27,2020-02-03,-0.01620833333333333,True,止损触发(层面1)
002558,2020-01-07,16.78,2020-01-20,-0.016562337662337664,True,止损触发(层面1)
300625,2020-01-10,12.99,2020-01-23,-0.014102857142857144,True,止损触发(层面1)
002223,2020-01-13,30.72,2020-07-24,16.641417808219174,True,止损触发(层面1)
300718,2020-01-13,12.83,2020-02-04,-0.016527118644067796,True,止损触发(层面1)
002558,2020-01-14,17.212818944208873,2020-01-17,0.5451869405310027,False,收线未确认平仓
300024,2020-01-14,14.25,2020-02-03,-1.0158260869565212,True,止损触发(层面1)
300423,2020-01-15,13.08,2020-02-03,-1.0169796610169488,True,止损触发(层面1)
603578,2020-01-15,11.738201670520798,2020-01-20,1.959630726511368,False,收线未确认平仓
600498,2020-01-17,26.91,2020-02-28,-0.021991397849462364,True,止损触发(层面1)
300233,2020-02-04,17.77,2020-02-28,-1.0183797297297323,True,止损触发(层面1)
000776,2020-02-05,12.887570147164157,2020-02-24,-0.2897211657782902,False,收线未确认平仓
002302,2020-02-05,10.96428307290905,2020-03-05,-0.04454060572398326,False,收线未确认平仓
603368,2020-02-05,20.795896413962097,2020-02-10,1.3769239142364915,False,收线未确认平仓
002038,2020-02-06,13.325025917909763,2020-02-11,0.7307106429380964,False,收线未确认平仓
603708,2020-02-06,21.27,2020-02-24,-1.0158242718446613,True,止损触发(层面1)
300520,2020-02-07,23.02,2020-02-25,4.614496666666665,True,止损触发(层面1)
002468,2020-02-10,18.66,2020-02-28,-1.0136361904761912,True,止损触发(层面1)
002926,2020-02-10,10.35,2020-02-28,-0.01430181818181818,True,止损触发(层面1)
601211,2020-02-10,14.85,2020-03-09,-1.0192593220338981,True,止损(确认期)
603508,2020-02-10,22.52,2020-02-25,-1.0179583333333342,True,止损(确认期)
002253,2020-02-11,14.81,2020-02-26,-1.0209740740740723,True,止损(确认期)
603858,2020-02-11,17.42,2020-03-12,-1.0150056179775246,True,止损触发(层面1)
002558,2020-02-12,17.41,2020-02-26,-1.0139125000000009,True,止损(确认期)
002262,2020-02-17,10.69,2020-03-12,-1.0154584905660398,True,止损触发(层面1)
002926,2020-02-17,10.35,2020-02-28,-0.01430181818181818,True,止损触发(层面1)
603508,2020-02-17,21.5,2020-03-13,-0.016673469387755102,True,止损触发(层面1)
002232,2020-02-18,10.21,2020-02-28,-0.015215686274509805,True,止损触发(层面1)
603260,2020-02-18,27.74,2020-03-09,-1.0150822695035462,True,止损(确认期)
000776,2020-02-19,12.887570147164157,2020-02-24,-0.2897211657782902,False,收线未确认平仓
002302,2020-02-19,10.96428307290905,2020-03-05,-0.04454060572398326,False,收线未确认平仓
002558,2020-02-19,16.79,2020-03-09,-0.019044776119402983,True,止损触发(层面1)
603288,2020-02-19,44.66,2020-03-09,-1.0159906542056076,True,止损(确认期)
002025,2020-02-20,25.05,2020-02-28,-1.0144443609022544,True,止损触发(层面1)
300423,2020-02-20,12.96,2020-02-25,-1.0138097222222207,True,止损(确认期)
600999,2020-02-20,13.177885499743521,2020-02-25,0.6998898433492506,False,收线未确认平仓
601869,2020-02-21,31.75,2020-02-28,-1.0143241176470605,True,止损触发(层面1)
600271,2020-02-24,21.43,2020-03-09,-1.0150715596330273,True,止损触发(层面1)
600298,2020-02-24,28.07,2020-03-18,1.8286635658914718,True,止损触发(层面1)
600498,2020-02-24,27.58,2020-05-26,3.2138482142857114,True,止损触发(层面1)
603508,2020-02-24,21.5,2020-03-13,-0.016673469387755102,True,止损触发(层面1)
002727,2020-02-25,22.85,2020-04-30,2.002845098039218,True,止损触发(层面1)
600048,2020-02-25,12.41,2020-03-09,-0.014737499999999999,True,止损触发(层面1)
300142,2020-02-26,28.58,2020-03-17,-1.0152138888888897,True,止损触发(层面1)
002462,2020-02-27,13.45,2020-03-10,-1.0194169811320777,True,止损触发(层面1)
300423,2020-02-27,13.06,2020-03-13,-1.0139152777777762,True,止损触发(层面1)
603332,2020-03-02,12.27,2020-03-10,-0.015541666666666667,True,止损触发(层面1)
002727,2020-03-03,22.85,2020-04-30,2.002845098039218,True,止损触发(层面1)
000623,2020-03-04,14.13289513549444,2020-03-09,-0.558764197952821,False,收线未确认平仓
000777,2020-03-04,10.89,2020-03-13,-0.015615094339622642,True,止损触发(层面1)
603790,2020-03-04,13.23,2020-04-03,-1.0166131147540973,True,止损(确认期)
002727,2020-03-10,22.85,2020-04-30,2.915363736263738,True,止损触发(层面1)
300491,2020-03-10,12.12,2020-04-23,-0.015351666666666668,True,止损触发(层面1)
002727,2020-03-17,22.85,2020-04-30,2.915363736263738,True,止损触发(层面1)
603858,2020-03-17,17.73,2020-04-30,-0.004757534246573202,True,止损触发(层面1)
603856,2020-04-08,10.18,2020-04-28,-0.015170588235294118,True,止损触发(层面1)
603868,2020-04-30,42.92,2020-12-10,6.852728025477706,True,止损触发(层面1)
600835,2020-05-11,12.709702877196609,2020-06-02,-0.11660687133898472,False,收线未确认平仓
600835,2020-05-18,12.709702877196609,2020-06-02,-0.11660687133898472,False,收线未确认平仓
002025,2020-05-27,26.618096906943816,2020-06-03,-0.44810007690593806,False,收线未确认平仓
603515,2020-05-27,22.84,2020-09-22,4.164066666666668,True,止损触发(层面1)
600535,2020-06-02,12.210430563450432,2020-06-05,-0.6377788730991356,False,收线未确认平仓
603351,2020-06-04,21.027382793258727,2020-06-09,-0.5033644098543774,False,收线未确认平仓
300531,2020-06-05,16.706143196744435,2020-06-10,-0.48936937120957386,False,收线未确认平仓
600535,2020-06-09,14.42,2020-09-25,3.7785760000000006,True,止损触发(层面1)
600482,2020-06-11,18.56,2020-09-07,4.132684615384614,True,止损触发(层面1)
300531,2020-06-12,20.37,2020-07-15,4.145501265822788,True,止损触发(层面1)
601088,2020-06-16,10.38,2020-07-16,-0.015778,True,止损触发(层面1)
601601,2020-07-01,27.02,2021-04-15,3.947414035087719,True,止损触发(层面1)
002032,2020-07-02,51.32,2020-10-27,-0.01718193832599119,True,止损触发(层面1)
601336,2020-07-06,45.15,2020-11-06,5.536631360946747,True,止损触发(层面1)
603351,2020-07-06,25.81,2020-08-26,4.888618749999999,True,止损触发(层面1)
601601,2020-07-08,27.02,2021-04-15,3.947414035087719,True,止损触发(层面1)
600036,2020-07-09,27.42,2020-09-30,1.2662118518518521,True,止损触发(层面1)
600036,2020-07-30,27.42,2020-09-30,0.44573928571428845,True,止损触发(层面1)
002462,2020-07-31,13.22,2020-09-11,-0.015947619047619047,True,止损触发(层面1)
603657,2020-09-29,17.33,2020-12-17,-0.01586867469879518,True,止损触发(层面1)
300349,2020-10-19,13.738175114765916,2020-10-22,0.024636270508215354,False,收线未确认平仓
002422,2020-10-28,19.58,2020-11-24,-1.0141688679245302,True,止损触发(层面1)
300583,2020-10-28,17.87,2020-10-30,-1.0164927710843352,True,止损(确认期)
600487,2020-10-29,14.12,2020-11-27,-1.0166400000000007,True,止损触发(层面1)
300422,2020-11-03,11.860152224824354,2020-11-19,-0.5177875503512908,False,收线未确认平仓
300771,2020-11-05,20.65734185187009,2020-11-12,-0.33491195284537434,False,收线未确认平仓
300166,2020-11-13,12.82,2020-11-25,-0.02991515151515119,False,收线未确认平仓
300616,2020-11-27,61.74,2021-02-01,3.408459695817493,True,止损触发(层面1)
600585,2020-12-10,40.44,2021-01-07,-1.0158912820512835,True,止损(确认期)
002886,2021-01-14,13.92,2021-01-25,-1.0159194029850744,True,止损触发(层面1)
002268,2021-01-21,18.011941805942627,2021-01-27,1.2005543842853534,False,收线未确认平仓
601088,2021-02-01,11.972409502351523,2021-02-24,-0.16936904388647203,False,收线未确认平仓
002734,2021-02-18,10.96,2021-03-10,-0.015145454545454545,True,止损触发(层面1)
000935,2021-02-19,12.57,2021-03-09,-0.015408064516129033,True,止损触发(层面1)
600585,2021-02-19,38.57,2021-03-05,-0.016375977653631284,True,止损触发(层面1)
000997,2021-02-23,13.778922176717575,2021-03-04,-0.035329218495776714,False,收线未确认平仓
000651,2021-03-03,39.81,2021-05-13,-1.0140087155963302,True,止损触发(层面1)
000581,2021-03-11,17.78,2021-06-09,-0.003776344086019824,True,止损触发(层面1)
002222,2021-03-11,12.51,2021-05-10,1.8738690909090894,True,止损触发(层面1)
300036,2021-04-30,24.78,2021-09-27,14.105510169491525,True,止损触发(层面1)
000063,2021-05-20,28.79,2021-07-05,1.216189130434782,True,止损触发(层面1)
000063,2021-05-27,28.79,2021-07-05,0.9367579310344821,True,止损触发(层面1)
603590,2021-06-02,35.41,2021-06-11,-0.018307482993197278,True,止损触发(层面1)
002930,2021-06-03,14.44479568903071,2021-06-08,0.17786513911048513,False,收线未确认平仓
300723,2021-06-08,22.17,2021-09-01,4.482270652173914,True,止损触发(层面1)
002151,2021-06-17,41.5,2021-07-01,-1.015077725118483,True,止损触发(层面1)
000063,2021-07-02,31.69,2021-08-25,0.5509641509433976,True,止损触发(层面1)
002741,2021-07-07,18.62,2021-07-28,3.1520373493975913,True,止损触发(层面1)
300625,2021-07-29,13.302878319113564,2021-08-06,-0.3701030015829218,False,收线未确认平仓
300348,2021-07-30,16.369208529324197,2021-08-06,-0.26179210096543115,False,收线未确认平仓
603131,2021-07-30,22.43,2021-12-03,7.531999999999999,True,止损触发(层面1)
000401,2021-08-04,11.03333512069366,2021-08-11,-0.06873309667909801,False,收线未确认平仓
300348,2021-08-06,16.54,2021-08-16,-0.01795714285714286,True,止损触发(层面1)
600585,2021-08-06,31.04,2021-08-26,-0.014930379746835443,True,止损触发(层面1)
600371,2021-08-31,10.43,2021-09-10,-1.0156725490196075,True,止损(确认期)
688550,2021-09-09,37.183009104316255,2021-09-14,3.08568804070649,False,收线未确认平仓
600990,2021-09-10,23.29,2021-10-12,-1.0187621052631572,True,止损(确认期)
000777,2021-09-13,11.04,2021-10-12,-0.015254545454545453,True,止损触发(层面1)
002946,2021-09-17,14.25,2021-10-18,-0.01616417910447761,True,止损触发(层面1)
600990,2021-09-17,22.99,2021-10-12,-1.0151922413793104,True,止损(确认期)
000777,2021-09-22,11.16,2021-10-12,-0.014624137931034484,True,止损触发(层面1)
600990,2021-09-28,22.99,2021-10-12,-1.0151922413793104,True,止损(确认期)
600566,2021-10-18,19.1,2022-01-26,8.266962121212122,True,止损触发(层面1)
600184,2021-10-19,11.843314354071753,2021-11-11,-0.21305363716652229,False,收线未确认平仓
600990,2021-10-19,25.424354845357588,2021-10-22,1.082067108066887,False,收线未确认平仓
000977,2021-10-22,32.72,2022-01-13,1.7904129770992345,True,止损触发(层面1)
600566,2021-10-25,19.1,2022-01-26,8.266962121212122,True,止损触发(层面1)
600184,2021-10-26,10.96,2021-10-28,-1.0142474576271185,True,止损(确认期)
603108,2021-10-26,11.53,2022-01-25,1.0590773584905633,True,止损触发(层面1)
000026,2021-10-29,10.07,2021-12-06,-1.014848076923076,True,止损触发(层面1)
000977,2021-10-29,32.72,2022-01-13,1.0846012499999986,True,止损触发(层面1)
600566,2021-11-01,19.1,2022-01-26,9.962384126984128,True,止损触发(层面1)
002695,2021-11-03,13.877147681710477,2021-11-08,0.6012601602166212,False,收线未确认平仓
605222,2021-11-03,23.42,2021-12-24,2.139913761467891,True,止损触发(层面1)
600104,2021-11-05,18.9542705418505,2021-11-10,0.5383852108247277,False,收线未确认平仓
600511,2021-11-11,27.33,2021-12-28,-0.009283620689656888,True,止损触发(层面1)
603568,2021-11-22,18.52,2022-01-17,0.9843146067415737,True,止损触发(层面1)
300168,2021-11-29,11.96,2022-01-10,0.3218640000000034,True,止损触发(层面1)
603139,2021-12-09,20.15,2022-01-18,-0.015162376237623761,True,止损触发(层面1)
002262,2021-12-13,14.18,2022-01-20,-0.015848529411764706,True,止损触发(层面1)
603568,2021-12-13,17.64,2022-03-09,-0.0038258426966274574,True,止损触发(层面1)
300383,2021-12-23,14.420094252601874,2021-12-30,-0.12448732520291196,False,收线未确认平仓
300873,2021-12-23,20.87,2022-01-20,-1.017951685393259,True,止损触发(层面1)
300838,2021-12-27,17.38112376958411,2021-12-30,0.5817841163429988,False,收线未确认平仓
300873,2021-12-30,20.87,2022-01-20,-1.017951685393259,True,止损触发(层面1)
600271,2022-01-04,12.896988216836068,2022-01-07,0.12451325296139867,False,收线未确认平仓
000623,2022-01-06,15.41,2022-01-19,-1.0140726190476188,True,止损(确认期)
300383,2022-01-14,14.46,2022-01-26,-0.015700000000000002,True,止损触发(层面1)
605177,2022-01-17,25.83,2022-01-24,-1.0163537190082652,True,止损触发(层面1)
002315,2022-01-19,11.14225496927283,2022-02-23,-0.2916386503985446,False,收线未确认平仓
002315,2022-01-26,11.14225496927283,2022-02-23,-0.2916386503985446,False,收线未确认平仓
601952,2022-01-28,11.06,2022-03-09,-0.015010714285714285,True,止损触发(层面1)
603955,2022-02-08,14.67,2022-03-14,1.1044651515151518,True,止损触发(层面1)
002315,2022-02-09,11.14225496927283,2022-02-23,-0.2916386503985446,False,收线未确认平仓
000028,2022-02-14,21.09,2022-03-08,-1.019918518518517,True,止损(确认期)
002315,2022-02-16,11.14225496927283,2022-02-23,-0.1659052253916726,False,收线未确认平仓
002373,2022-02-17,13.53,2022-03-04,-1.0152514705882374,True,止损触发(层面1)
600621,2022-02-28,11.85,2022-03-24,-1.016807407407409,True,止损触发(层面1)
605100,2022-02-28,12.571646530778827,2022-03-03,1.642989394719387,False,收线未确认平仓
002977,2022-03-01,40.878395802432564,2022-03-04,-0.46820955420412974,False,收线未确认平仓
600776,2022-03-02,10.47,2022-03-25,-1.016044,True,止损(确认期)
600729,2022-03-31,18.48,2022-04-12,-1.0170518072289136,True,止损触发(层面1)
600419,2022-04-18,12.79,2022-04-22,-1.018131481481483,True,止损触发(层面1)
600848,2022-04-18,12.02,2022-05-17,-1.0137641791044774,True,止损(确认期)
000651,2022-05-30,24.96,2022-08-02,-0.01897,True,止损触发(层面1)
600674,2022-06-06,10.47723253489453,2022-06-14,-0.28149493021093996,False,收线未确认平仓
600674,2022-06-13,11.63,2022-09-15,1.7986833333333339,True,止损触发(层面1)
002311,2022-07-08,56.721740524179836,2022-07-13,-0.42578837630715033,False,收线未确认平仓
603768,2022-07-27,19.92,2022-10-13,4.418060000000004,True,止损触发(层面1)
600419,2022-08-05,12.97,2022-10-28,1.100432000000001,True,止损触发(层面1)
002916,2022-10-20,57.0208224310692,2022-11-08,-0.30252311791252073,False,收线未确认平仓
600332,2022-10-27,24.974257217109425,2022-11-04,-0.030195463383107114,False,收线未确认平仓
603043,2022-10-31,20.15,2022-11-22,-0.02187714285714286,True,止损触发(层面1)
000651,2022-11-02,30.13,2023-05-04,4.2523982456140335,True,止损触发(层面1)
600977,2022-11-03,12.33,2023-02-07,3.8417599999999994,True,止损触发(层面1)
600585,2022-11-04,23.781376704813464,2022-11-17,-0.43896941265544576,False,收线未确认平仓
603369,2022-11-08,49.59,2023-06-01,5.561928301886794,True,止损触发(层面1)
600332,2022-11-10,25.63,2022-11-23,-0.01708684210526316,True,止损触发(层面1)
601601,2022-12-02,23.46,2023-03-15,3.318975510204081,True,止损触发(层面1)
000028,2022-12-07,22.47,2022-12-20,-0.016742156862745095,True,止损触发(层面1)
688981,2022-12-09,40.71,2022-12-29,-1.0184372781065074,True,止损触发(层面1)
002365,2022-12-26,10.93,2023-03-14,-1.0161038461538452,True,止损触发(层面1)
603213,2022-12-26,12.045583832300132,2022-12-29,-0.8420265044260149,False,收线未确认平仓
000998,2022-12-27,16.38,2023-03-08,-0.018042028985507247,True,止损触发(层面1)
603213,2023-01-03,12.56,2023-04-19,0.0007475409836062073,True,止损触发(层面1)
600406,2023-01-04,19.48,2023-02-10,-0.015421875000000002,True,止损触发(层面1)
002230,2023-01-09,55.44,2023-04-27,11.728119444444443,True,止损触发(层面1)
300442,2023-01-10,24.646020730115602,2023-01-13,1.788130219157716,False,收线未确认平仓
603213,2023-01-10,13.311177960731069,2023-01-13,1.2314097716902754,False,收线未确认平仓
600391,2023-01-13,19.71,2023-04-25,1.9497168539325842,True,止损触发(层面1)
603599,2023-01-13,19.21,2023-03-27,-0.01972972972972973,True,止损触发(层面1)
600391,2023-01-20,19.71,2023-04-25,1.9497168539325842,True,止损触发(层面1)
000501,2023-02-01,10.46,2023-04-14,0.022741509433964812,True,止损触发(层面1)
600768,2023-02-02,10.07,2023-04-25,1.5048919999999997,True,止损触发(层面1)
300970,2023-02-03,14.696935351379333,2023-02-08,2.835047984876022,False,收线未确认平仓
603599,2023-02-03,19.34,2023-03-27,-1.0192194805194799,True,止损触发(层面1)
002258,2023-02-07,17.4617870247142,2023-02-15,-0.3450199646939997,False,收线未确认平仓
600690,2023-02-17,23.28,2023-03-01,-1.018183673469388,True,止损触发(层面1)
000063,2023-02-20,28.22,2023-04-03,2.4302725490196075,True,止损触发(层面1)
002827,2023-02-20,10.252306355987365,2023-02-23,-0.7363404784561458,False,收线未确认平仓
600801,2023-02-20,14.19,2023-03-10,-0.01997037037037037,True,止损触发(层面1)
002179,2023-02-23,41.27914242029376,2023-02-28,-0.042505797099651736,False,收线未确认平仓
600993,2023-02-28,22.69,2023-04-11,-0.017073267326732672,True,止损触发(层面1)
300244,2023-03-01,24.49,2023-04-06,-0.014655118110236221,True,止损触发(层面1)
002179,2023-03-02,42.061273539836165,2023-03-08,-0.26152803342435277,False,收线未确认平仓
300244,2023-03-08,23.84,2023-04-27,-0.015618965517241378,True,止损触发(层面1)
600258,2023-03-13,23.174711393156656,2023-04-11,-0.2885129588984237,False,收线未确认平仓
300244,2023-03-15,23.35,2023-04-27,-0.016280733944954127,True,止损触发(层面1)
300294,2023-03-17,34.05897689989633,2023-03-22,-0.3059006509489159,False,收线未确认平仓
300244,2023-03-22,24.31,2023-05-05,1.284434782608695,True,止损触发(层面1)
002007,2023-03-24,20.32,2023-05-05,-0.01529009900990099,True,止损触发(层面1)
300294,2023-03-24,34.55,2023-06-26,-0.015537278106508876,True,止损触发(层面1)
002007,2023-03-31,20.32,2023-05-05,-0.01529009900990099,True,止损触发(层面1)
002163,2023-03-31,11.6,2023-04-18,-1.0170846153846145,True,止损触发(层面1)
300294,2023-03-31,34.55,2023-06-26,-0.015537278106508876,True,止损触发(层面1)
300947,2023-04-06,13.71,2023-04-26,-0.015787878787878788,True,止损触发(层面1)
601066,2023-04-19,26.16101766666619,2023-05-11,-0.08523735632224866,False,收线未确认平仓
601995,2023-05-08,44.12637533424572,2023-05-11,1.6919827903509377,False,收线未确认平仓
301083,2023-05-22,18.62,2023-07-26,12.030383636363636,True,止损触发(层面1)
000550,2023-05-24,24.72,2024-04-24,23.023383636363633,True,止损触发(层面1)
688303,2023-05-24,40.28,2023-06-20,-0.01561887755102041,True,止损触发(层面1)
600699,2023-05-25,14.81,2023-06-08,-0.01631304347826087,True,止损触发(层面1)
600893,2023-06-05,40.51,2023-07-20,-1.0158377551020412,True,止损触发(层面1)
603160,2023-06-05,49.687441895570416,2023-06-15,-0.597669112046435,False,收线未确认平仓
688586,2023-06-05,12.73,2023-07-17,-1.0159901639344253,True,止损触发(层面1)
600089,2023-06-08,15.719904646316818,2023-06-13,-0.25271888642523943,False,收线未确认平仓
600699,2023-06-08,17.42,2023-08-14,3.763913043478263,True,止损触发(层面1)
600893,2023-06-12,39.89,2023-07-21,-0.0212,True,止损触发(层面1)
301022,2023-06-15,23.72,2023-06-28,-0.01514873949579832,True,止损触发(层面1)
600089,2023-06-15,15.14,2023-07-20,-1.0152697368421049,True,止损触发(层面1)
002465,2023-06-16,9.92,2023-07-12,0.004827450980391738,True,止损触发(层面1)
002831,2023-06-16,16.06,2023-08-07,0.6997718749999986,True,止损触发(层面1)
300627,2023-06-19,21.436949262024118,2023-06-26,1.554094959600125,False,收线未确认平仓
600893,2023-06-19,40.04170265618108,2023-06-26,0.08481864068606958,False,收线未确认平仓
002053,2023-06-20,10.717317440031087,2023-07-05,-0.12649207137305837,False,收线未确认平仓
300627,2023-06-28,19.96,2023-09-20,-0.016138297872340425,True,止损触发(层面1)
301160,2023-06-28,15.8,2023-08-04,-0.014467469879518073,True,止损触发(层面1)
600893,2023-06-28,39.52,2023-07-28,-1.0158554973821972,True,止损触发(层面1)
600585,2023-07-04,22.42,2023-10-10,0.8372410256410279,True,止损触发(层面1)
003037,2023-07-07,12.428903354625875,2023-07-12,-0.25093440895687485,False,收线未确认平仓
301107,2023-07-07,14.69,2023-07-28,-0.020298181818181816,True,止损触发(层面1)
600827,2023-07-07,12.38,2023-08-14,-1.0150650793650777,True,止损触发(层面1)
000408,2023-07-11,20.368884369418645,2023-07-24,-0.733352242717217,False,收线未确认平仓
300629,2023-07-13,20.50350846200194,2023-07-31,-0.7040072480750575,False,收线未确认平仓
600199,2023-07-19,25.89,2023-08-14,-0.017412389380530975,True,止损触发(层面1)
601966,2023-07-24,21.889179320347218,2023-07-27,0.19502139481396094,False,收线未确认平仓
300384,2023-07-25,15.902007221291784,2023-08-02,-0.19243048552335246,False,收线未确认平仓
301029,2023-07-31,37.06102891004814,2023-08-04,-0.4270522472262997,False,收线未确认平仓
300384,2023-08-01,15.26,2023-08-14,-1.0149987179487172,True,止损触发(层面1)
600862,2023-08-02,23.06,2023-08-28,-1.0162082568807338,True,止损触发(层面1)
300872,2023-08-03,15.15,2023-08-14,-0.014392499999999999,True,止损触发(层面1)
002465,2023-08-08,10.156981776511671,2023-09-01,-0.37404161468299774,False,收线未确认平仓
300619,2023-08-10,28.51,2023-08-15,-1.0150731034482754,True,止损(确认期)
300872,2023-08-17,14.35,2023-08-29,-1.0137625000000008,True,止损(确认期)
600316,2023-08-17,21.43,2023-08-21,-1.016097058823529,True,止损(确认期)
000408,2023-08-22,20.65,2023-10-11,-1.0155166666666697,True,止损触发(层面1)
300012,2023-08-22,19.27,2023-08-29,-1.0204708333333317,True,止损(确认期)
600055,2023-08-22,18.45308133097316,2023-08-31,-0.3689455965825775,False,收线未确认平仓
603393,2023-08-22,26.96,2023-10-23,-0.015291044776119403,True,止损触发(层面1)
300408,2023-08-24,31.07837393337972,2023-09-04,-0.404665647528842,False,收线未确认平仓
600031,2023-08-28,15.847217906315908,2023-09-06,0.7638498733998765,False,收线未确认平仓
000408,2023-08-29,20.31,2023-10-18,-1.015721212121214,True,止损触发(层面1)
603393,2023-08-29,26.96,2023-10-23,-0.015291044776119403,True,止损触发(层面1)
600862,2023-08-30,23.92,2023-10-12,-0.006814999999998697,True,止损触发(层面1)
603195,2023-08-30,44.02,2023-10-20,-1.0167746268656708,True,止损触发(层面1)
300809,2023-08-31,20.18,2023-09-18,-1.0166215053763437,True,止损(确认期)
002635,2023-09-01,12.25,2023-09-21,-0.017903846153846156,True,止损触发(层面1)
300997,2023-09-01,13.054896897266952,2023-09-06,0.6147949135523799,False,收线未确认平仓
603080,2023-09-01,14.47248109656169,2023-09-06,1.5563309177872169,False,收线未确认平仓
300400,2023-09-04,14.27,2023-10-27,-0.014856164383561644,True,止损触发(层面1)
300531,2023-09-04,13.41,2023-09-14,-1.013902702702703,True,止损触发(层面1)
300747,2023-09-04,25.47821401501552,2023-09-07,-0.8786373992694094,False,收线未确认平仓
002294,2023-09-05,26.88,2023-10-23,0.12925185185185198,True,止损触发(层面1)
600161,2023-09-05,20.37822184580117,2023-09-19,-0.31954728558651035,False,收线未确认平仓
002032,2023-09-06,40.51,2023-09-12,-1.021965248226953,True,止损(确认期)
688166,2023-09-11,36.17,2023-11-07,16.27738282828283,True,止损触发(层面1)
002294,2023-09-12,26.88,2023-10-23,0.12925185185185198,True,止损触发(层面1)
600161,2023-09-12,20.37822184580117,2023-09-19,-0.22872858336718638,False,收线未确认平仓
600438,2023-09-12,30.555721192406217,2023-10-09,-0.34764644355738483,False,收线未确认平仓
603393,2023-09-12,26.87,2023-10-23,-0.02021881188118812,True,止损触发(层面1)
002028,2023-09-15,48.76,2023-10-10,-1.0175276995305176,True,止损(确认期)
000400,2023-09-22,17.58,2023-10-13,-1.0172589743589757,True,止损触发(层面1)
002028,2023-09-22,47.81,2023-10-10,-1.0207749999999989,True,止损触发(层面1)
600161,2023-09-26,21.49,2024-01-23,0.7972621951219491,True,止损触发(层面1)
600862,2023-09-27,23.776910682853856,2023-10-12,-0.5168589818620191,False,收线未确认平仓
002635,2023-10-09,12.82,2023-10-23,-0.016238333333333334,True,止损触发(层面1)
002557,2023-10-10,31.27,2023-12-07,0.8445664122137397,True,止损触发(层面1)
600161,2023-10-11,21.49,2024-01-23,0.12326578947368347,True,止损触发(层面1)
002635,2023-10-16,13.31,2023-12-06,-1.014179166666665,True,止损触发(层面1)
603353,2023-10-16,23.2,2024-01-11,5.291605479452054,True,止损触发(层面1)
605319,2023-10-16,14.85,2024-01-18,6.191533333333333,True,止损触发(层面1)
301166,2023-10-17,37.96,2023-10-19,-1.0196229729729709,True,止损(确认期)
300529,2023-10-24,21.436525193006368,2023-11-01,0.2791088394292008,False,收线未确认平仓
603668,2023-10-26,15.68,2023-12-21,1.5393271186440678,True,止损触发(层面1)
000887,2023-10-27,12.245297559860745,2023-11-02,-0.10494498383484512,False,收线未确认平仓
002142,2023-10-27,22.494343740084787,2023-11-02,0.02752903038867444,False,收线未确认平仓
002847,2023-10-27,51.05,2023-12-06,1.2474842553191483,True,止损触发(层面1)
002019,2023-10-30,13.396217112668232,2023-11-02,-0.2628384104739545,False,收线未确认平仓
300652,2023-10-30,18.46,2024-01-17,1.2576287499999994,True,止损触发(层面1)
603319,2023-10-30,11.88686267560112,2023-11-02,-0.4552947537232917,False,收线未确认平仓
002074,2023-10-31,23.28649432039785,2023-11-08,-0.14854481934602415,False,收线未确认平仓
603926,2023-10-31,10.44,2024-01-17,0.003974999999999588,True,止损触发(层面1)
002847,2023-11-03,53.06,2023-12-01,-0.011148529411762824,True,止损触发(层面1)
603238,2023-11-03,12.51,2023-12-27,0.572285714285713,True,止损触发(层面1)
002389,2023-11-06,19.36,2023-11-24,-1.0224227272727275,True,止损触发(层面1)
002046,2023-11-07,10.989424801780713,2023-11-10,-0.016843770225071022,False,收线未确认平仓
603706,2023-11-07,13.98,2023-12-25,-0.017418032786885248,True,止损触发(层面1)
600549,2023-11-10,16.639584449106966,2023-11-17,-0.23846425148838932,False,收线未确认平仓
600104,2023-11-13,14.20274731712887,2023-11-29,-0.3105562430912402,False,收线未确认平仓
601233,2023-11-21,13.94,2024-01-11,-0.0011403846153850252,True,止损触发(层面1)
601038,2023-11-23,12.51,2023-12-21,2.2653773584905643,True,止损触发(层面1)
603979,2023-11-23,35.16812066662106,2023-12-19,-0.1553977083618397,False,收线未确认平仓
605179,2023-11-23,12.23,2024-01-22,0.0012624999999996207,True,止损触发(层面1)
600523,2023-11-27,13.93,2023-12-18,-0.016804761904761902,True,止损触发(层面1)
002402,2023-11-28,13.685912586569419,2023-12-14,-0.3664334584852832,False,收线未确认平仓
300699,2023-11-28,24.536803046484053,2023-12-26,-0.38173797811235327,False,收线未确认平仓
601038,2023-11-30,12.65550892382292,2023-12-05,2.539748912873432,False,收线未确认平仓
605179,2023-11-30,12.23,2024-01-22,0.0012624999999996207,True,止损触发(层面1)
600380,2023-12-01,11.752691382619302,2023-12-18,-0.6114247588739964,False,收线未确认平仓
002635,2023-12-04,14.058122105040255,2023-12-22,-0.5412058133727543,False,收线未确认平仓
603690,2023-12-11,25.23,2024-01-03,-1.0212010989010991,True,止损(确认期)
002935,2023-12-12,15.01,2024-01-18,-1.0140414634146346,True,止损触发(层面1)
300589,2023-12-12,13.46,2024-01-08,-1.0174677966101693,True,止损触发(层面1)
002805,2023-12-14,15.67,2024-01-02,-0.7975831325301209,False,收线未确认平仓
300073,2023-12-15,36.64381332439793,2024-01-02,-0.3392887710508644,False,收线未确认平仓
601021,2023-12-19,49.29417172962249,2024-01-11,-0.3235930001579541,False,收线未确认平仓
688589,2023-12-19,26.34083661819812,2024-01-04,-0.7553577809463619,False,收线未确认平仓
000155,2023-12-21,12.47113464368972,2023-12-26,-0.07798121985529083,False,收线未确认平仓
300393,2023-12-21,9.84,2024-01-22,-1.015086,True,止损触发(层面1)
300402,2023-12-21,17.4,2024-01-18,-0.01653,True,止损触发(层面1)
002733,2023-12-25,13.61,2024-01-22,-1.0144958333333343,True,止损触发(层面1)
002780,2023-12-27,13.83,2024-01-12,-0.017231147540983607,True,止损触发(层面1)
003042,2023-12-27,18.64,2024-01-08,-1.0147340206185556,True,止损(确认期)
300433,2023-12-27,12.255162098342046,2024-01-03,-0.06568250318837193,False,收线未确认平仓
601137,2023-12-27,13.88,2024-01-08,-0.014255405405405404,True,止损触发(层面1)
000532,2023-12-28,11.83,2024-02-02,0.6158877192982447,True,止损触发(层面1)
002438,2023-12-28,10.27,2024-01-18,-0.014726415094339623,True,止损触发(层面1)
300393,2023-12-28,9.84,2024-01-22,-1.015086,True,止损触发(层面1)
603529,2023-12-28,23.04,2024-02-02,-0.0062575000000016584,True,止损触发(层面1)
300073,2023-12-29,35.42,2024-01-18,-1.0150022099447487,True,止损触发(层面1)
300257,2023-12-29,15.45040452041399,2024-01-04,-0.228477972781346,False,收线未确认平仓
003002,2024-01-02,14.179994642195327,2024-01-05,0.8105675973845327,False,收线未确认平仓
300856,2024-01-03,21.03,2024-01-22,-0.016477319587628866,True,止损触发(层面1)
300911,2024-01-03,20.66,2024-01-18,-1.0164854166666677,True,止损(确认期)
600096,2024-01-03,13.820758561775406,2024-01-08,0.31925298808029917,False,收线未确认平仓
605378,2024-01-03,11.93,2024-01-17,-0.015111666666666667,True,止损触发(层面1)
300783,2024-01-04,18.43435419777436,2024-01-12,1.8040806520891164,False,收线未确认平仓
301238,2024-01-04,16.81,2024-01-18,-0.014518181818181817,True,止损触发(层面1)
600887,2024-01-04,23.409467437218986,2024-01-24,-0.16513385442686535,False,收线未确认平仓
603209,2024-01-04,15.28,2024-01-16,-1.0156133333333357,True,止损触发(层面1)
600138,2024-01-09,10.37,2024-01-18,-1.0142035714285722,True,止损(确认期)
300783,2024-01-11,17.32,2024-01-22,-0.02157868852459016,True,止损触发(层面1)
301238,2024-01-11,15.93,2024-01-22,-1.013887499999999,True,止损触发(层面1)
600258,2024-01-11,13.83,2024-01-18,-1.014333783783784,True,止损(确认期)
603209,2024-01-11,15.28,2024-01-16,-1.0156133333333357,True,止损(确认期)
002507,2024-01-23,12.53,2024-02-20,-1.0147800000000005,True,止损(确认期)
600138,2024-01-23,11.013951992997924,2024-01-29,0.1349857017820083,False,收线未确认平仓
002126,2024-01-24,17.04,2024-02-28,-1.0148465909090938,True,止损(确认期)
600977,2024-01-24,11.69,2024-01-29,-1.0151881355932202,True,止损(确认期)
002832,2024-01-25,26.54,2024-02-27,-1.018466363636365,True,止损触发(层面1)
000338,2024-02-06,15.24,2024-05-30,2.1770283582089562,True,止损触发(层面1)
000423,2024-02-07,59.72,2024-05-31,7.381366666666666,True,止损触发(层面1)
002643,2024-02-07,13.5337250322943,2024-02-20,-0.6290379826840865,False,收线未确认平仓
600031,2024-02-07,13.240643328161442,2024-02-20,1.1511188802690706,False,收线未确认平仓
600096,2024-02-07,17.92,2024-06-13,5.117398648648652,True,止损触发(层面1)
600612,2024-02-07,64.5,2024-06-06,0.8695714765100673,True,止损触发(层面1)
601882,2024-02-07,23.22,2024-02-20,-1.0167783018867944,True,止损(确认期)
002507,2024-02-21,12.811390591462283,2024-03-01,-0.2006108619283338,False,收线未确认平仓
600884,2024-02-23,10.89,2024-02-29,-1.016046153846153,True,止损(确认期)
000776,2024-02-26,13.094628813299805,2024-03-01,-0.20653958176508813,False,收线未确认平仓
601808,2024-02-26,17.26,2024-04-23,4.066561971830989,True,止损触发(层面1)
603856,2024-03-01,10.061049897561023,2024-03-22,-0.721176549889047,False,收线未确认平仓
000768,2024-03-04,20.77,2024-03-27,-0.017346153846153844,True,止损触发(层面1)
000878,2024-03-04,13.01,2024-06-03,4.109832727272726,True,止损触发(层面1)
600893,2024-03-04,34.60039207245746,2024-03-07,-0.2033044041902988,False,收线未确认平仓
600993,2024-03-04,21.692207966887253,2024-03-14,-0.6171185152207962,False,收线未确认平仓
601808,2024-03-04,13.741584900632871,2024-03-11,-0.5325812058053935,False,收线未确认平仓
605098,2024-03-04,37.64,2024-03-22,-0.015297326203208556,True,止损触发(层面1)
301216,2024-03-06,11.87,2024-03-29,-0.01640181818181818,True,止损触发(层面1)
600547,2024-03-06,26.82,2024-06-11,5.793419540229883,True,止损触发(层面1)
600988,2024-03-06,16.91,2024-06-11,5.368054285714286,True,止损触发(层面1)
601808,2024-03-11,17.26,2024-04-23,4.135098611111114,True,止损触发(层面1)
600750,2024-03-13,22.93,2024-05-30,2.2031477777777777,True,止损触发(层面1)
600529,2024-03-18,26.1,2024-04-24,-0.014585294117647057,True,止损触发(层面1)
600993,2024-03-18,26.47,2024-05-24,3.395303361344537,True,止损触发(层面1)
600258,2024-04-09,13.68,2024-04-16,-1.019383333333335,True,止损触发(层面1)
600803,2024-04-09,16.25941647578948,2024-04-17,-0.36170064717348194,False,收线未确认平仓
001289,2024-05-14,17.991551641325813,2024-05-30,-0.20019487137209552,False,收线未确认平仓
600118,2024-05-20,24.52163612345039,2024-06-04,-0.7232493437364346,False,收线未确认平仓
600118,2024-05-27,24.52163612345039,2024-06-04,-0.40082548569737286,False,收线未确认平仓
600893,2024-05-27,36.07,2024-08-20,-0.009837288135594344,True,止损触发(层面1)
600685,2024-05-30,25.9,2024-06-25,-1.0143934782608715,True,止损触发(层面1)
600161,2024-05-31,23.57,2024-06-27,-0.019903333333333332,True,止损触发(层面1)
601607,2024-07-05,18.32,2024-08-23,-0.004217204301073588,True,止损触发(层面1)
000513,2024-07-11,33.75176686421899,2024-07-24,-0.526825082793299,False,收线未确认平仓
600089,2024-07-12,12.37,2024-08-20,-1.0152935483870984,True,止损触发(层面1)
601607,2024-07-12,18.16,2024-08-23,-0.004634146341461508,True,止损触发(层面1)
601021,2024-07-26,53.25258528763204,2024-08-07,-0.038846711257129025,False,收线未确认平仓
002001,2024-08-01,19.12671271559597,2024-08-06,-0.29985342125419506,False,收线未确认平仓
002001,2024-08-08,18.902132918543963,2024-08-13,-0.5336427931833709,False,收线未确认平仓
000951,2024-08-28,15.55,2024-12-23,1.9421736111111112,True,止损触发(层面1)
600104,2024-08-29,12.73,2024-10-16,-0.015604838709677419,True,止损触发(层面1)
600104,2024-09-05,12.73,2024-10-16,-0.015604838709677419,True,止损触发(层面1)
001872,2024-09-10,20.35607071493082,2024-10-09,0.23935194878502308,False,收线未确认平仓
600803,2024-09-18,16.22,2024-10-31,-0.01580384615384615,True,止损触发(层面1)
688981,2024-09-18,83.64,2024-12-13,16.432390140845072,True,止损触发(层面1)
001872,2024-09-19,20.35607071493082,2024-10-09,0.23935194878502308,False,收线未确认平仓
600363,2024-09-20,29.62228971852506,2024-10-08,3.100219765437551,False,收线未确认平仓
300498,2024-09-24,16.92,2024-11-19,1.1016460526315808,True,止损触发(层面1)
300699,2024-09-24,31.48,2024-11-25,3.9223729323308283,True,止损触发(层面1)
600111,2024-09-24,21.79,2025-04-07,5.865229069767441,True,止损触发(层面1)
600699,2024-09-24,15.4,2024-11-26,2.4565442622950817,True,止损触发(层面1)
001965,2024-09-25,11.52,2024-10-09,-1.0140269841269853,True,止损(确认期)
600803,2024-09-25,16.13,2024-11-29,-0.003472307692310754,True,止损触发(层面1)
688981,2024-09-25,83.64,2024-12-13,20.602909424083773,True,止损触发(层面1)
001872,2024-09-26,20.35607071493082,2024-10-09,0.23935194878502308,False,收线未确认平仓
002396,2024-09-26,12.92,2024-11-28,4.620964000000001,True,止损触发(层面1)
002690,2024-09-26,13.79,2024-11-22,3.6222094339622632,True,止损触发(层面1)
600132,2024-09-26,50.9,2025-09-23,0.6854689655172413,True,止损触发(层面1)
601066,2024-09-26,26.09,2024-12-24,7.572620238095237,True,止损触发(层面1)
601318,2024-09-26,50.65,2024-11-22,5.366576190476191,True,止损触发(层面1)
603927,2024-09-26,20.53,2025-03-24,5.955710126582279,True,止损触发(层面1)
001289,2024-09-27,15.412551842805376,2024-10-09,2.5239699146348884,False,收线未确认平仓
002142,2024-09-27,23.431895854850755,2024-10-09,5.699783005106057,False,收线未确认平仓
002158,2024-09-27,19.041130772752833,2024-10-09,3.4680357954900445,False,收线未确认平仓
002462,2024-09-27,12.105614810484425,2024-10-09,2.083156804436474,False,收线未确认平仓
300685,2024-09-27,23.6162939067878,2024-10-09,4.947393718337937,False,收线未确认平仓
300869,2024-09-27,16.355068493150686,2024-10-09,7.202191163040561,False,收线未确认平仓
600363,2024-09-27,28.09371962512394,2024-10-09,1.8272138542699499,False,收线未确认平仓
600456,2024-09-27,30.776908452728996,2024-10-09,3.442508676309845,False,收线未确认平仓
002287,2024-09-30,20.89,2024-11-27,4.019872602739725,True,止损触发(层面1)
002507,2024-09-30,13.23,2024-12-31,2.7502625000000007,True,止损触发(层面1)
603035,2024-09-30,12.8,2025-01-08,0.7661515625,True,止损触发(层面1)
600332,2024-10-08,26.87,2025-01-02,3.1818090909090926,True,止损触发(层面1)
600459,2024-10-08,12.84,2025-04-07,1.2747516129032268,True,止损触发(层面1)
600598,2024-10-08,13.09,2025-01-03,1.26341403508772,True,止损触发(层面1)
600685,2024-10-08,24.18,2024-10-18,-1.0174669811320742,True,止损触发(层面1)
600699,2024-10-08,15.46,2024-11-26,2.55484262295082,True,止损触发(层面1)
601021,2024-10-08,52.97,2025-01-10,1.8287061224489778,True,止损触发(层面1)
601607,2024-10-08,18.65,2024-10-31,-0.0177175,True,止损触发(层面1)
601965,2024-10-08,16.85,2024-12-31,0.8553169014084522,True,止损触发(层面1)
000895,2024-10-18,22.890818988479328,2024-11-01,-0.5340215177641644,False,收线未确认平仓
600803,2024-10-23,16.55,2024-11-25,-1.0164649350649344,True,止损触发(层面1)
000895,2024-10-25,22.890818988479328,2024-11-01,-0.5485875120006984,False,收线未确认平仓
600803,2024-10-30,16.48,2024-11-25,-1.015040476190476,True,止损触发(层面1)
001219,2024-10-31,13.19,2024-12-23,1.709862903225807,True,止损触发(层面1)
001872,2024-10-31,19.14,2024-11-19,-1.0148232323232307,True,止损(确认期)
000719,2024-11-04,10.01,2024-11-22,-1.0139618181818193,True,止损(确认期)
600980,2024-11-05,14.98,2024-12-23,-0.0018197368421055446,True,止损触发(层面1)
000719,2024-11-11,10.01,2024-11-22,-1.0139618181818193,True,止损(确认期)
002034,2024-11-11,14.789384739600877,2024-11-14,-0.5665528979475948,False,收线未确认平仓
002275,2024-12-27,14.51,2025-01-07,-0.014510526315789474,True,止损触发(层面1)
600456,2025-01-13,28.33041334519887,2025-01-24,-0.7695885483590518,False,收线未确认平仓
600456,2025-01-20,27.33,2025-02-27,-0.014836428571428573,True,止损触发(层面1)
601811,2025-02-05,13.2,2025-02-25,-1.0160539682539693,True,止损触发(层面1)
600741,2025-02-06,15.26,2025-04-07,-0.016808695652173914,True,止损触发(层面1)
601965,2025-02-06,17.48,2025-04-07,0.8054044943820229,True,止损触发(层面1)
002705,2025-02-10,14.8,2025-04-03,-0.01843934426229508,True,止损触发(层面1)
002020,2025-02-14,11.812102874432679,2025-02-25,-0.16704504408158927,False,收线未确认平仓
600038,2025-02-14,36.687000105807606,2025-02-19,-0.18802380351840703,False,收线未确认平仓
002179,2025-02-19,37.42,2025-04-07,-0.015455978260869564,True,止损触发(层面1)
603355,2025-02-19,25.77,2025-04-03,1.1703575471698096,True,止损触发(层面1)
601225,2025-04-29,18.02,2025-06-09,-1.0188904109589048,True,止损触发(层面1)
000429,2025-05-07,13.065496197607748,2025-05-13,-0.10740133732041807,False,收线未确认平仓
002831,2025-05-08,15.74,2025-06-18,1.6028921052631584,True,止损触发(层面1)
000738,2025-05-19,19.23402783180978,2025-06-04,-0.35551738515077547,False,收线未确认平仓
601033,2025-05-28,15.842504723927101,2025-06-04,0.21745749870735054,False,收线未确认平仓
002603,2025-06-09,14.79,2025-09-29,0.997792452830187,True,止损触发(层面1)
002020,2025-06-20,17.42,2025-08-28,6.063098305084749,True,止损触发(层面1)
603288,2025-06-30,37.08,2025-07-31,-1.0269685714285754,True,止损触发(层面1)
600111,2025-07-03,48.92,2025-11-18,28.05402941176471,True,止损触发(层面1)
000831,2025-07-08,47.45,2025-11-12,7.607661744966445,True,止损触发(层面1)
000933,2025-07-08,17.1,2025-08-05,-0.01805,True,止损触发(层面1)
603392,2025-07-10,59.39,2025-07-28,-1.0183302419354827,True,止损(确认期)
300628,2025-07-17,31.99,2025-07-31,-1.0165574324324327,True,止损(确认期)
002311,2025-07-28,55.065096625992496,2025-08-01,-0.27173012070815195,False,收线未确认平仓
000738,2025-07-29,20.81039532515944,2025-08-01,-0.500505973516378,False,收线未确认平仓
000400,2025-07-30,23.216639683294865,2025-08-25,-0.12704623126588732,False,收线未确认平仓
600989,2025-08-01,26.99,2026-05-21,16.637754545454545,True,止损触发(层面1)
002812,2025-08-04,30.39,2025-08-07,-0.028354605263157615,False,收线未确认平仓
002180,2025-08-07,24.32,2025-09-02,-0.01607217391304348,True,止损触发(层面1)
603733,2025-08-11,24.316608084358524,2025-08-14,2.987760728040985,False,收线未确认平仓
301071,2025-08-12,29.77,2025-08-28,-1.0186754098360646,True,止损触发(层面1)
601899,2025-08-18,20.142778024916197,2025-08-21,-0.1556611990651063,False,收线未确认平仓
002142,2025-08-19,26.915792732900304,2025-08-27,-0.6330926353330428,False,收线未确认平仓
603833,2025-08-19,51.43387189904769,2025-08-27,0.018120780754004334,False,收线未确认平仓
300346,2025-08-21,32.81,2025-09-04,-0.015585,True,止损触发(层面1)
601628,2025-08-26,40.29,2025-09-01,-1.01544,True,止损(确认期)
601001,2025-08-29,13.953665799867297,2025-09-25,-0.398008077178276,False,收线未确认平仓
688596,2025-08-29,35.67,2025-10-31,-0.009399999999997188,True,止损触发(层面1)
000685,2025-09-08,11.19,2025-12-18,2.183277999999999,True,止损触发(层面1)
603505,2025-09-11,17.266990657238438,2025-09-16,0.11590328054128098,False,收线未确认平仓
601567,2025-09-12,22.91,2025-10-22,-0.014272131147540985,True,止损触发(层面1)
603391,2025-09-15,49.63,2025-10-17,3.0559818181818206,True,止损触发(层面1)
002895,2025-09-17,37.7,2026-03-17,8.237358823529414,True,止损触发(层面1)
601567,2025-09-19,22.64,2025-10-23,-0.017035643564356436,True,止损触发(层面1)
000885,2025-09-22,14.600824657028886,2025-10-09,-0.3384525957339638,False,收线未确认平仓
688575,2025-09-22,15.07,2025-11-21,-0.01709402985074627,True,止损触发(层面1)
000400,2025-09-24,25.44,2026-04-13,1.3620831932773114,True,止损触发(层面1)
002001,2025-09-24,23.492296765675682,2025-10-13,-0.23558523432431838,False,收线未确认平仓
000885,2025-09-29,14.24,2025-11-04,-0.018036666666666666,True,止损触发(层面1)
000902,2025-10-10,14.81,2025-11-24,-0.015008,True,止损触发(层面1)
300770,2025-10-10,42.78,2025-11-14,-1.0147098654708506,True,止损触发(层面1)
688334,2025-10-13,19.74,2025-11-18,-0.00480865384615576,True,止损触发(层面1)
002690,2025-10-14,19.31,2025-10-29,-1.0160815217391324,True,止损(确认期)
000821,2025-10-15,12.9,2025-11-21,-0.017200000000000003,True,止损触发(层面1)
603100,2025-10-20,23.96,2025-11-27,-0.01916842105263158,True,止损触发(层面1)
603260,2025-10-20,48.26,2025-11-04,-0.8222382352941183,False,收线未确认平仓
603279,2025-10-21,15.31,2025-12-08,-0.018767741935483872,True,止损触发(层面1)
600763,2025-10-22,44.14,2025-11-18,-0.5352901345291465,False,收线未确认平仓
002791,2025-10-23,22.66,2025-11-04,-0.06002500000000062,False,收线未确认平仓
603320,2025-10-23,20.537089426885775,2025-10-28,1.3864257438305199,False,收线未确认平仓
603439,2025-10-23,12.47149416109931,2025-11-18,-0.5138307567253277,False,收线未确认平仓
688139,2025-10-24,32.92,2025-11-20,-1.017149659863945,True,止损触发(层面1)
601900,2025-10-27,12.75,2025-12-11,-0.01730357142857143,True,止损触发(层面1)
603100,2025-10-27,23.96,2025-11-27,-0.01916842105263158,True,止损触发(层面1)
605507,2025-10-27,16.0,2025-12-18,-0.0031750000000003126,True,止损触发(层面1)
000951,2025-10-29,16.28,2025-11-21,-1.0150373493975884,True,止损触发(层面1)
002572,2025-11-10,12.636118067978533,2025-11-13,0.17927856612081997,False,收线未确认平仓
003031,2025-11-10,127.56,2026-07-16,26.434201481481484,True,止损触发(层面1)
600426,2025-11-11,26.66,2026-03-23,7.9382625,True,止损触发(层面1)
603379,2025-11-12,54.44,2025-11-17,-1.016548412698414,True,止损(确认期)
000739,2025-11-17,16.45,2026-03-20,1.2091737704918033,True,止损触发(层面1)
002078,2025-11-25,15.48,2026-03-18,1.1512830769230766,True,止损触发(层面1)
601688,2025-11-25,22.138091776465245,2025-12-10,-0.6961735995731686,False,收线未确认平仓
603085,2025-11-26,10.48,2025-12-17,-1.015747058823529,True,止损触发(层面1)
003005,2025-11-27,21.81420362436719,2025-12-02,-0.12601006693168987,False,收线未确认平仓
600877,2025-11-27,15.25,2025-12-02,2.472205084745764,False,收线未确认平仓
001368,2025-11-28,26.38,2025-12-11,-0.0167075,True,止损触发(层面1)
688153,2025-12-02,38.17,2026-02-04,1.867100000000001,True,止损触发(层面1)
001368,2025-12-05,25.18,2025-12-11,-1.0160774999999995,True,止损触发(层面1)
002151,2025-12-05,39.95,2026-03-23,6.4889379844961255,True,止损触发(层面1)
300525,2025-12-05,13.59,2025-12-31,-0.0005945454545458409,True,止损触发(层面1)
301522,2025-12-05,36.76,2026-03-09,3.4590685714285696,True,止损触发(层面1)
603383,2025-12-05,37.857277628032335,2025-12-10,-0.2576783453375201,False,收线未确认平仓
300597,2025-12-08,9.34,2025-12-30,-1.0140490196078427,True,止损(确认期)
300244,2025-12-10,15.47195822454308,2025-12-22,0.15027028067885018,False,收线未确认平仓
600955,2025-12-10,19.25,2026-03-12,4.754253164556961,True,止损触发(层面1)
002972,2025-12-12,11.65,2026-01-08,-1.0141841269841254,True,止损触发(层面1)
301522,2025-12-12,33.78009054310538,2025-12-17,1.3319025307895571,False,收线未确认平仓
603004,2025-12-12,24.013446088794925,2026-01-15,-0.3123757593375631,False,收线未确认平仓
603383,2025-12-12,36.47,2026-01-27,-1.015275956284152,True,止损触发(层面1)
300161,2025-12-15,30.57,2026-03-03,1.12099347826087,True,止损触发(层面1)
300597,2025-12-15,9.34,2025-12-30,-1.0140490196078427,True,止损(确认期)
603112,2025-12-15,18.48,2026-01-21,-0.01614367816091954,True,止损触发(层面1)
300183,2025-12-17,15.9,2026-01-27,-0.016553424657534246,True,止损触发(层面1)
300244,2025-12-17,15.47195822454308,2025-12-22,0.16245435749064885,False,收线未确认平仓
600955,2025-12-17,19.25,2026-03-12,4.754253164556961,True,止损触发(层面1)
600372,2025-12-18,12.785361701136493,2025-12-23,-0.2955530489211974,False,收线未确认平仓
603777,2025-12-18,14.28,2025-12-23,0.5274242857142843,False,收线未确认平仓
603886,2025-12-18,13.124137931034483,2025-12-23,1.6162194726166341,False,收线未确认平仓
300320,2025-12-19,9.89,2026-02-02,-0.014737254901960784,True,止损触发(层面1)
301278,2025-12-19,33.69,2025-12-24,-1.0151911764705899,True,止损(确认期)
301335,2025-12-19,29.74095858538855,2025-12-24,0.5065957698348053,False,收线未确认平仓
603383,2025-12-19,36.69,2026-01-26,-0.01575367231638418,True,止损触发(层面1)
603867,2025-12-19,27.99,2026-03-23,-0.00816739130434927,True,止损触发(层面1)
000682,2025-12-22,13.14,2026-03-19,2.1963921568627462,True,止损触发(层面1)
000786,2025-12-22,24.71,2026-03-20,-0.008440384615383111,True,止损触发(层面1)
300597,2025-12-22,9.34,2025-12-30,-1.0140490196078427,True,止损(确认期)
000997,2025-12-24,26.86,2026-02-02,0.720081720430105,True,止损触发(层面1)
001373,2025-12-25,36.94,2026-03-20,2.2422228395061707,True,止损触发(层面1)
002601,2025-12-25,19.26,2026-03-16,1.287196341463415,True,止损触发(层面1)
002635,2025-12-25,13.95261761158022,2026-01-14,-0.37943880649967626,False,收线未确认平仓
002995,2025-12-25,21.22,2026-03-24,5.53727088607595,True,止损触发(层面1)
300479,2025-12-25,19.22,2026-03-23,-0.004471844660196105,True,止损触发(层面1)
301587,2025-12-25,23.55,2025-12-30,-0.2143486486486476,False,收线未确认平仓
603777,2025-12-25,13.51,2025-12-30,-0.571882857142858,False,收线未确认平仓
300817,2025-12-26,19.49,2026-03-03,-0.016642696629213482,True,止损触发(层面1)
001319,2025-12-29,26.835686359687227,2026-01-05,0.6883746663993378,False,收线未确认平仓
002698,2025-12-29,16.274509803921568,2026-01-05,-0.6965186601307202,False,收线未确认平仓
003039,2025-12-29,15.54,2026-03-20,1.7305433333333318,True,止损触发(层面1)
300161,2025-12-29,30.57,2026-03-03,1.4116873873873872,True,止损触发(层面1)
300174,2025-12-29,15.93,2026-02-02,-0.015930263157894736,True,止损触发(层面1)
300075,2025-12-30,15.27,2026-01-27,-0.01432716049382716,True,止损触发(层面1)
000997,2025-12-31,26.17,2026-02-04,-0.021386021505376343,True,止损触发(层面1)
300244,2025-12-31,22.07,2026-03-02,8.47843783783784,True,止损触发(层面1)
603897,2026-01-05,25.85,2026-01-14,-1.0192038834951431,True,止损(确认期)
300341,2026-01-06,17.19,2026-01-29,-0.015552380952380951,True,止损触发(层面1)
001319,2026-01-07,28.37,2026-03-02,0.850061983471075,True,止损触发(层面1)
003039,2026-01-07,15.54,2026-03-20,1.7305433333333318,True,止损触发(层面1)
300161,2026-01-07,30.62,2026-03-03,0.9350679687500019,True,止损触发(层面1)
603939,2026-01-07,22.14,2026-04-09,0.17494747474747602,True,止损触发(层面1)
300075,2026-01-08,15.66,2026-01-26,-0.020172881355932204,True,止损触发(层面1)
002322,2026-01-09,12.62,2026-04-03,1.056451851851852,True,止损触发(层面1)
301376,2026-01-09,18.52,2026-03-02,-0.016558823529411765,True,止损触发(层面1)
600060,2026-01-09,22.92,2026-01-14,-1.0142918699186967,True,止损(确认期)
688777,2026-01-09,77.38,2026-02-25,11.043081069958843,True,止损触发(层面1)
600071,2026-01-12,21.5,2026-01-15,-0.36638600000000143,False,收线未确认平仓
002223,2026-01-14,38.62,2026-01-30,-0.018936129032258064,True,止损触发(层面1)
601900,2026-01-14,13.71,2026-03-03,0.646527941176472,True,止损触发(层面1)
300075,2026-01-15,16.04,2026-01-20,0.623489830508473,False,收线未确认平仓
600060,2026-01-16,23.868468761444092,2026-01-23,-0.2436652345982982,False,收线未确认平仓
603826,2026-01-16,24.68,2026-05-25,18.30957627118644,True,止损触发(层面1)
300479,2026-01-19,20.76,2026-01-22,1.6540521126760583,False,收线未确认平仓
002831,2026-01-21,27.44,2026-06-01,8.149089361702128,True,止损触发(层面1)
605296,2026-01-21,28.03,2026-02-02,-1.0200392523364488,True,止损(确认期)
603826,2026-01-23,24.68,2026-05-25,18.30957627118644,True,止损触发(层面1)
600071,2026-01-26,21.74,2026-01-29,-0.6941458715596348,False,收线未确认平仓
600129,2026-01-27,17.95,2026-02-10,-0.9830864583333331,False,收线未确认平仓
605296,2026-01-28,28.09,2026-02-03,-0.537824264705883,False,收线未确认平仓
605555,2026-01-29,18.287491798347652,2026-02-12,-0.8025583690330067,False,收线未确认平仓
000099,2026-01-30,21.126793182259608,2026-03-10,-0.4872783544528476,False,收线未确认平仓
300251,2026-01-30,17.4,2026-03-04,-0.016953846153846153,True,止损触发(层面1)
300417,2026-01-30,13.72736842228954,2026-02-04,-0.37410764069925995,False,收线未确认平仓
600060,2026-01-30,23.492359556718306,2026-02-09,-0.6658286954973973,False,收线未确认平仓
688050,2026-02-03,59.21302573834637,2026-03-02,-0.8593908237405453,False,收线未确认平仓
002416,2026-02-04,12.57,2026-03-09,-0.01675964912280702,True,止损触发(层面1)
002299,2026-02-05,16.98,2026-03-23,-0.015182352941176471,True,止损触发(层面1)
603042,2026-02-05,14.17,2026-03-09,-0.014752054794520549,True,止损触发(层面1)
603317,2026-02-05,13.4017065684469,2026-02-10,1.3537238042928073,False,收线未确认平仓
603985,2026-02-05,17.11,2026-03-03,-0.015298823529411766,True,止损触发(层面1)
300251,2026-02-06,17.4,2026-03-04,-0.016953846153846153,True,止损触发(层面1)
603082,2026-02-06,38.1925999917984,2026-02-13,0.14614770705778118,False,收线未确认平仓
603826,2026-02-06,24.68,2026-05-25,18.30957627118644,True,止损触发(层面1)
002933,2026-02-09,36.894136602066446,2026-02-25,0.21794559646812267,False,收线未确认平仓
603125,2026-02-09,19.1,2026-03-03,-0.014516,True,止损触发(层面1)
300691,2026-02-10,17.9,2026-02-25,0.156066666666663,False,收线未确认平仓
300100,2026-02-11,34.34,2026-03-03,-1.015947272727272,True,止损触发(层面1)
601088,2026-02-12,45.22,2026-04-01,1.4535399061032843,True,止损触发(层面1)
002791,2026-02-24,24.71,2026-02-27,2.8253352941176493,False,收线未确认平仓
603777,2026-02-24,12.9,2026-03-13,-1.014762686567164,True,止损(确认期)
002085,2026-02-25,15.89,2026-03-13,-0.020820689655172416,True,止损触发(层面1)
000096,2026-02-26,11.17,2026-03-10,-0.01601698113207547,True,止损触发(层面1)
600066,2026-02-26,30.831428571428575,2026-03-26,-0.04189758687258546,False,收线未确认平仓
601088,2026-02-27,45.22,2026-04-01,1.8541845303867406,True,止损触发(层面1)
601225,2026-02-27,23.82,2026-04-08,0.8351078947368412,True,止损触发(层面1)
301559,2026-03-04,17.46,2026-03-17,-1.0155593023255807,True,止损触发(层面1)
002588,2026-03-05,10.469762168573226,2026-03-10,-0.5337607989384707,False,收线未确认平仓
600066,2026-03-05,30.831428571428575,2026-03-26,-0.04189758687258546,False,收线未确认平仓
601088,2026-03-06,43.54,2026-05-14,0.9265922651933707,True,止损触发(层面1)
601225,2026-03-06,23.2,2026-05-07,0.2915912280701736,True,止损触发(层面1)
603527,2026-03-10,10.97,2026-03-20,-0.015730188679245284,True,止损触发(层面1)
603777,2026-03-10,12.69,2026-03-23,-1.0152000000000008,True,止损触发(层面1)
300498,2026-03-11,16.13,2026-04-01,-0.015517721518987343,True,止损触发(层面1)
601882,2026-03-11,20.31,2026-03-20,-1.0149721153846178,True,止损触发(层面1)
600449,2026-03-16,13.392441858117317,2026-03-19,-0.637319135627704,False,收线未确认平仓
002559,2026-03-24,10.627702702702702,2026-04-21,-0.21228326403326533,False,收线未确认平仓
002635,2026-03-24,17.05,2026-06-11,2.528957142857144,True,止损触发(层面1)
300998,2026-03-24,25.19,2026-06-08,0.3600921875000003,True,止损触发(层面1)
603777,2026-03-24,12.69,2026-04-03,-1.0152000000000008,True,止损触发(层面1)
000957,2026-03-27,11.19959227467811,2026-04-02,-0.7303066523605164,False,收线未确认平仓
000963,2026-03-27,33.99,2026-04-14,-1.0148914285714286,True,止损触发(层面1)
002705,2026-03-27,16.32,2026-04-28,4.150690769230771,True,止损触发(层面1)
002840,2026-03-27,12.18,2026-04-24,3.4057211538461525,True,止损触发(层面1)
002962,2026-03-27,16.290146341463412,2026-04-14,0.5170911219512155,False,收线未确认平仓
603787,2026-03-27,13.92,2026-04-07,-0.01706290322580645,True,止损触发(层面1)
603995,2026-03-27,18.06,2026-05-19,-1.0148881720430105,True,止损触发(层面1)
002352,2026-03-30,36.76,2026-05-11,-0.009440000000001047,True,止损触发(层面1)
300741,2026-03-30,17.09,2026-04-16,-1.016997402597402,True,止损(确认期)
603819,2026-03-30,13.36,2026-05-27,0.5816163636363637,True,止损触发(层面1)
300628,2026-04-01,34.077926023778076,2026-04-15,0.08688572787318716,False,收线未确认平仓
301297,2026-04-01,47.08,2026-07-08,7.606621232876713,True,止损触发(层面1)
600449,2026-04-07,12.99,2026-06-05,-0.018626415094339623,True,止损触发(层面1)
603819,2026-04-07,13.36,2026-05-27,0.5816163636363637,True,止损触发(层面1)
002635,2026-04-08,17.05,2026-06-11,2.503050666666667,True,止损触发(层面1)
002833,2026-04-08,17.358923076923077,2026-04-14,-0.33076948160534986,False,收线未确认平仓
600071,2026-04-08,20.29,2026-04-13,1.1764979797979795,False,收线未确认平仓
002832,2026-04-10,18.42,2026-06-04,1.536672941176471,True,止损触发(层面1)
300052,2026-04-10,12.76,2026-04-22,-1.0168500000000003,True,止损触发(层面1)
300898,2026-04-10,23.05,2026-05-15,-0.01523304347826087,True,止损触发(层面1)
600323,2026-04-10,29.63,2026-05-11,-0.015423972602739727,True,止损触发(层面1)
603209,2026-04-10,14.21,2026-04-14,-1.0141558441558436,True,止损(确认期)
000957,2026-04-13,11.6,2026-05-13,-0.01574285714285714,True,止损触发(层面1)
001201,2026-04-13,13.22,2026-04-17,-0.819854098360656,False,收线未确认平仓
002962,2026-04-13,17.49,2026-06-12,5.5341184615384575,True,止损触发(层面1)
603995,2026-04-13,17.41,2026-05-25,-0.016749367088607595,True,止损触发(层面1)
605005,2026-04-13,19.74,2026-04-24,-1.0179904761904761,True,止损触发(层面1)
002884,2026-04-14,17.69,2026-05-12,-0.0036242105263141443,True,止损触发(层面1)
300741,2026-04-14,17.09,2026-04-16,-1.016997402597402,True,止损(确认期)
000550,2026-04-15,17.51,2026-05-18,-1.014594565217389,True,止损触发(层面1)
002236,2026-04-15,18.425698504158305,2026-04-20,2.296911035526917,False,收线未确认平仓
300439,2026-04-15,10.200979213230054,2026-05-13,-0.6861899745575892,False,收线未确认平仓
600992,2026-04-15,12.03,2026-04-29,-0.6258490196078441,False,收线未确认平仓
301552,2026-04-16,32.70934623554402,2026-04-21,2.6900101570293464,False,收线未确认平仓
600031,2026-04-16,19.98,2026-05-18,-1.015315,True,止损触发(层面1)
600764,2026-04-16,24.42,2026-04-22,-0.23362705882352908,False,收线未确认平仓
000829,2026-04-17,10.94,2026-05-12,-0.014585964912280704,True,止损触发(层面1)
300181,2026-04-17,14.95,2026-04-28,-1.0146961538461552,True,止损触发(层面1)
603519,2026-04-17,12.82,2026-05-14,-1.0138521126760551,True,止损触发(层面1)
002823,2026-04-20,16.00259472023435,2026-05-06,-0.07184388371833382,False,收线未确认平仓
300052,2026-04-20,12.3,2026-04-24,-1.0171272727272707,True,止损触发(层面1)
600285,2026-04-20,21.241999999999997,2026-04-30,0.7782878378378361,False,收线未确认平仓
600449,2026-04-21,12.99,2026-06-05,-0.01618360655737705,True,止损触发(层面1)
603136,2026-04-21,10.79,2026-04-28,-1.0145157894736847,True,止损(确认期)
603062,2026-04-22,50.22,2026-04-28,-0.01734863636363636,True,止损触发(层面1)
600258,2026-04-24,14.437049050632913,2026-05-06,-0.6771184990958391,False,收线未确认平仓
600886,2026-04-24,13.145266075435504,2026-05-07,-0.3050831936379561,False,收线未确认平仓
002078,2026-04-27,13.8,2026-05-13,-1.0141146666666667,True,止损触发(层面1)
600323,2026-04-28,31.111973466003317,2026-05-06,1.885996343551062,False,收线未确认平仓
600449,2026-04-28,12.83,2026-06-05,-0.018398113207547168,True,止损触发(层面1)
300583,2026-04-30,14.43,2026-05-21,-0.015023287671232876,True,止损触发(层面1)
603768,2026-04-30,11.22,2026-05-25,-0.017054,True,止损触发(层面1)
688139,2026-04-30,33.07080000591278,2026-05-19,-0.5320282318160136,False,收线未确认平仓
002946,2026-05-06,18.251869727929623,2026-05-11,-0.0024099663498494835,False,收线未确认平仓
600876,2026-05-06,9.48,2026-05-15,-1.0137245283018856,True,止损(确认期)
603939,2026-05-06,22.913513513513514,2026-05-13,-0.4282358449358443,False,收线未确认平仓
300052,2026-05-07,14.82,2026-05-12,3.5618054545454556,False,收线未确认平仓
688391,2026-05-07,31.18,2026-05-29,-0.016342758620689655,True,止损触发(层面1)
300566,2026-05-08,28.31,2026-07-20,9.593420833333335,True,止损触发(层面1)
300928,2026-05-08,30.52,2026-06-10,-0.01577891156462585,True,止损触发(层面1)
605296,2026-05-13,29.46,2026-05-18,-1.0141237499999984,True,止损(确认期)
002576,2026-05-15,18.62,2026-05-28,-1.0155119565217372,True,止损触发(层面1)
300685,2026-05-15,19.39,2026-06-05,-1.014720792079206,True,止损触发(层面1)
600845,2026-05-20,22.14,2026-05-25,-1.0178421052631572,True,止损(确认期)
002576,2026-05-22,18.3,2026-05-28,-1.014038,True,止损触发(层面1)
300685,2026-05-22,18.88,2026-06-08,-1.0150770833333342,True,止损触发(层面1)
001286,2026-05-25,11.65,2026-06-08,-0.014280645161290325,True,止损触发(层面1)
002823,2026-05-28,16.79,2026-06-12,-0.016151898734177213,True,止损触发(层面1)
601066,2026-05-28,26.96,2026-07-16,3.305101694915256,True,止损触发(层面1)
001286,2026-06-01,12.165421256460114,2026-06-04,0.8165197684840539,False,收线未确认平仓
600012,2026-06-03,15.582323797037951,2026-06-08,-0.15523792592473845,False,收线未确认平仓
603858,2026-06-03,14.53,2026-06-22,-1.0161347826086975,True,止损触发(层面1)
002955,2026-06-09,29.44,2026-07-13,2.6349098484848485,True,止损触发(层面1)
301303,2026-06-09,14.29,2026-07-08,-0.01448,True,止损触发(层面1)
600521,2026-06-09,16.35,2026-07-08,-0.5145139534883718,False,收线未确认平仓
001239,2026-06-15,13.39,2026-06-29,-0.014332394366197182,True,止损触发(层面1)
301303,2026-06-16,17.57,2026-06-22,4.356097333333335,False,收线未确认平仓
600298,2026-06-16,43.38,2026-08-11,4.253058563535913,False,hold_end
600521,2026-06-16,16.35,2026-07-08,-0.5145139534883718,False,收线未确认平仓
002727,2026-06-17,12.67,2026-08-11,2.5009892857142857,False,hold_end
300181,2026-06-17,12.96,2026-06-25,-1.01983,True,止损(确认期)
600587,2026-06-18,12.23,2026-07-27,-1.0164368421052636,True,止损触发(层面1)
601788,2026-06-18,14.68,2026-06-24,0.34160298507462716,False,收线未确认平仓
601995,2026-06-18,34.99,2026-06-24,1.0873068181818208,False,收线未确认平仓
603658,2026-06-18,32.42,2026-08-05,-0.009148749999996802,True,止损触发(层面1)
300146,2026-06-22,9.73,2026-06-25,-0.1948139999999997,False,收线未确认平仓
603049,2026-06-23,48.43,2026-08-11,1.2687077669902904,False,hold_end
603194,2026-06-23,36.14,2026-06-30,-1.0151387978142066,True,止损(确认期)
300146,2026-06-29,10.06,2026-07-17,0.4647720000000004,False,收线未确认平仓
601136,2026-06-30,14.07,2026-07-22,-0.0010328358208958406,True,止损触发(层面1)
300999,2026-07-01,26.28,2026-08-11,0.0977796992481219,False,hold_end
601788,2026-07-03,14.44,2026-07-24,-0.016379104477611938,True,止损触发(层面1)
603368,2026-07-03,15.71,2026-07-20,-0.5861013888888891,False,收线未确认平仓
603658,2026-07-03,32.26,2026-08-06,-0.0096132450331139,True,止损触发(层面1)
000429,2026-07-08,12.88191081427239,2026-07-13,-0.8166030357327936,False,收线未确认平仓
600690,2026-07-08,22.0,2026-08-11,1.6348452054794531,False,hold_end
002727,2026-07-09,12.67,2026-08-11,3.855723636363638,False,hold_end
002946,2026-07-09,16.71,2026-08-06,-0.014431818181818181,True,止损触发(层面1)
002603,2026-07-10,16.87,2026-08-11,1.9268902777777783,False,hold_end
600285,2026-07-10,22.55,2026-08-11,1.5081393939393954,False,hold_end
600739,2026-07-10,10.394553817847285,2026-07-17,0.3589977266293959,False,收线未确认平仓
603658,2026-07-10,31.42,2026-07-24,-0.01658263888888889,True,止损触发(层面1)
603883,2026-07-14,14.01,2026-08-11,3.981507142857143,False,hold_end
002007,2026-07-15,13.37,2026-08-11,0.4767384615384592,False,hold_end
000429,2026-07-29,13.46,2026-08-10,-0.014208333333333333,True,止损触发(层面1)
603170,2026-07-30,13.25,2026-08-11,1.916801666666667,False,hold_end
000028,2026-08-04,20.65,2026-08-11,-0.650713636363639,False,hold_end(无确认空间)
600196,2026-08-10,24.33,2026-08-11,0.41112868852458984,False,hold_end(无确认空间)
