code,date,grade,entry,risk,sig_day_pct,trig_pct,conf_ratio,variant,r_full,r_money,weight,kind
603213,2023-01-03,S,12.55,0.61,0.0212,0.1,1.0521,V4,1.055,0.527,0.5,reject_half
600406,2023-01-04,S,19.48,0.96,-0.0382,0.0517,1.0263,V4,0.43,0.43,1.0,confirmed
002230,2023-01-09,S,34.29,1.8,0.0029,0.0577,1.0266,V4,7.65,7.65,1.0,confirmed
300442,2023-01-10,S,22.75,1.05,0.0383,0.0181,1.105,V4,2.258,1.129,0.5,reject_half
603213,2023-01-10,S,12.55,0.61,-0.0336,-0.0379,1.0728,V4,1.481,0.741,0.5,reject_half
600391,2023-01-13,S,17.96,0.89,-0.0136,0.0646,1.0535,V4,1.063,0.531,0.5,reject_half
603599,2023-01-13,S,19.21,0.74,0.013,0.0167,1.0165,V4,0.602,0.602,1.0,confirmed
600391,2023-01-20,S,17.96,0.89,0.0548,0.0165,1.1943,V4,3.421,3.421,1.0,confirmed
000501,2023-02-01,S,10.44,0.53,0.0037,0.0537,1.0495,V4,0.925,0.925,1.0,confirmed
600768,2023-02-02,S,9.31,0.5,-0.0168,0.0077,1.1853,V4,3.433,1.717,0.5,reject_half
300970,2023-02-03,S,13.07,0.57,0.0118,0.0339,1.1482,V4,3.378,1.689,0.5,reject_half
603599,2023-02-03,S,20.11,0.77,-0.0025,0.0261,1.0033,V4,0.704,0.704,1.0,confirmed
002258,2023-02-07,S,17.69,0.7,0.0135,0.0197,0.9933,V4,-0.187,-0.094,0.5,reject_half
600690,2023-02-17,S,24.26,0.98,-0.0137,0.0621,1.0258,V4,-1.018,-1.018,1.0,confirmed
000063,2023-02-20,S,25.72,1.02,0.0572,0.02,1.1124,V4,5.613,5.613,1.0,confirmed
002827,2023-02-20,S,10.62,0.51,-0.014,-0.0098,0.9891,V4,-0.243,-0.122,0.5,reject_half
600801,2023-02-20,S,14.19,0.54,0.071,0.0117,1.106,V4,2.763,1.381,0.5,reject_half
002179,2023-02-23,S,41.34,2.17,0.0029,0.0292,1.0019,V4,0.021,0.01,0.5,reject_half
600993,2023-02-28,S,22.69,1.01,0.0224,-0.0338,1.0975,V4,1.249,1.249,1.0,confirmed
300244,2023-03-01,S,24.49,1.27,-0.0064,0.0852,1.0511,V4,0.971,0.485,0.5,reject_half
002179,2023-03-02,S,42.5,1.8,-0.0024,0.008,0.9781,V4,-0.535,-0.267,0.5,reject_half
300244,2023-03-08,S,23.84,1.16,0.007,0.0852,1.0798,V4,1.623,0.812,0.5,reject_half
600258,2023-03-13,S,23.46,1.05,0.0109,0.0167,0.9981,V4,-0.06,-0.03,0.5,reject_half
300244,2023-03-15,S,23.35,1.09,0.0091,0.0382,1.0145,V4,2.226,2.226,1.0,confirmed
300294,2023-03-17,S,34.55,1.69,0.0274,-0.0388,0.9964,V4,-0.089,-0.045,0.5,reject_half
300244,2023-03-22,S,23.11,0.92,0.0106,0.0852,1.1139,V4,2.84,1.42,0.5,reject_half
002007,2023-03-24,S,20.32,1.01,-0.0138,0.0497,1.0308,V4,0.808,0.808,1.0,confirmed
300294,2023-03-24,S,34.55,1.69,-0.0224,0.0483,1.0053,V4,0.093,0.047,0.5,reject_half
002007,2023-03-31,S,20.32,1.01,0.0336,0.0497,1.0308,V4,0.48,0.48,1.0,confirmed
002163,2023-03-31,S,12.12,0.52,0.0454,0.0049,0.9901,V4,-0.248,-0.124,0.5,reject_half
300294,2023-03-31,S,34.55,1.69,0.0359,0.0483,1.0053,V4,0.093,0.047,0.5,reject_half
300947,2023-04-06,S,13.71,0.66,-0.0178,0.0627,1.0846,V4,1.741,0.87,0.5,reject_half
601066,2023-04-19,S,26.24,1.16,-0.0191,0.0406,1.0036,V4,0.064,0.032,0.5,reject_half
601995,2023-05-08,S,40.98,1.84,-0.0087,0.1001,1.0928,V4,2.049,1.025,0.5,reject_half
301083,2023-05-22,S,11.99,0.55,0.0804,0.2,1.7225,V4,18.735,18.735,1.0,confirmed
000550,2023-05-24,S,12.04,0.55,-0.0106,0.0209,0.9963,V4,-0.097,-0.049,0.5,reject_half
688303,2023-05-24,S,40.28,1.96,0.0115,0.0638,1.0327,V4,0.657,0.328,0.5,reject_half
600699,2023-05-25,S,14.81,0.69,0.0091,0.0271,1.0005,V4,-0.006,-0.003,0.5,reject_half
600893,2023-06-05,S,42.47,1.96,-0.0225,0.0277,0.9998,V4,-0.022,-0.011,0.5,reject_half
603160,2023-06-05,S,51.06,2.36,-0.0156,0.0721,0.9837,V4,-0.369,-0.184,0.5,reject_half
688586,2023-06-05,S,13.34,0.61,-0.0061,0.0986,1.0413,V4,-0.09,-0.09,1.0,confirmed
600089,2023-06-08,S,15.9,0.76,0.0014,0.0445,0.9944,V4,-0.134,-0.067,0.5,reject_half
600699,2023-06-08,S,14.81,0.69,-0.0183,0.0424,1.1363,V4,4.595,4.595,1.0,confirmed
600893,2023-06-12,S,39.89,1.43,-0.0194,0.026,0.9963,V4,-0.123,-0.061,0.5,reject_half
301022,2023-06-15,S,23.72,1.19,-0.0423,-0.0146,1.0798,V4,2.798,2.798,1.0,confirmed
600089,2023-06-15,S,15.9,0.76,0.0085,0.026,1.0035,V4,-0.161,-0.161,1.0,confirmed
002465,2023-06-16,S,9.91,0.51,0.0235,0.016,1.0062,V4,-0.029,-0.029,1.0,confirmed
002831,2023-06-16,S,15.6,0.64,-0.0165,-0.0112,1.0085,V4,0.189,0.094,0.5,reject_half
300627,2023-06-19,S,19.96,0.94,0.0587,0.0095,1.0792,V4,1.664,0.832,0.5,reject_half
600893,2023-06-19,S,39.89,1.43,-0.0169,0.0269,1.0068,V4,0.168,0.084,0.5,reject_half
002053,2023-06-20,S,10.78,0.56,-0.0055,0.0196,0.9924,V4,-0.16,-0.08,0.5,reject_half
300627,2023-06-28,S,19.96,0.94,-0.0156,0.0287,1.1188,V4,1.934,1.934,1.0,confirmed
301160,2023-06-28,S,15.8,0.83,0.0177,0.0174,1.0064,V4,0.108,0.054,0.5,reject_half
600893,2023-06-28,S,41.43,1.91,0.0125,0.0277,1.0249,V4,-0.717,-0.717,1.0,confirmed
600585,2023-07-04,S,21.75,0.78,-0.0029,0.0343,1.0174,V4,2.443,2.443,1.0,confirmed
003037,2023-07-07,S,12.57,0.6,0.0056,0.0256,0.9896,V4,-0.235,-0.117,0.5,reject_half
301107,2023-07-07,S,14.69,0.55,0.0509,0.0546,1.1603,V4,4.257,2.129,0.5,reject_half
600827,2023-07-07,S,13.01,0.63,0.0254,0.0161,1.0053,V4,0.661,0.661,1.0,confirmed
000408,2023-07-11,S,21.05,0.95,-0.0026,0.018,1.0073,V4,0.144,0.072,0.5,reject_half
300629,2023-07-13,S,21.22,1.04,0.0025,0.0209,0.969,V4,-0.647,-0.324,0.5,reject_half
600199,2023-07-19,S,25.89,1.13,-0.0036,0.0634,1.0351,V4,0.018,0.018,1.0,confirmed
601966,2023-07-24,S,21.66,1.09,0.0414,0.0207,1.0328,V4,0.637,0.319,0.5,reject_half
300384,2023-07-25,S,16.04,0.78,0.0321,0.0577,0.9977,V4,-0.062,-0.031,0.5,reject_half
301029,2023-07-31,S,37.81,1.82,0.0084,0.0095,0.9895,V4,-0.234,-0.117,0.5,reject_half
300384,2023-08-01,S,16.04,0.78,-0.0242,0.0041,1.0294,V4,-1.015,-1.015,1.0,confirmed
600862,2023-08-02,S,24.15,1.09,0.0108,0.0172,0.9878,V4,-0.288,-0.144,0.5,reject_half
300872,2023-08-03,S,15.15,0.8,0.0007,0.0481,1.0465,V4,-1.014,-1.014,1.0,confirmed
002465,2023-08-08,S,10.34,0.51,0.0019,0.0473,1.0012,V4,0.009,0.005,0.5,reject_half
300619,2023-08-10,S,29.96,1.45,0.0162,-0.0563,0.9835,V4,-0.357,-0.178,0.5,reject_half
300872,2023-08-17,S,15.15,0.8,-0.0067,0.0034,0.9725,V4,-0.535,-0.268,0.5,reject_half
600316,2023-08-17,S,22.45,1.02,0.0412,-0.0094,0.0,V4,-1.016,-0.508,0.5,stop_half
000408,2023-08-22,S,21.67,1.02,0.0013,0.0698,1.0412,V4,0.213,0.213,1.0,confirmed
300012,2023-08-22,S,19.99,0.72,-0.0273,-0.0155,0.0,V4,-1.02,-0.51,0.5,stop_half
600055,2023-08-22,S,18.76,0.87,-0.0034,0.0885,0.9836,V4,-0.369,-0.184,0.5,reject_half
603393,2023-08-22,S,26.96,1.34,-0.0134,0.0617,1.0498,V4,1.627,1.627,1.0,confirmed
300408,2023-08-24,S,31.69,1.57,-0.019,0.0161,0.9819,V4,-0.38,-0.19,0.5,reject_half
600031,2023-08-28,S,15.27,0.74,0.0264,0.0702,1.0508,V4,1.032,0.516,0.5,reject_half
000408,2023-08-29,S,21.3,0.99,0.0112,0.0698,1.0593,V4,-0.392,-0.392,1.0,confirmed
603393,2023-08-29,S,26.96,1.34,0.0271,0.0617,1.0498,V4,0.92,0.92,1.0,confirmed
600862,2023-08-30,S,23.91,1.2,-0.0089,0.0472,1.0199,V4,0.381,0.191,0.5,reject_half
603195,2023-08-30,S,46.03,2.01,0.0252,0.0065,1.0303,V4,0.148,0.148,1.0,confirmed
300809,2023-08-31,S,21.11,0.93,-0.0086,0.013,1.0178,V4,0.387,0.193,0.5,reject_half
002635,2023-09-01,S,12.25,0.52,0.0061,0.0418,1.0742,V4,1.932,1.932,1.0,confirmed
300997,2023-09-01,S,12.67,0.61,0.0329,-0.0194,1.0386,V4,0.785,0.392,0.5,reject_half
603080,2023-09-01,S,13.45,0.65,0.1002,0.0109,1.1414,V4,2.909,1.455,0.5,reject_half
300400,2023-09-04,S,14.27,0.73,0.0225,0.0952,1.2252,V4,2.311,2.311,1.0,confirmed
300531,2023-09-04,S,14.15,0.74,0.0021,0.0149,1.0203,V4,-1.014,-1.014,1.0,confirmed
300747,2023-09-04,S,26.68,1.39,0.0135,0.014,0.9894,V4,-0.218,-0.109,0.5,reject_half
002294,2023-09-05,S,26.72,1.08,-0.0077,0.0493,1.0263,V4,1.567,1.567,1.0,confirmed
600161,2023-09-05,S,20.58,0.68,-0.0056,0.027,0.9934,V4,-0.224,-0.112,0.5,reject_half
002032,2023-09-06,S,41.92,1.41,-0.0017,-0.008,0.0,V4,-1.022,-0.511,0.5,stop_half
688166,2023-09-11,S,20.03,0.99,0.0383,0.0466,1.0162,V4,0.313,0.156,0.5,reject_half
002294,2023-09-12,S,26.72,1.08,0.0162,0.0493,1.0263,V4,1.125,1.125,1.0,confirmed
600161,2023-09-12,S,20.58,0.95,-0.0016,0.027,0.9934,V4,-0.16,-0.08,0.5,reject_half
600438,2023-09-12,S,31.04,1.46,0.0035,0.0403,0.9958,V4,-0.105,-0.052,0.5,reject_half
603393,2023-09-12,S,26.87,1.01,0.0021,0.011,1.0653,V4,1.088,1.088,1.0,confirmed
002028,2023-09-15,S,50.89,2.13,-0.0176,0.0135,0.9622,V4,-0.921,-0.461,0.5,reject_half
000400,2023-09-22,S,18.36,0.78,0.0206,0.0369,1.0127,V4,-1.017,-1.017,1.0,confirmed
002028,2023-09-22,S,49.57,1.76,0.0061,0.0453,1.0253,V4,-1.021,-1.021,1.0,confirmed
600161,2023-09-26,S,20.82,0.82,-0.0051,0.027,1.0034,V4,0.068,0.034,0.5,reject_half
600862,2023-09-27,S,24.41,1.26,0.0236,0.0411,0.9867,V4,-0.272,-0.136,0.5,reject_half
002635,2023-10-09,S,12.82,0.6,0.0176,0.0123,1.0593,V4,2.333,2.333,1.0,confirmed
002557,2023-10-10,S,30.14,1.31,-0.0184,0.1001,1.0828,V4,1.494,1.494,1.0,confirmed
600161,2023-10-11,S,21.38,0.76,0.0054,0.0536,1.0485,V4,3.185,3.185,1.0,confirmed
002635,2023-10-16,S,14.03,0.72,-0.0131,0.0348,1.017,V4,-0.002,-0.002,1.0,confirmed
603353,2023-10-16,S,19.32,0.73,0.1002,0.1001,1.3523,V4,11.324,11.324,1.0,confirmed
605319,2023-10-16,S,11.31,0.57,0.0319,-0.0274,1.0078,V4,6.347,6.347,1.0,confirmed
301166,2023-10-17,S,39.44,1.48,-0.0485,-0.0495,0.0,V4,-1.02,-0.51,0.5,stop_half
300529,2023-10-24,S,21.13,1.04,-0.0121,0.1273,1.0342,V4,0.678,0.339,0.5,reject_half
603668,2023-10-26,S,14.76,0.59,-0.0088,0.0985,1.0308,V4,0.752,0.376,0.5,reject_half
000887,2023-10-27,S,12.3,0.61,0.0164,0.032,1.0026,V4,0.038,0.019,0.5,reject_half
002142,2023-10-27,S,22.45,0.99,-0.0077,0.0318,1.0044,V4,0.082,0.041,0.5,reject_half
002847,2023-10-27,S,48.08,2.35,0.051,-0.0115,1.085,V4,2.243,2.243,1.0,confirmed
002019,2023-10-30,S,13.57,0.7,0.0631,0.0,0.9664,V4,-0.666,-0.333,0.5,reject_half
300652,2023-10-30,S,17.44,0.8,-0.0004,0.0351,1.0938,V4,2.841,2.841,1.0,confirmed
603319,2023-10-30,S,12.11,0.51,-0.0088,0.0053,0.9793,V4,-0.509,-0.255,0.5,reject_half
002074,2023-10-31,S,23.45,1.22,-0.0168,0.0383,0.9934,V4,-0.14,-0.07,0.5,reject_half
603926,2023-10-31,S,10.43,0.52,-0.0092,0.042,1.0281,V4,2.72,2.72,1.0,confirmed
002847,2023-11-03,S,53.05,2.72,0.0024,0.0366,1.0275,V4,-0.116,-0.116,1.0,confirmed
603238,2023-11-03,S,12.14,0.63,-0.0021,0.0029,1.1309,V4,1.497,1.497,1.0,confirmed
002389,2023-11-06,S,20.02,0.66,0.0116,0.0269,1.0173,V4,-1.022,-1.022,1.0,confirmed
002046,2023-11-07,S,10.99,0.53,0.0019,0.0724,1.0008,V4,0.001,0.001,0.5,reject_half
603706,2023-11-07,S,13.98,0.61,0.003,0.0621,1.0583,V4,1.319,0.659,0.5,reject_half
600549,2023-11-10,S,16.77,0.6,-0.0114,0.0219,0.9854,V4,-0.428,-0.214,0.5,reject_half
600104,2023-11-13,S,14.4,0.67,-0.011,0.0624,1.0073,V4,0.14,0.07,0.5,reject_half
601233,2023-11-21,S,13.93,0.52,0.0051,0.0567,1.0368,V4,0.304,0.304,1.0,confirmed
601038,2023-11-23,S,11.3,0.53,0.0217,-0.0071,1.11,V4,3.83,3.83,1.0,confirmed
603979,2023-11-23,S,35.39,1.6,0.0128,0.0305,0.9926,V4,-0.18,-0.09,0.5,reject_half
605179,2023-11-23,S,12.22,0.56,0.0094,0.0014,1.0556,V4,1.195,0.597,0.5,reject_half
600523,2023-11-27,S,13.93,0.63,0.02,0.1002,1.2009,V4,-1.016,-1.016,1.0,confirmed
002402,2023-11-28,S,13.91,0.64,0.0145,0.0283,0.9839,V4,-0.366,-0.183,0.5,reject_half
300699,2023-11-28,S,24.98,1.21,-0.0012,0.0536,0.9936,V4,-0.147,-0.073,0.5,reject_half
601038,2023-11-30,S,11.3,0.53,0.0312,-0.0079,1.1365,V4,2.893,1.447,0.5,reject_half
605179,2023-11-30,S,12.22,0.56,0.0276,-0.0409,1.0717,V4,1.547,0.774,0.5,reject_half
600380,2023-12-01,S,12.08,0.55,-0.0016,0.0167,0.9823,V4,-0.405,-0.203,0.5,reject_half
002635,2023-12-04,S,14.41,0.67,-0.0124,0.0745,0.9942,V4,-0.142,-0.071,0.5,reject_half
603690,2023-12-11,S,26.14,0.91,0.0088,0.0039,0.0,V4,-1.021,-0.511,0.5,stop_half
002935,2023-12-12,S,15.83,0.82,0.014,0.0559,0.9806,V4,-0.389,-0.195,0.5,reject_half
300589,2023-12-12,S,14.05,0.59,0.0253,0.0428,1.0116,V4,-1.017,-1.017,1.0,confirmed
002805,2023-12-14,S,16.32,0.83,-0.0304,0.0552,0.9792,V4,-0.424,-0.212,0.5,reject_half
300073,2023-12-15,S,37.23,1.81,0.0014,0.0522,0.996,V4,-0.098,-0.049,0.5,reject_half
601021,2023-12-19,S,50.03,2.39,-0.0099,0.0403,0.9885,V4,-0.256,-0.128,0.5,reject_half
688589,2023-12-19,S,27.28,1.27,0.0028,0.006,0.9735,V4,-0.586,-0.293,0.5,reject_half
000155,2023-12-21,S,12.51,0.62,0.0156,0.0253,1.024,V4,0.469,0.235,0.5,reject_half
300393,2023-12-21,S,10.34,0.5,0.0383,0.0195,1.022,V4,-0.009,-0.009,1.0,confirmed
300402,2023-12-21,S,17.4,0.8,-0.0135,0.0368,1.1078,V4,-0.266,-0.266,1.0,confirmed
002733,2023-12-25,S,14.33,0.72,0.0159,0.0389,1.0253,V4,-1.014,-1.014,1.0,confirmed
002780,2023-12-27,S,13.83,0.61,-0.0145,0.0998,1.0468,V4,1.044,0.522,0.5,reject_half
003042,2023-12-27,S,19.61,0.97,0.004,0.0223,0.9663,V4,-0.695,-0.348,0.5,reject_half
300433,2023-12-27,S,12.28,0.52,0.0328,0.0321,1.0135,V4,0.301,0.15,0.5,reject_half
601137,2023-12-27,S,13.88,0.74,0.009,0.0527,1.0558,V4,-1.014,-1.014,1.0,confirmed
000532,2023-12-28,S,11.47,0.57,0.0348,-0.0172,1.0227,V4,0.441,0.22,0.5,reject_half
002438,2023-12-28,S,10.27,0.53,-0.0009,0.0302,1.1018,V4,1.957,0.979,0.5,reject_half
300393,2023-12-28,S,10.34,0.5,0.0922,0.0195,1.022,V4,-1.015,-1.015,1.0,confirmed
603529,2023-12-28,S,23.03,1.2,0.0242,0.004,0.9953,V4,-0.104,-0.052,0.5,reject_half
300073,2023-12-29,S,37.23,1.81,-0.008,0.0468,1.015,V4,-1.015,-1.015,1.0,confirmed
300257,2023-12-29,S,15.61,0.75,0.0019,0.0374,1.006,V4,0.109,0.055,0.5,reject_half
003002,2024-01-02,S,13.61,0.69,-0.0132,0.0327,1.0695,V4,1.356,0.678,0.5,reject_half
300856,2024-01-03,S,21.03,0.97,0.0601,0.028,1.0536,V4,-1.016,-1.016,1.0,confirmed
300911,2024-01-03,S,21.62,0.96,-0.0193,0.0138,0.0,V4,-1.016,-0.508,0.5,stop_half
600096,2024-01-03,S,13.59,0.69,0.0298,0.0043,1.0189,V4,0.357,0.178,0.5,reject_half
605378,2024-01-03,S,11.93,0.6,0.0545,0.1,1.0927,V4,1.828,0.914,0.5,reject_half
300783,2024-01-04,S,17.32,0.61,-0.0191,0.1697,1.0824,V4,2.315,1.158,0.5,reject_half
301238,2024-01-04,S,16.81,0.88,-0.0075,0.1176,1.1542,V4,-1.014,-1.014,1.0,confirmed
600887,2024-01-04,S,23.57,1.08,-0.0035,-0.0071,0.9806,V4,-0.44,-0.22,0.5,reject_half
603209,2024-01-04,S,16.03,0.75,-0.0027,-0.0518,1.0148,V4,0.299,0.15,0.5,reject_half
600138,2024-01-09,S,10.93,0.56,0.0349,0.0018,0.9539,V4,-0.914,-0.457,0.5,reject_half
300783,2024-01-11,S,17.32,0.61,-0.0214,-0.0166,1.0925,V4,-1.021,-1.021,1.0,confirmed
301238,2024-01-11,S,16.81,0.88,0.0143,-0.0245,1.0584,V4,1.101,0.55,0.5,reject_half
600258,2024-01-11,S,14.57,0.74,0.0079,0.0278,0.9607,V4,-0.789,-0.394,0.5,reject_half
603209,2024-01-11,S,16.03,0.75,0.0153,-0.0081,1.0202,V4,0.415,0.207,0.5,reject_half
002507,2024-01-23,S,13.18,0.65,0.0142,-0.0091,0.9637,V4,-0.751,-0.375,0.5,reject_half
600138,2024-01-23,S,10.93,0.56,0.001,0.1003,1.014,V4,0.257,0.129,0.5,reject_half
002126,2024-01-24,S,17.92,0.88,-0.0051,0.0622,0.9923,V4,-0.172,-0.086,0.5,reject_half
600977,2024-01-24,S,12.28,0.59,0.0215,0.0912,0.9731,V4,-0.576,-0.288,0.5,reject_half
002832,2024-01-25,S,27.64,1.1,0.0244,0.059,1.053,V4,-1.018,-1.018,1.0,confirmed
000338,2024-02-06,S,13.77,0.67,0.0199,0.0045,1.0282,V4,0.873,0.873,1.0,confirmed
000423,2024-02-07,S,44.84,2.01,0.0259,-0.0386,1.1484,V4,3.801,3.801,1.0,confirmed
002643,2024-02-07,S,13.97,0.71,0.0926,0.0184,0.9736,V4,-0.535,-0.267,0.5,reject_half
600031,2024-02-07,S,12.54,0.6,0.0044,0.0298,1.0649,V4,1.34,0.67,0.5,reject_half
600096,2024-02-07,S,14.12,0.74,0.0479,-0.0197,1.0489,V4,3.205,3.205,1.0,confirmed
600612,2024-02-07,S,61.86,2.98,0.0312,-0.003,1.0018,V4,1.939,1.939,1.0,confirmed
601882,2024-02-07,S,24.28,1.06,0.0004,0.0141,0.9761,V4,-0.564,-0.282,0.5,reject_half
002507,2024-02-21,S,12.92,0.59,0.0131,-0.0158,0.9987,V4,-0.046,-0.023,0.5,reject_half
600884,2024-02-23,S,11.41,0.52,0.0,-0.0227,0.0,V4,-1.016,-0.508,0.5,stop_half
000776,2024-02-26,S,13.19,0.51,-0.0092,-0.0162,0.99,V4,-0.279,-0.139,0.5,reject_half
601808,2024-02-26,S,14.36,0.71,-0.0161,0.0386,1.0369,V4,1.225,1.225,1.0,confirmed
603856,2024-03-01,S,10.45,0.55,-0.0221,0.0203,0.998,V4,-0.052,-0.026,0.5,reject_half
000768,2024-03-04,S,20.77,0.91,-0.0037,0.0155,1.0299,V4,0.772,0.772,1.0,confirmed
000878,2024-03-04,S,10.74,0.55,-0.0098,0.0356,1.0461,V4,3.237,3.237,1.0,confirmed
600893,2024-03-04,S,34.94,1.8,-0.0051,0.0304,1.0169,V4,0.314,0.157,0.5,reject_half
600993,2024-03-04,S,22.41,1.19,0.0093,0.0055,0.9784,V4,-0.42,-0.21,0.5,reject_half
601808,2024-03-04,S,14.04,0.58,0.0096,0.0178,1.0051,V4,0.105,0.053,0.5,reject_half
605098,2024-03-04,S,37.64,1.87,-0.0127,0.0359,1.0206,V4,0.793,0.793,1.0,confirmed
301216,2024-03-06,S,11.87,0.55,0.0442,0.0346,1.0865,V4,1.849,0.925,0.5,reject_half
600547,2024-03-06,S,21.76,0.87,0.0173,0.0304,1.1367,V4,3.398,1.699,0.5,reject_half
600988,2024-03-06,S,13.14,0.7,0.0215,0.0218,1.0738,V4,1.369,0.685,0.5,reject_half
601808,2024-03-11,S,14.27,0.72,-0.0262,0.0386,1.0434,V4,4.652,4.652,1.0,confirmed
600750,2024-03-13,S,20.93,0.9,-0.0213,0.0316,0.9983,V4,-0.058,-0.029,0.5,reject_half
600529,2024-03-18,S,26.1,1.36,0.0088,-0.0295,1.0448,V4,2.829,2.829,1.0,confirmed
600993,2024-03-18,S,22.41,1.19,-0.003,0.0619,1.0323,V4,0.594,0.297,0.5,reject_half
600258,2024-04-09,S,14.22,0.54,0.0275,0.031,1.0181,V4,-1.019,-1.019,1.0,confirmed
600803,2024-04-09,S,16.54,0.81,-0.0247,0.0347,0.9815,V4,-0.393,-0.196,0.5,reject_half
001289,2024-05-14,S,18.12,0.71,-0.0081,0.027,1.0046,V4,0.098,0.049,0.5,reject_half
600118,2024-05-20,S,25.19,0.95,0.0085,0.0307,0.9834,V4,-0.461,-0.23,0.5,reject_half
600118,2024-05-27,S,25.02,1.29,0.0067,0.0307,0.99,V4,-0.208,-0.104,0.5,reject_half
600893,2024-05-27,S,36.06,1.77,0.004,0.041,1.0255,V4,-0.28,-0.28,1.0,confirmed
600685,2024-05-30,S,27.28,1.38,0.015,0.0353,1.0213,V4,-1.014,-1.014,1.0,confirmed
600161,2024-05-31,S,23.57,0.9,-0.0014,0.061,1.0461,V4,1.032,1.032,1.0,confirmed
601607,2024-07-05,S,18.31,0.93,0.0289,0.0223,1.0102,V4,0.229,0.229,1.0,confirmed
000513,2024-07-11,S,34.59,1.64,0.0008,0.0548,0.9798,V4,-0.442,-0.221,0.5,reject_half
600089,2024-07-12,S,12.99,0.62,-0.0098,0.0312,1.0062,V4,-0.29,-0.29,1.0,confirmed
601607,2024-07-12,S,18.15,0.82,0.0084,0.0223,1.0191,V4,-0.046,-0.046,1.0,confirmed
601021,2024-07-26,S,53.31,2.52,0.0056,0.0272,0.9993,V4,-0.031,-0.016,0.5,reject_half
002001,2024-08-01,S,19.4,0.96,0.0278,0.0065,0.971,V4,-0.602,-0.301,0.5,reject_half
002001,2024-08-08,S,19.4,0.96,0.0711,-0.0752,0.9917,V4,-0.183,-0.091,0.5,reject_half
000951,2024-08-28,S,14.14,0.72,-0.0079,-0.0033,1.0249,V4,1.251,1.251,1.0,confirmed
600104,2024-08-29,S,12.73,0.62,0.0,0.0525,1.0344,V4,2.349,2.349,1.0,confirmed
600104,2024-09-05,S,12.73,0.62,0.005,0.0525,1.0344,V4,0.785,0.785,1.0,confirmed
001872,2024-09-10,S,20.13,0.88,0.002,0.0903,1.0588,V4,1.326,0.663,0.5,reject_half
600803,2024-09-18,S,16.22,0.78,0.0141,0.071,1.0053,V4,0.095,0.048,0.5,reject_half
688981,2024-09-18,S,48.58,2.13,0.0182,0.0783,1.2349,V4,20.5,20.5,1.0,confirmed
001872,2024-09-19,S,20.13,0.88,-0.0317,0.0903,1.0588,V4,1.326,0.663,0.5,reject_half
600363,2024-09-20,S,25.88,1.2,-0.0681,0.0462,1.1048,V4,2.243,1.122,0.5,reject_half
300498,2024-09-24,S,16.07,0.76,0.058,0.0483,1.0805,V4,2.109,2.109,1.0,confirmed
300699,2024-09-24,S,26.24,1.33,0.0279,-0.0079,1.0128,V4,5.63,5.63,1.0,confirmed
600111,2024-09-24,S,16.73,0.86,0.029,0.0059,1.0535,V4,4.764,4.764,1.0,confirmed
600699,2024-09-24,S,13.89,0.61,0.0133,-0.0069,1.049,V4,3.984,3.984,1.0,confirmed
001965,2024-09-25,S,12.15,0.63,-0.03,-0.0302,0.0,V4,-1.014,-0.507,0.5,stop_half
600803,2024-09-25,S,16.12,0.65,-0.0451,0.0054,1.0412,V4,0.363,0.363,1.0,confirmed
688981,2024-09-25,S,44.23,1.91,0.0029,0.0325,1.1302,V4,21.744,21.744,1.0,confirmed
001872,2024-09-26,S,20.13,0.88,0.0073,0.0903,1.0588,V4,1.326,0.663,0.5,reject_half
002396,2024-09-26,S,10.6,0.5,0.0288,0.043,1.1833,V4,5.163,5.163,1.0,confirmed
002690,2024-09-26,S,11.86,0.53,0.065,0.0545,1.2428,V4,4.769,4.769,1.0,confirmed
600132,2024-09-26,S,49.47,2.03,0.1,0.0566,1.2961,V4,1.752,1.752,1.0,confirmed
601066,2024-09-26,S,19.71,0.84,0.0556,0.1,1.3418,V4,6.358,6.358,1.0,confirmed
601318,2024-09-26,S,40.47,1.89,0.0646,0.0294,1.2834,V4,5.931,5.931,1.0,confirmed
603927,2024-09-26,S,15.81,0.79,0.0349,0.0629,1.2468,V4,7.138,7.138,1.0,confirmed
001289,2024-09-27,S,13.71,0.67,0.0414,0.077,1.2338,V4,4.766,2.383,0.5,reject_half
002142,2024-09-27,S,18.0,0.95,0.0398,0.0936,1.4466,V4,8.442,4.221,0.5,reject_half
002158,2024-09-27,S,16.53,0.72,0.0437,0.0967,1.2413,V4,5.518,2.759,0.5,reject_half
002462,2024-09-27,S,10.93,0.56,0.0278,0.0778,1.2187,V4,4.251,2.125,0.5,reject_half
300685,2024-09-27,S,18.8,0.97,0.054,0.1823,1.3531,V4,6.824,3.412,0.5,reject_half
300869,2024-09-27,S,12.67,0.51,0.0665,0.1496,1.4538,V4,11.247,5.623,0.5,reject_half
600363,2024-09-27,S,25.88,1.2,0.0462,0.0719,1.1446,V4,3.1,1.55,0.5,reject_half
600456,2024-09-27,S,26.21,1.32,0.0397,0.1,1.2765,V4,5.473,2.736,0.5,reject_half
002287,2024-09-30,S,17.94,0.73,0.1001,0.0361,1.1558,V4,3.809,1.904,0.5,reject_half
002507,2024-09-30,S,11.68,0.56,0.0884,-0.0064,1.1569,V4,3.254,1.627,0.5,reject_half
603035,2024-09-30,S,12.3,0.64,0.0906,0.0625,1.1356,V4,2.589,1.294,0.5,reject_half
600332,2024-10-08,S,23.7,0.99,0.0215,-0.0785,1.1593,V4,3.627,3.627,1.0,confirmed
600459,2024-10-08,S,12.04,0.62,0.0437,-0.07,1.1648,V4,4.08,4.08,1.0,confirmed
600598,2024-10-08,S,12.36,0.57,0.037,-0.0798,1.08,V4,3.719,3.719,1.0,confirmed
600685,2024-10-08,S,25.24,1.06,0.0355,-0.0832,1.0451,V4,-1.017,-1.017,1.0,confirmed
600699,2024-10-08,S,13.89,0.61,0.0707,-0.0769,1.2033,V4,4.321,4.321,1.0,confirmed
601021,2024-10-08,S,48.45,2.45,0.006,-0.0688,1.1543,V4,2.59,2.59,1.0,confirmed
601607,2024-10-08,S,18.65,0.8,0.0355,-0.0616,1.0645,V4,0.253,0.253,1.0,confirmed
601965,2024-10-08,S,16.23,0.71,0.0314,-0.0766,1.1176,V4,1.686,1.686,1.0,confirmed
000895,2024-10-18,S,23.37,0.93,0.0081,0.0395,0.9807,V4,-0.504,-0.252,0.5,reject_half
600803,2024-10-23,S,17.32,0.77,-0.0031,0.0151,1.0053,V4,-0.448,-0.448,1.0,confirmed
000895,2024-10-25,S,23.4,0.96,-0.0065,0.0395,0.9794,V4,-0.52,-0.26,0.5,reject_half
600803,2024-10-30,S,17.32,0.84,-0.0243,0.0151,1.0053,V4,-1.015,-1.015,1.0,confirmed
001219,2024-10-31,S,12.12,0.62,0.0563,0.0282,1.0516,V4,0.993,0.497,0.5,reject_half
001872,2024-10-31,S,20.13,0.99,-0.0187,0.0779,0.0,V4,-1.015,-0.507,0.5,stop_half
000719,2024-11-04,S,10.56,0.55,0.0305,0.0629,0.9654,V4,-0.679,-0.34,0.5,reject_half
600980,2024-11-05,S,14.97,0.76,0.0132,-0.0059,1.1056,V4,1.752,1.752,1.0,confirmed
000719,2024-11-11,S,10.56,0.55,0.0312,0.0629,0.9654,V4,-0.679,-0.34,0.5,reject_half
002034,2024-11-11,S,15.22,0.78,0.0092,0.0026,0.9857,V4,-0.293,-0.146,0.5,reject_half
002275,2024-12-27,S,14.51,0.76,0.0628,-0.017,0.979,V4,-0.415,-0.208,0.5,reject_half
600456,2025-01-13,S,29.34,1.34,0.0059,0.0071,0.9886,V4,-0.266,-0.133,0.5,reject_half
600456,2025-01-20,S,27.33,1.4,0.0269,0.0356,1.0692,V4,0.28,0.28,1.0,confirmed
601811,2025-02-05,S,13.83,0.63,-0.0404,0.0309,1.012,V4,-1.016,-1.016,1.0,confirmed
600741,2025-02-06,S,15.26,0.69,0.0256,0.0647,1.0711,V4,1.253,1.253,1.0,confirmed
601965,2025-02-06,S,16.75,0.89,0.0535,0.0316,1.0479,V4,0.887,0.444,0.5,reject_half
002705,2025-02-10,S,14.8,0.61,-0.0124,0.0259,1.0013,V4,1.652,1.652,1.0,confirmed
002020,2025-02-14,S,11.9,0.58,0.0083,0.0394,1.0045,V4,0.078,0.039,0.5,reject_half
600038,2025-02-14,S,36.99,1.76,0.004,0.0008,0.9894,V4,-0.238,-0.119,0.5,reject_half
002179,2025-02-19,S,37.42,1.84,0.0087,0.0441,1.0071,V4,1.697,1.697,1.0,confirmed
603355,2025-02-19,S,24.51,1.06,0.0253,0.0461,1.0432,V4,2.236,2.236,1.0,confirmed
601225,2025-04-29,S,18.75,0.73,-0.0096,0.0465,1.0029,V4,0.056,0.028,0.5,reject_half
000429,2025-05-07,S,13.12,0.6,0.0117,0.0242,0.9944,V4,-0.138,-0.069,0.5,reject_half
002831,2025-05-08,S,14.51,0.76,0.0293,0.0065,1.0124,V4,2.889,2.889,1.0,confirmed
000738,2025-05-19,S,19.55,0.93,0.0274,0.0052,0.9919,V4,-0.186,-0.093,0.5,reject_half
601033,2025-05-28,S,15.65,0.83,0.0068,0.0512,1.019,V4,0.345,0.172,0.5,reject_half
002603,2025-06-09,S,14.25,0.53,0.0194,0.0578,1.002,V4,-0.701,-0.701,1.0,confirmed
002020,2025-06-20,S,13.83,0.59,-0.0076,0.1002,1.0446,V4,1.028,0.514,0.5,reject_half
603288,2025-06-30,S,38.13,1.05,0.0039,-0.0018,1.0083,V4,-0.514,-0.514,1.0,confirmed
600111,2025-07-03,S,25.04,0.85,0.002,0.1002,1.1832,V4,14.506,14.506,1.0,confirmed
000831,2025-07-08,S,36.08,1.49,0.0165,0.0592,1.1283,V4,3.421,3.421,1.0,confirmed
000933,2025-07-08,S,17.1,0.72,0.0077,0.0623,1.1034,V4,0.248,0.248,1.0,confirmed
603392,2025-07-10,S,61.87,2.48,-0.0081,0.0138,0.9656,V4,-0.877,-0.439,0.5,reject_half
300628,2025-07-17,S,33.47,1.48,0.0053,0.0257,0.9806,V4,-0.457,-0.228,0.5,reject_half
002311,2025-07-28,S,55.64,2.27,-0.0083,0.0376,0.9846,V4,-0.396,-0.198,0.5,reject_half
000738,2025-07-29,S,21.27,0.95,0.0102,-0.0147,0.9873,V4,-0.301,-0.151,0.5,reject_half
000400,2025-07-30,S,23.34,1.11,-0.0142,0.0184,0.9939,V4,-0.145,-0.072,0.5,reject_half
600989,2025-08-01,S,15.99,0.66,0.0032,0.0018,1.0075,V4,1.265,1.265,1.0,confirmed
002812,2025-08-04,S,30.41,1.52,-0.0014,0.0457,1.0076,V4,0.136,0.068,0.5,reject_half
002180,2025-08-07,S,24.32,1.15,-0.0041,0.0317,1.0074,V4,-1.015,-1.015,1.0,confirmed
603733,2025-08-11,S,21.49,0.94,0.046,0.004,1.1501,V4,3.413,1.706,0.5,reject_half
301071,2025-08-12,S,30.99,1.22,-0.0155,0.0196,1.0218,V4,-1.019,-1.019,1.0,confirmed
601899,2025-08-18,S,20.28,0.98,-0.023,-0.0226,0.9913,V4,-0.196,-0.098,0.5,reject_half
002142,2025-08-19,S,27.56,1.05,-0.0086,0.0236,0.9892,V4,-0.303,-0.152,0.5,reject_half
603833,2025-08-19,S,51.36,1.92,-0.0107,0.033,1.023,V4,0.595,0.298,0.5,reject_half
300346,2025-08-21,S,32.81,1.6,-0.0186,0.0461,1.0883,V4,1.866,1.866,1.0,confirmed
601628,2025-08-26,S,42.29,2.0,-0.0035,0.0147,0.0,V4,-1.015,-0.508,0.5,stop_half
601001,2025-08-29,S,14.15,0.52,-0.0075,0.0397,1.0053,V4,0.125,0.062,0.5,reject_half
688596,2025-08-29,S,35.66,1.82,0.0069,-0.0912,0.9848,V4,-0.312,-0.156,0.5,reject_half
000685,2025-09-08,S,10.09,0.5,0.0122,0.0818,1.0383,V4,5.582,5.582,1.0,confirmed
603505,2025-09-11,S,17.16,0.81,0.0075,0.028,1.0219,V4,0.447,0.223,0.5,reject_half
601567,2025-09-12,S,22.91,1.22,-0.0061,0.0721,1.0325,V4,0.264,0.264,1.0,confirmed
603391,2025-09-15,S,42.87,2.2,0.0641,0.0169,1.1364,V4,2.54,2.54,1.0,confirmed
002895,2025-09-17,S,26.47,1.36,-0.0097,0.0388,1.057,V4,0.835,0.835,1.0,confirmed
601567,2025-09-19,S,22.64,1.01,0.0124,0.0721,1.0448,V4,0.293,0.293,1.0,confirmed
000885,2025-09-22,S,14.83,0.71,-0.0198,0.1001,0.9904,V4,-0.216,-0.108,0.5,reject_half
688575,2025-09-22,S,15.07,0.67,-0.0062,0.0274,0.0,V4,-0.141,-0.071,0.5,no_confirm_space
000400,2025-09-24,S,23.8,1.19,0.0037,0.0168,1.0332,V4,1.771,1.771,1.0,confirmed
002001,2025-09-24,S,23.71,1.0,0.0098,0.0516,1.01,V4,0.218,0.109,0.5,reject_half
000885,2025-09-29,S,14.24,0.6,0.1001,-0.0496,1.0253,V4,0.583,0.291,0.5,reject_half
000902,2025-10-10,S,14.81,0.75,0.021,0.0609,1.0736,V4,1.436,1.436,1.0,confirmed
300770,2025-10-10,S,45.01,2.23,0.0085,0.0252,0.9999,V4,-0.018,-0.009,0.5,reject_half
688334,2025-10-13,S,19.73,1.04,0.0397,-0.0156,1.0915,V4,1.444,1.444,1.0,confirmed
002690,2025-10-14,S,20.23,0.92,-0.025,0.0398,0.9624,V4,-0.843,-0.422,0.5,reject_half
000821,2025-10-15,S,12.9,0.57,0.025,0.0576,1.0152,V4,0.326,0.163,0.5,reject_half
603100,2025-10-20,S,23.96,0.95,0.0098,0.0818,1.0815,V4,2.035,2.035,1.0,confirmed
603260,2025-10-20,S,50.18,2.38,-0.0012,0.0094,0.9884,V4,-0.26,-0.13,0.5,reject_half
603279,2025-10-21,S,15.31,0.62,0.0039,0.0243,1.0246,V4,1.662,1.662,1.0,confirmed
600763,2025-10-22,S,45.3,2.23,-0.0017,-0.0016,0.974,V4,-0.544,-0.272,0.5,reject_half
002791,2025-10-23,S,22.71,1.12,-0.009,0.0553,0.9974,V4,-0.069,-0.034,0.5,reject_half
603320,2025-10-23,S,19.26,0.91,-0.014,0.0005,1.0874,V4,1.834,0.917,0.5,reject_half
603439,2025-10-23,S,12.76,0.58,-0.0166,0.0238,0.9883,V4,-0.274,-0.137,0.5,reject_half
688139,2025-10-24,S,34.39,1.47,-0.0038,0.019,1.0082,V4,-1.017,-1.017,1.0,confirmed
601900,2025-10-27,S,12.75,0.56,0.045,-0.0021,1.0591,V4,1.156,1.156,1.0,confirmed
603100,2025-10-27,S,23.96,0.95,-0.0116,0.0818,1.0815,V4,2.344,2.344,1.0,confirmed
605507,2025-10-27,S,15.99,0.68,0.017,0.0228,1.0317,V4,-0.059,-0.059,1.0,confirmed
000951,2025-10-29,S,17.11,0.83,-0.0041,0.0378,1.022,V4,-1.015,-1.015,1.0,confirmed
002572,2025-11-10,S,12.51,0.65,0.019,0.0201,1.0145,V4,0.265,0.132,0.5,reject_half
003031,2025-11-10,S,56.1,2.7,-0.0039,0.1001,0.0,V4,1.127,0.564,0.5,no_confirm_space
600426,2025-11-11,S,19.02,0.96,-0.0077,0.0095,1.1648,V4,2.162,2.162,1.0,confirmed
603379,2025-11-12,S,56.96,2.52,0.0438,0.0222,0.9816,V4,-0.432,-0.216,0.5,reject_half
000739,2025-11-17,S,15.7,0.61,-0.0165,0.0141,0.9955,V4,-0.135,-0.067,0.5,reject_half
002078,2025-11-25,S,14.72,0.65,-0.0021,0.0387,0.9934,V4,-0.167,-0.084,0.5,reject_half
601688,2025-11-25,S,22.88,1.09,0.0029,0.0394,0.9719,V4,-0.605,-0.303,0.5,reject_half
603085,2025-11-26,S,10.99,0.51,0.0068,0.0262,1.0045,V4,-1.016,-1.016,1.0,confirmed
003005,2025-11-27,S,21.94,1.13,-0.0088,0.0291,0.9952,V4,-0.108,-0.054,0.5,reject_half
600877,2025-11-27,S,13.78,0.59,0.1001,-0.0183,1.1212,V4,2.811,1.405,0.5,reject_half
001368,2025-11-28,S,26.38,1.2,-0.0023,0.0309,1.0168,V4,-1.016,-1.016,1.0,confirmed
688153,2025-12-02,S,34.93,1.72,0.0113,0.0106,1.0958,V4,1.929,0.964,0.5,reject_half
001368,2025-12-05,S,26.38,1.2,0.0192,0.0112,1.0629,V4,-1.016,-1.016,1.0,confirmed
002151,2025-12-05,S,31.55,1.29,0.0113,0.0054,1.0063,V4,18.125,18.125,1.0,confirmed
300525,2025-12-05,S,13.58,0.55,0.0596,0.0211,1.0516,V4,1.253,0.627,0.5,reject_half
301522,2025-12-05,S,31.89,1.4,0.0457,0.0015,1.0005,V4,-0.007,-0.003,0.5,reject_half
603383,2025-12-05,S,38.3,1.83,0.0686,0.0121,0.9849,V4,-0.333,-0.166,0.5,reject_half
300597,2025-12-08,S,9.85,0.51,0.0221,0.0426,0.0,V4,-1.014,-0.507,0.5,stop_half
300244,2025-12-10,S,15.34,0.8,0.0145,0.0865,1.0393,V4,0.739,0.369,0.5,reject_half
600955,2025-12-10,S,15.48,0.79,-0.004,0.0311,1.0831,V4,2.204,2.204,1.0,confirmed
002972,2025-12-12,S,12.28,0.63,-0.0245,0.014,1.0073,V4,-1.014,-1.014,1.0,confirmed
301522,2025-12-12,S,31.89,1.4,0.0538,0.0123,1.0727,V4,1.638,0.819,0.5,reject_half
603004,2025-12-12,S,24.37,1.2,-0.0057,-0.0094,0.0,V4,-0.312,-0.156,0.5,no_confirm_space
603383,2025-12-12,S,38.3,1.83,0.0046,0.0682,1.0297,V4,0.606,0.303,0.5,reject_half
300161,2025-12-15,S,29.0,1.38,-0.0067,0.0097,1.0007,V4,-0.002,-0.001,0.5,reject_half
300597,2025-12-15,S,9.85,0.51,0.0123,0.0426,0.0,V4,-1.014,-0.507,0.5,stop_half
603112,2025-12-15,S,18.48,0.87,-0.0071,0.0685,1.0142,V4,0.831,0.831,1.0,confirmed
300183,2025-12-17,S,15.9,0.73,0.0007,0.034,0.9896,V4,-0.244,-0.122,0.5,reject_half
300244,2025-12-17,S,15.34,0.74,0.0413,0.0865,1.0393,V4,0.799,0.399,0.5,reject_half
600955,2025-12-17,S,15.48,0.79,0.0075,0.0311,1.0831,V4,2.154,2.154,1.0,confirmed
600372,2025-12-18,S,12.95,0.59,0.0157,0.0171,0.9965,V4,-0.093,-0.047,0.5,reject_half
603777,2025-12-18,S,13.9,0.7,0.1001,0.0034,1.0496,V4,0.97,0.485,0.5,reject_half
603886,2025-12-18,S,12.29,0.51,0.0097,0.057,1.0856,V4,2.044,1.022,0.5,reject_half
300320,2025-12-19,S,9.89,0.51,0.0164,0.0144,1.0118,V4,0.194,0.194,1.0,confirmed
301278,2025-12-19,S,35.39,1.7,0.0754,-0.0682,0.958,V4,-0.889,-0.445,0.5,reject_half
301335,2025-12-19,S,29.07,1.28,0.0475,-0.0158,1.0258,V4,0.569,0.284,0.5,reject_half
603383,2025-12-19,S,36.69,1.77,0.0064,0.0454,1.0056,V4,0.1,0.05,0.5,reject_half
603867,2025-12-19,S,27.98,1.38,0.0073,0.0528,1.0176,V4,0.341,0.171,0.5,reject_half
000682,2025-12-22,S,12.01,0.51,-0.0026,0.0228,1.0091,V4,3.825,3.825,1.0,confirmed
000786,2025-12-22,S,24.7,1.04,-0.0127,0.0186,0.9933,V4,-0.177,-0.088,0.5,reject_half
300597,2025-12-22,S,9.85,0.51,-0.0011,0.0426,0.0,V4,-1.014,-0.507,0.5,stop_half
000997,2025-12-24,S,26.17,0.93,0.0105,0.0307,0.9989,V4,-0.051,-0.026,0.5,reject_half
001373,2025-12-25,S,33.28,1.62,0.0291,0.005,1.0159,V4,5.925,5.925,1.0,confirmed
002601,2025-12-25,S,18.19,0.82,0.009,0.0089,1.0682,V4,4.614,4.614,1.0,confirmed
002635,2025-12-25,S,14.2,0.68,-0.0036,0.0197,0.9868,V4,-0.292,-0.146,0.5,reject_half
002995,2025-12-25,S,16.83,0.79,0.0031,0.0521,1.0463,V4,10.446,10.446,1.0,confirmed
300479,2025-12-25,S,19.21,1.03,-0.0094,0.0111,1.0026,V4,1.441,1.441,1.0,confirmed
301587,2025-12-25,S,23.77,1.11,0.0068,0.0114,1.0034,V4,0.056,0.028,0.5,reject_half
603777,2025-12-25,S,13.9,0.7,-0.0091,0.0127,1.0151,V4,0.285,0.142,0.5,reject_half
300817,2025-12-26,S,19.49,0.89,-0.017,0.0252,1.1045,V4,1.734,1.734,1.0,confirmed
001319,2025-12-29,S,26.01,1.17,0.039,0.0234,1.0401,V4,0.873,0.437,0.5,reject_half
002698,2025-12-29,S,16.68,0.6,-0.0049,0.0525,0.988,V4,-0.354,-0.177,0.5,reject_half
003039,2025-12-29,S,14.49,0.6,-0.024,0.1001,1.1862,V4,2.449,2.449,1.0,confirmed
300161,2025-12-29,S,28.98,1.11,0.0109,0.0097,1.0014,V4,0.016,0.008,0.5,reject_half
300174,2025-12-29,S,15.93,0.76,0.0038,0.0206,1.0193,V4,0.881,0.881,1.0,confirmed
300075,2025-12-30,S,15.27,0.81,0.0153,0.0039,1.0144,V4,0.084,0.084,1.0,confirmed
000997,2025-12-31,S,26.17,0.93,0.0172,-0.0212,1.0539,V4,0.807,0.807,1.0,confirmed
300244,2025-12-31,S,15.78,0.74,0.0279,0.0808,1.0931,V4,10.347,10.347,1.0,confirmed
603897,2026-01-05,S,26.88,1.03,-0.0151,0.007,0.9709,V4,-0.78,-0.39,0.5,reject_half
300341,2026-01-06,S,17.19,0.84,0.0191,0.0483,1.0534,V4,-0.142,-0.142,1.0,confirmed
001319,2026-01-07,S,27.32,1.21,-0.0121,0.0428,1.0302,V4,2.055,2.055,1.0,confirmed
003039,2026-01-07,S,14.49,0.6,-0.0188,-0.0216,1.109,V4,2.727,2.727,1.0,confirmed
300161,2026-01-07,S,29.4,1.28,0.0286,0.0421,1.0561,V4,1.269,0.635,0.5,reject_half
603939,2026-01-07,S,21.95,0.99,0.0027,0.0191,1.0171,V4,2.3,2.3,1.0,confirmed
300075,2026-01-08,S,15.66,0.59,0.0151,0.029,1.083,V4,-1.02,-1.02,1.0,confirmed
002322,2026-01-09,S,12.04,0.54,0.008,0.0238,1.0382,V4,0.833,0.417,0.5,reject_half
301376,2026-01-09,S,18.52,0.85,0.0109,0.0263,1.0169,V4,0.351,0.176,0.5,reject_half
600060,2026-01-09,S,24.15,1.23,0.018,0.0432,0.956,V4,-0.878,-0.439,0.5,reject_half
688777,2026-01-09,S,50.49,2.43,0.0167,0.0733,1.2496,V4,15.104,15.104,1.0,confirmed
600071,2026-01-12,S,21.85,1.0,0.0503,-0.0404,0.9977,V4,-0.067,-0.033,0.5,reject_half
002223,2026-01-14,S,38.62,1.55,0.0784,-0.0599,1.026,V4,0.628,0.314,0.5,reject_half
601900,2026-01-14,S,13.26,0.68,0.0797,-0.0617,1.0586,V4,1.127,0.564,0.5,reject_half
300075,2026-01-15,S,15.66,0.59,-0.0126,-0.0326,1.0421,V4,1.098,0.549,0.5,reject_half
600060,2026-01-16,S,24.15,1.23,-0.0034,0.0192,0.9692,V4,-0.62,-0.31,0.5,reject_half
603826,2026-01-16,S,13.86,0.59,-0.018,0.1001,1.0747,V4,1.735,0.868,0.5,reject_half
300479,2026-01-19,S,19.57,0.71,0.024,0.0075,1.071,V4,1.936,0.968,0.5,reject_half
002831,2026-01-21,S,19.76,0.94,-0.0138,0.0579,0.998,V4,-0.057,-0.029,0.5,reject_half
605296,2026-01-21,S,29.1,1.07,-0.0108,0.0203,0.0,V4,-1.02,-0.51,0.5,stop_half
603826,2026-01-23,S,13.86,0.59,0.0281,0.1001,1.0747,V4,1.735,0.868,0.5,reject_half
600071,2026-01-26,S,22.48,1.09,-0.0264,0.0362,0.9813,V4,-0.401,-0.2,0.5,reject_half
600129,2026-01-27,S,18.88,0.96,-0.0384,0.0072,0.9592,V4,-0.817,-0.408,0.5,reject_half
605296,2026-01-28,S,28.8,1.36,-0.0076,0.0203,0.9778,V4,-0.486,-0.243,0.5,reject_half
605555,2026-01-29,S,19.06,0.98,-0.0226,0.0602,0.9595,V4,-0.803,-0.401,0.5,reject_half
000099,2026-01-30,S,21.52,0.84,-0.008,0.0341,0.9947,V4,-0.156,-0.078,0.5,reject_half
300251,2026-01-30,S,17.4,0.78,0.0712,0.0041,1.144,V4,-1.016,-1.016,1.0,confirmed
300417,2026-01-30,S,13.99,0.73,0.0256,0.0212,0.9777,V4,-0.442,-0.221,0.5,reject_half
600060,2026-01-30,S,24.32,1.27,0.0093,0.0398,0.9628,V4,-0.727,-0.363,0.5,reject_half
688050,2026-02-03,S,61.11,2.26,0.0059,0.0236,1.0118,V4,0.298,0.149,0.5,reject_half
002416,2026-02-04,S,12.57,0.57,0.0078,0.0586,1.0486,V4,-1.016,-1.016,1.0,confirmed
002299,2026-02-05,S,16.98,0.85,-0.0006,0.0482,1.0713,V4,1.536,1.536,1.0,confirmed
603042,2026-02-05,S,14.17,0.73,-0.0235,0.0112,1.0584,V4,1.96,1.96,1.0,confirmed
603317,2026-02-05,S,12.62,0.57,0.0732,-0.0131,1.0949,V4,2.082,1.041,0.5,reject_half
603985,2026-02-05,S,17.11,0.85,-0.0288,0.0119,0.9772,V4,-0.475,-0.237,0.5,reject_half
300251,2026-02-06,S,17.4,0.78,-0.0182,0.0411,1.4518,V4,-1.016,-1.016,1.0,confirmed
603082,2026-02-06,S,37.94,1.53,-0.0053,0.0329,1.0111,V4,0.256,0.128,0.5,reject_half
603826,2026-02-06,S,13.86,0.59,0.0021,0.0144,1.0565,V4,1.308,0.654,0.5,reject_half
002933,2026-02-09,S,36.5,1.68,0.015,0.0415,1.0165,V4,0.343,0.171,0.5,reject_half
603125,2026-02-09,S,19.1,1.0,0.0034,0.0998,1.059,V4,-1.014,-1.014,1.0,confirmed
300691,2026-02-10,S,17.76,0.81,0.0017,0.0148,1.0107,V4,0.218,0.109,0.5,reject_half
300100,2026-02-11,S,35.99,1.65,-0.017,0.0765,1.0207,V4,0.435,0.218,0.5,reject_half
601088,2026-02-12,S,42.09,2.13,-0.007,0.0584,1.0617,V4,2.916,2.916,1.0,confirmed
002791,2026-02-24,S,22.29,0.85,0.0067,0.0569,1.1166,V4,3.037,1.518,0.5,reject_half
603777,2026-02-24,S,13.57,0.67,-0.0077,0.0246,0.0,V4,-1.015,-0.507,0.5,stop_half
002085,2026-02-25,S,15.89,0.58,0.0006,0.0301,1.0244,V4,0.647,0.323,0.5,reject_half
000096,2026-02-26,S,11.17,0.53,-0.0244,0.1004,1.1767,V4,-1.015,-1.015,1.0,confirmed
600066,2026-02-26,S,30.87,1.48,-0.0466,0.0226,0.9871,V4,-0.284,-0.142,0.5,reject_half
601088,2026-02-27,S,41.83,1.81,0.0103,0.0584,1.0683,V4,2.47,2.47,1.0,confirmed
601225,2026-02-27,S,22.85,1.14,0.0207,0.0468,1.0602,V4,1.888,1.888,1.0,confirmed
301559,2026-03-04,S,18.32,0.86,-0.0345,0.0154,1.0103,V4,-1.016,-1.016,1.0,confirmed
002588,2026-03-05,S,10.75,0.54,-0.0131,0.0595,1.0064,V4,0.112,0.056,0.5,reject_half
600066,2026-03-05,S,30.87,1.48,0.0575,0.0226,0.9871,V4,-0.284,-0.142,0.5,reject_half
601088,2026-03-06,S,41.83,1.81,-0.0011,0.0463,1.0769,V4,1.76,0.88,0.5,reject_half
601225,2026-03-06,S,22.85,1.14,-0.0095,0.0188,1.0514,V4,1.015,0.507,0.5,reject_half
603527,2026-03-10,S,10.97,0.53,0.0101,0.0283,1.1218,V4,-1.015,-1.015,1.0,confirmed
603777,2026-03-10,S,13.33,0.64,0.0446,0.0246,0.9677,V4,-0.687,-0.344,0.5,reject_half
300498,2026-03-11,S,16.13,0.79,0.0124,0.0227,1.0631,V4,1.272,0.636,0.5,reject_half
601882,2026-03-11,S,21.35,1.04,0.0164,-0.018,1.0081,V4,-1.015,-1.015,1.0,confirmed
600449,2026-03-16,S,13.72,0.53,-0.0257,0.0181,0.9848,V4,-0.414,-0.207,0.5,reject_half
002559,2026-03-24,S,10.73,0.52,0.0314,0.0478,0.9979,V4,-0.06,-0.03,0.5,reject_half
002635,2026-03-24,S,15.09,0.77,0.0406,0.0999,1.0159,V4,0.297,0.148,0.5,reject_half
300998,2026-03-24,S,24.71,1.28,0.0288,0.0609,1.0141,V4,0.978,0.978,1.0,confirmed
603777,2026-03-24,S,13.33,0.64,0.0423,0.0628,1.0218,V4,0.437,0.219,0.5,reject_half
000957,2026-03-27,S,11.6,0.56,0.0045,0.0397,0.9672,V4,-0.695,-0.347,0.5,reject_half
000963,2026-03-27,S,35.74,1.75,0.0591,0.0289,1.0104,V4,-1.015,-1.015,1.0,confirmed
002705,2026-03-27,S,13.61,0.65,0.0074,0.0181,1.0637,V4,1.317,0.658,0.5,reject_half
002840,2026-03-27,S,10.4,0.52,0.0346,0.0044,1.0365,V4,0.715,0.358,0.5,reject_half
002962,2026-03-27,S,15.89,0.75,-0.0051,0.1002,1.0383,V4,0.796,0.398,0.5,reject_half
603787,2026-03-27,S,13.92,0.62,0.0047,0.044,1.1785,V4,-1.016,-1.016,1.0,confirmed
603995,2026-03-27,S,18.99,0.93,0.0216,0.054,0.0,V4,-0.001,-0.0,0.5,no_confirm_space
002352,2026-03-30,S,36.75,1.9,-0.0084,0.0348,1.024,V4,-0.107,-0.107,1.0,confirmed
300741,2026-03-30,S,17.86,0.77,0.0101,0.087,0.0,V4,-1.017,-0.508,0.5,stop_half
603819,2026-03-30,S,13.03,0.55,-0.019,0.0101,1.0692,V4,1.874,1.874,1.0,confirmed
300628,2026-04-01,S,33.9,1.75,0.0049,0.041,1.0252,V4,0.473,0.236,0.5,reject_half
301297,2026-04-01,S,35.94,1.46,0.0322,0.0761,1.0802,V4,4.885,4.885,1.0,confirmed
600449,2026-04-07,S,12.99,0.53,0.0082,0.0232,1.0059,V4,0.442,0.442,1.0,confirmed
603819,2026-04-07,S,13.03,0.55,-0.0008,0.0144,1.0279,V4,4.01,4.01,1.0,confirmed
002635,2026-04-08,S,15.16,0.75,0.0422,0.0999,1.0112,V4,0.211,0.106,0.5,reject_half
002833,2026-04-08,S,17.65,0.92,0.029,0.044,0.9917,V4,-0.173,-0.086,0.5,reject_half
600071,2026-04-08,S,19.11,0.99,0.0196,0.0345,1.0837,V4,1.6,0.8,0.5,reject_half
002832,2026-04-10,S,17.1,0.85,0.0029,0.0404,0.9977,V4,-0.062,-0.031,0.5,reject_half
300052,2026-04-10,S,13.34,0.58,0.0032,0.0551,1.0495,V4,-1.017,-1.017,1.0,confirmed
300898,2026-04-10,S,23.05,1.15,0.0161,0.019,1.0142,V4,0.395,0.395,1.0,confirmed
600323,2026-04-10,S,29.63,1.46,-0.0054,0.0272,1.0126,V4,-0.001,-0.001,1.0,confirmed
603209,2026-04-10,S,14.98,0.77,-0.0106,-0.0067,0.0,V4,-1.014,-0.507,0.5,stop_half
000957,2026-04-13,S,11.6,0.56,0.0421,0.0076,1.0204,V4,0.406,0.203,0.5,reject_half
001201,2026-04-13,S,13.71,0.61,0.0173,0.0045,0.9847,V4,-0.361,-0.181,0.5,reject_half
002962,2026-04-13,S,13.88,0.65,-0.0195,-0.0127,1.2045,V4,8.126,8.126,1.0,confirmed
603995,2026-04-13,S,17.41,0.79,0.0539,-0.0022,1.0138,V4,0.287,0.144,0.5,reject_half
605005,2026-04-13,S,20.58,0.84,-0.022,0.0177,0.9995,V4,-0.03,-0.015,0.5,reject_half
002884,2026-04-14,S,17.68,0.95,0.0234,0.0223,1.0081,V4,-0.161,-0.161,1.0,confirmed
300741,2026-04-14,S,17.86,0.77,0.0037,0.087,0.0,V4,-1.017,-0.508,0.5,stop_half
000550,2026-04-15,S,18.43,0.92,-0.0175,0.0335,0.994,V4,-0.135,-0.068,0.5,reject_half
002236,2026-04-15,S,16.85,0.68,0.034,0.0164,1.1139,V4,2.801,1.4,0.5,reject_half
300439,2026-04-15,S,10.55,0.52,-0.0196,0.0261,0.9716,V4,-0.59,-0.295,0.5,reject_half
600992,2026-04-15,S,12.34,0.51,-0.0237,0.0008,0.9716,V4,-0.704,-0.352,0.5,reject_half
301552,2026-04-16,S,28.65,1.5,0.0067,0.0523,1.1579,V4,3.0,1.5,0.5,reject_half
600031,2026-04-16,S,20.98,1.0,-0.0131,0.0638,1.0084,V4,0.161,0.081,0.5,reject_half
600764,2026-04-16,S,24.6,0.85,0.0033,0.0185,1.0037,V4,0.084,0.042,0.5,reject_half
000829,2026-04-17,S,10.94,0.57,0.0157,0.0036,1.0046,V4,0.073,0.037,0.5,reject_half
300181,2026-04-17,S,15.73,0.78,-0.0214,0.0402,1.0287,V4,-1.015,-1.015,1.0,confirmed
603519,2026-04-17,S,13.53,0.71,-0.0126,0.0366,1.009,V4,-1.014,-1.014,1.0,confirmed
002823,2026-04-20,S,16.04,0.69,0.0019,0.0247,0.9977,V4,-0.072,-0.036,0.5,reject_half
300052,2026-04-20,S,12.85,0.55,-0.0314,-0.0155,1.0521,V4,-1.017,-1.017,1.0,confirmed
600285,2026-04-20,S,20.65,0.74,0.0038,0.0522,1.0379,V4,1.035,0.517,0.5,reject_half
600449,2026-04-21,S,12.99,0.61,-0.0063,0.0232,1.0059,V4,2.764,2.764,1.0,confirmed
603136,2026-04-21,S,11.36,0.57,-0.0109,0.0727,0.0,V4,-1.015,-0.507,0.5,stop_half
603062,2026-04-22,S,50.22,2.2,-0.0264,0.0415,1.0321,V4,-1.017,-1.017,1.0,confirmed
600258,2026-04-24,S,14.9,0.7,-0.0072,0.0868,1.0129,V4,0.259,0.13,0.5,reject_half
600886,2026-04-24,S,13.3,0.54,-0.0104,0.0015,0.992,V4,-0.216,-0.108,0.5,reject_half
002078,2026-04-27,S,14.55,0.75,-0.0103,0.0515,0.9949,V4,-0.113,-0.057,0.5,reject_half
600323,2026-04-28,S,28.75,1.24,0.0165,0.0364,1.0838,V4,1.925,0.963,0.5,reject_half
600449,2026-04-28,S,12.83,0.53,0.0008,0.0232,1.0184,V4,2.701,2.701,1.0,confirmed
300583,2026-04-30,S,14.43,0.73,0.0196,0.0053,1.0598,V4,-1.014,-1.014,1.0,confirmed
603768,2026-04-30,S,11.22,0.5,0.0008,0.011,1.0731,V4,-1.016,-1.016,1.0,confirmed
688139,2026-04-30,S,33.95,1.7,-0.04,0.0168,0.9674,V4,-0.666,-0.333,0.5,reject_half
002946,2026-05-06,S,18.24,0.83,-0.0231,-0.0144,1.0071,V4,0.139,0.069,0.5,reject_half
600876,2026-05-06,S,10.01,0.53,-0.0021,0.0415,0.0,V4,-1.014,-0.507,0.5,stop_half
603939,2026-05-06,S,23.32,0.99,-0.0134,0.0396,0.9796,V4,-0.497,-0.249,0.5,reject_half
300052,2026-05-07,S,12.85,0.55,0.2002,0.0687,1.1891,V4,4.398,2.199,0.5,reject_half
688391,2026-05-07,S,31.18,1.45,0.0189,0.013,1.0486,V4,-1.016,-1.016,1.0,confirmed
300566,2026-05-08,S,19.08,0.96,0.0286,0.0088,1.0581,V4,1.14,0.57,0.5,reject_half
300928,2026-05-08,S,30.52,1.47,0.0178,-0.0097,1.1419,V4,2.928,1.464,0.5,reject_half
605296,2026-05-13,S,31.06,1.6,-0.0346,0.1,0.9665,V4,-0.664,-0.332,0.5,reject_half
002576,2026-05-15,S,19.54,0.92,0.0249,0.0391,0.992,V4,-0.185,-0.093,0.5,reject_half
300685,2026-05-15,S,20.4,1.01,0.009,0.1205,0.9873,V4,-0.273,-0.136,0.5,reject_half
600845,2026-05-20,S,23.09,0.95,-0.0128,-0.0569,0.9892,V4,-0.281,-0.141,0.5,reject_half
002576,2026-05-22,S,19.3,1.0,0.0391,-0.0087,1.042,V4,-1.014,-1.014,1.0,confirmed
300685,2026-05-22,S,19.84,0.96,-0.0084,0.1205,1.0151,V4,0.297,0.148,0.5,reject_half
001286,2026-05-25,S,11.65,0.62,0.0254,0.0366,1.0591,V4,-1.014,-1.014,1.0,confirmed
002823,2026-05-28,S,16.79,0.79,0.0143,0.0294,1.0739,V4,1.552,0.776,0.5,reject_half
601066,2026-05-28,S,23.04,1.18,-0.0265,0.0558,1.0547,V4,1.052,0.526,0.5,reject_half
001286,2026-06-01,S,11.65,0.62,0.0725,-0.0458,1.0723,V4,1.344,0.672,0.5,reject_half
600012,2026-06-03,S,15.69,0.77,-0.079,0.0148,0.9753,V4,-0.518,-0.259,0.5,reject_half
603858,2026-06-03,S,15.22,0.69,-0.0091,0.021,1.0132,V4,-1.016,-1.016,1.0,confirmed
002955,2026-06-09,S,25.94,1.32,0.0389,0.0437,1.1847,V4,5.3,5.3,1.0,confirmed
301303,2026-06-09,S,14.29,0.75,-0.0872,-0.0321,1.021,V4,0.385,0.193,0.5,reject_half
600521,2026-06-09,S,16.78,0.86,-0.0094,0.0902,0.9613,V4,-0.77,-0.385,0.5,reject_half
001239,2026-06-15,S,13.39,0.71,0.0144,0.0773,1.1524,V4,-1.014,-1.014,1.0,confirmed
301303,2026-06-16,S,14.29,0.75,0.0253,0.1275,1.2582,V4,4.902,2.451,0.5,reject_half
600298,2026-06-16,S,35.65,1.81,-0.0242,0.0654,1.0,V4,-0.015,-0.007,0.5,reject_half
600521,2026-06-16,S,16.78,0.86,-0.0191,0.0902,0.9613,V4,-0.77,-0.385,0.5,reject_half
002727,2026-06-17,S,11.26,0.56,-0.0209,0.0341,0.0,V4,0.467,0.233,0.5,no_confirm_space
300181,2026-06-17,S,13.46,0.5,-0.0091,0.0567,0.9889,V4,-0.32,-0.16,0.5,reject_half
600587,2026-06-18,S,12.8,0.57,-0.0123,0.0338,1.0227,V4,0.491,0.246,0.5,reject_half
601788,2026-06-18,S,14.44,0.67,-0.0281,0.0606,1.0395,V4,0.834,0.417,0.5,reject_half
601995,2026-06-18,S,33.05,1.76,-0.0231,0.0611,1.0717,V4,1.331,0.666,0.5,reject_half
603658,2026-06-18,S,32.41,1.6,-0.0174,0.0215,1.0015,V4,-0.128,-0.128,1.0,confirmed
300146,2026-06-22,S,9.82,0.5,0.0468,-0.0204,1.0092,V4,0.165,0.082,0.5,reject_half
603049,2026-06-23,S,45.78,2.06,-0.0216,0.0321,1.0682,V4,1.22,1.22,1.0,confirmed
603194,2026-06-23,S,37.97,1.83,-0.023,0.0312,0.0,V4,-1.015,-0.508,0.5,stop_half
300146,2026-06-29,S,9.82,0.5,0.0141,0.0629,1.0122,V4,0.225,0.112,0.5,reject_half
601136,2026-06-30,S,14.06,0.67,-0.0043,0.0609,1.03,V4,0.612,0.306,0.5,reject_half
300999,2026-07-01,S,26.13,1.33,0.0408,0.0369,0.9874,V4,-0.263,-0.131,0.5,reject_half
601788,2026-07-03,S,14.44,0.67,0.0184,0.0321,1.036,V4,0.759,0.38,0.5,reject_half
603368,2026-07-03,S,16.12,0.72,0.0163,0.0057,0.9696,V4,-0.697,-0.349,0.5,reject_half
603658,2026-07-03,S,32.25,1.51,0.0289,0.0215,1.0065,V4,0.553,0.553,1.0,confirmed
000429,2026-07-08,S,13.46,0.72,0.0258,-0.0571,0.962,V4,-0.723,-0.362,0.5,reject_half
600690,2026-07-08,S,20.79,0.73,-0.0015,0.0339,1.0154,V4,2.1,2.1,1.0,confirmed
002727,2026-07-09,S,10.54,0.55,-0.0233,0.0395,1.0579,V4,1.385,1.385,1.0,confirmed
002946,2026-07-09,S,16.71,0.88,-0.0364,0.0431,1.0652,V4,0.088,0.088,1.0,confirmed
002603,2026-07-10,S,15.47,0.72,0.0211,0.0619,1.1086,V4,2.093,2.093,1.0,confirmed
600285,2026-07-10,S,21.04,0.99,-0.0032,0.0433,1.0789,V4,1.195,1.195,1.0,confirmed
600739,2026-07-10,S,10.2,0.52,0.004,0.0704,1.053,V4,1.023,0.512,0.5,reject_half
603658,2026-07-10,S,31.42,1.44,0.0062,0.0215,1.0331,V4,0.684,0.684,1.0,confirmed
603883,2026-07-14,S,11.77,0.56,0.0428,0.0327,1.062,V4,1.715,1.715,1.0,confirmed
002007,2026-07-15,S,13.05,0.65,0.0168,0.0255,1.01,V4,0.185,0.092,0.5,reject_half
000429,2026-07-29,S,13.46,0.72,-0.0207,-0.0299,1.0376,V4,-0.306,-0.306,1.0,confirmed
603170,2026-07-30,S,12.09,0.6,0.0588,-0.0023,1.0827,V4,1.65,0.825,0.5,reject_half
