日期,开盘,收盘,最高,最低,成交量,成交额,涨跌幅,涨跌额,振幅,换手率
2023-04-11,11.69,11.7,11.83,11.53,68098.0,79524032.0,,,2.6019080659150107,0.0
2023-04-12,11.7,11.83,12.06,11.58,81273.0,96529536.0,1.1111111111111072,0.13000000000000078,4.145077720207258,0.0
2023-04-13,11.74,12.64,12.9,11.67,221023.0,277040768.0,6.846999154691469,0.8100000000000005,10.53984575835476,0.0
2023-04-14,12.75,12.53,12.86,12.23,143976.0,180483328.0,-0.8702531645569667,-0.11000000000000121,5.151267375306615,0.0
2023-04-17,12.45,13.26,13.39,12.17,263191.0,342130816.0,5.826017557861141,0.7300000000000004,10.024650780608058,0.0
2023-04-18,13.1,14.18,14.5,13.05,253654.0,348946080.0,6.9381598793363475,0.9199999999999999,11.111111111111105,0.0
2023-04-19,13.93,14.35,15.17,13.88,240416.0,346631520.0,1.1988716502115748,0.16999999999999993,9.293948126801146,0.0
2023-04-20,14.08,14.17,14.54,14.05,117941.0,168153888.0,-1.2543554006968605,-0.17999999999999972,3.4875444839857535,0.0
2023-04-21,14.21,14.3,14.85,14.21,139393.0,202162192.0,0.917431192660545,0.13000000000000078,4.503870513722721,0.0
2023-04-24,14.51,13.7,14.75,13.35,195154.0,272106080.0,-4.195804195804209,-0.6000000000000014,10.486891385767795,0.0
2023-04-25,13.76,13.52,13.87,13.25,159204.0,215362112.0,-1.31386861313868,-0.17999999999999972,4.679245283018862,0.0
2023-04-26,13.71,13.02,13.8,12.9,141499.0,187300144.0,-3.698224852071008,-0.5,6.976744186046514,0.0
2023-04-27,13.15,13.7,13.88,13.1,121735.0,165072192.0,5.222734254992312,0.6799999999999997,5.954198473282451,0.0
2023-04-28,13.59,13.33,13.59,13.0,110405.0,146283072.0,-2.700729927007295,-0.3699999999999992,4.538461538461537,0.0
2023-05-04,12.71,13.56,13.78,12.71,113449.0,152440208.0,1.7254313578394687,0.23000000000000043,8.418568056648295,0.0
2023-05-05,13.45,13.35,13.59,13.02,90928.0,120440384.0,-1.5486725663716894,-0.21000000000000085,4.3778801843318,0.0
2023-05-08,13.38,14.19,14.69,13.37,230459.0,326034304.0,6.292134831460672,0.8399999999999999,9.872849663425583,0.0
2023-05-09,13.97,13.8,14.94,13.6,217315.0,307990464.0,-2.74841437632134,-0.3899999999999988,9.852941176470589,0.0
2023-05-10,13.59,13.61,13.96,13.32,106666.0,145034592.0,-1.376811594202909,-0.19000000000000128,4.804804804804809,0.0
2023-05-11,13.48,12.83,13.83,12.8,132116.0,173606656.0,-5.73108008817046,-0.7799999999999994,8.046874999999995,0.0
2023-05-12,12.92,13.12,13.39,12.72,97376.0,128329136.0,2.260327357755254,0.28999999999999915,5.267295597484275,0.0
2023-05-15,12.91,12.95,13.3,12.61,105883.0,135657840.0,-1.2957317073170715,-0.16999999999999993,5.471847739888988,0.0
2023-05-16,12.86,12.84,12.98,12.52,73663.0,93934784.0,-0.8494208494208455,-0.10999999999999943,3.6741214057508054,0.0
2023-05-17,12.67,13.22,13.28,12.65,71947.0,93840720.0,2.9595015576324046,0.3800000000000008,4.980237154150189,0.0
2023-05-18,13.12,13.27,13.32,13.06,45205.0,59648328.0,0.3782148260211615,0.049999999999998934,1.990811638591116,0.0
2023-05-19,13.16,13.45,13.56,13.05,59383.0,79483256.0,1.35644310474754,0.17999999999999972,3.908045977011492,0.0
2023-05-22,13.32,13.2,13.68,13.07,54141.0,71918512.0,-1.8587360594795488,-0.25,4.6671767406273865,0.0
2023-05-23,13.26,13.18,13.45,13.1,44550.0,59123048.0,-0.15151515151514694,-0.019999999999999574,2.6717557251908373,0.0
2023-05-24,13.18,13.1,13.29,12.82,47155.0,61555064.0,-0.6069802731411222,-0.08000000000000007,3.666146645865825,0.0
2023-05-25,13.04,12.75,13.2,12.68,65956.0,84635608.0,-2.6717557251908386,-0.34999999999999964,4.100946372239744,0.0
2023-05-26,12.84,13.14,13.28,12.71,56023.0,72715832.0,3.0588235294117583,0.39000000000000057,4.484657749803293,0.0
2023-05-29,13.14,13.23,13.45,13.09,44142.0,58509448.0,0.6849315068493178,0.08999999999999986,2.7501909854850988,0.0
2023-05-30,13.2,13.04,13.3,12.88,41404.0,54016700.0,-1.4361300075585892,-0.19000000000000128,3.2608695652173907,0.0
2023-05-31,12.99,13.05,13.29,12.94,38738.0,50854392.0,0.07668711656443339,0.010000000000001563,2.7047913446676946,0.0
2023-06-01,13.04,12.76,13.25,12.75,57547.0,74211016.0,-2.2222222222222254,-0.2900000000000009,3.9215686274509802,0.0
2023-06-02,12.8,12.5,12.92,12.41,70068.0,88121816.0,-2.037617554858928,-0.2599999999999998,4.109589041095889,0.0
2023-06-05,12.51,12.65,13.07,12.5,82988.0,105388960.0,1.200000000000001,0.15000000000000036,4.560000000000002,0.0
2023-06-06,12.6,12.15,12.67,12.14,59765.0,73907336.0,-3.9525691699604737,-0.5,4.365733113673801,0.0
2023-06-07,12.28,12.07,12.37,11.98,46105.0,55941176.0,-0.6584362139917754,-0.08000000000000007,3.2554257095158494,0.0
2023-06-08,12.01,11.94,12.2,11.86,28196.0,33789864.0,-1.0770505385252704,-0.13000000000000078,2.866779089376053,0.0
2023-06-09,11.91,11.9,12.1,11.79,31313.0,37310436.0,-0.335008375209378,-0.03999999999999915,2.629346904156069,0.0
2023-06-12,11.93,12.02,12.07,11.8,36261.0,43322624.0,1.0084033613445342,0.11999999999999922,2.288135593220335,0.0
2023-06-13,12.02,11.64,12.06,11.56,66044.0,77386920.0,-3.161397670549082,-0.379999999999999,4.325259515570934,0.0
2023-06-14,11.66,11.67,11.81,11.56,62421.0,72909960.0,0.2577319587628857,0.02999999999999936,2.162629757785467,0.0
2023-06-15,11.67,11.63,11.71,11.51,37767.0,43680744.0,-0.3427592116538092,-0.03999999999999915,1.737619461337976,0.0
2023-06-16,11.7,11.91,12.1,11.7,81907.0,97838528.0,2.407566638005143,0.27999999999999936,3.4188034188034218,0.0
2023-06-19,11.88,11.91,12.19,11.8,55993.0,66915628.0,0.0,0.0,3.3050847457627013,0.0
2023-06-20,11.9,11.82,12.1,11.7,78415.0,92700504.0,-0.7556675062972307,-0.08999999999999986,3.4188034188034218,0.0
2023-06-21,11.81,11.49,11.81,11.49,40629.0,47162812.0,-2.7918781725888353,-0.33000000000000007,2.7850304612706727,0.0
2023-06-26,11.43,11.31,11.58,11.25,48407.0,54966772.0,-1.5665796344647487,-0.17999999999999972,2.933333333333334,0.0
2023-06-27,11.28,11.69,11.77,11.28,50947.0,59167532.0,3.3598585322723196,0.379999999999999,4.343971631205676,0.0
2023-06-28,11.69,11.64,11.73,11.47,38003.0,44071072.0,-0.42771599657825954,-0.049999999999998934,2.2667829119442002,0.0
2023-06-29,11.58,11.88,11.97,11.58,41127.0,48678840.0,2.0618556701030855,0.2400000000000002,3.3678756476683986,0.0
2023-06-30,11.85,12.2,12.28,11.81,63687.0,77416528.0,2.6936026936026813,0.3199999999999985,3.9796782387806844,0.0
2023-07-03,12.27,12.18,12.36,12.0,46629.0,56583888.0,-0.16393442622950616,-0.019999999999999574,2.9999999999999956,0.0
2023-07-04,12.19,12.08,12.19,11.91,44510.0,53405504.0,-0.8210180623973717,-0.09999999999999964,2.35096557514693,0.0
2023-07-05,12.12,12.15,12.18,11.84,52649.0,63005236.0,0.5794701986755024,0.07000000000000028,2.8716216216216206,0.0
2023-07-06,12.02,11.45,12.04,11.42,122798.0,143119520.0,-5.76131687242799,-0.7000000000000011,5.4290718038528825,0.0
2023-07-07,11.55,11.65,11.86,11.38,64627.0,75315416.0,1.7467248908296984,0.20000000000000107,4.217926186291727,0.0
2023-07-10,11.68,11.68,11.72,11.47,31065.0,36072484.0,0.2575107296137302,0.02999999999999936,2.1795989537925022,0.0
2023-07-11,11.69,11.64,11.73,11.55,25626.0,29786282.0,-0.3424657534246478,-0.03999999999999915,1.5584415584415559,0.0
2023-07-12,11.67,11.41,11.72,11.38,26591.0,30711004.0,-1.9759450171821347,-0.23000000000000043,2.987697715289981,0.0
2023-07-13,11.5,11.67,11.8,11.43,36766.0,42662648.0,2.2787028921998242,0.2599999999999998,3.2370953630796238,0.0
2023-07-14,11.67,11.55,11.8,11.55,29477.0,34381140.0,-1.0282776349614275,-0.11999999999999922,2.1645021645021645,0.0
2023-07-17,11.56,11.67,11.75,11.4,24943.0,28897736.0,1.0389610389610393,0.11999999999999922,3.070175438596488,0.0
2023-07-18,11.7,11.47,11.7,11.46,26403.0,30465212.0,-1.713796058269057,-0.1999999999999993,2.0942408376963213,0.0
2023-07-19,11.52,11.49,11.54,11.41,17144.0,19673638.0,0.17436791630338622,0.019999999999999574,1.1393514460999037,0.0
2023-07-20,11.47,11.27,11.53,11.24,30493.0,34665648.0,-1.9147084421235916,-0.22000000000000064,2.5800711743772164,0.0
2023-07-21,11.3,11.28,11.43,11.22,34323.0,38824484.0,0.08873114463177068,0.009999999999999787,1.8716577540106867,0.0
2023-07-24,11.28,11.38,11.44,11.2,15711.0,17849736.0,0.8865248226950451,0.10000000000000142,2.142857142857145,0.0
2023-07-25,11.4,11.58,11.6,11.36,30394.0,34947944.0,1.7574692442882123,0.1999999999999993,2.1126760563380302,0.0
2023-07-26,11.6,11.61,11.76,11.48,48605.0,56480152.0,0.2590673575129543,0.02999999999999936,2.4390243902438966,0.0
2023-07-27,11.57,11.31,11.62,11.24,39377.0,44877560.0,-2.5839793281653645,-0.29999999999999893,3.3807829181494573,0.0
2023-07-28,11.31,11.24,11.36,11.17,55717.0,62607160.0,-0.6189213085764811,-0.07000000000000028,1.7009847806624845,0.0
2023-07-31,11.31,11.5,11.65,11.27,54491.0,62315212.0,2.313167259786475,0.2599999999999998,3.3717834960071054,0.0
2023-08-01,11.58,11.17,11.59,11.15,53248.0,60021564.0,-2.869565217391301,-0.33000000000000007,3.9461883408071703,0.0
2023-08-02,11.16,10.96,11.18,10.92,41181.0,45262660.0,-1.8800358102059045,-0.20999999999999908,2.380952380952379,0.0
2023-08-03,10.96,11.3,11.42,10.96,61106.0,68215664.0,3.1021897810219023,0.33999999999999986,4.197080291970794,0.0
2023-08-04,11.31,11.15,11.39,11.14,42614.0,47958716.0,-1.3274336283185861,-0.15000000000000036,2.244165170556553,0.0
2023-08-07,11.22,10.86,11.25,10.84,47616.0,51942776.0,-2.600896860986557,-0.2900000000000009,3.78228782287823,0.0
2023-08-08,10.86,11.17,11.23,10.8,46789.0,51756896.0,2.8545119705340793,0.3100000000000005,3.9814814814814787,0.0
2023-08-09,11.19,11.18,11.28,11.05,42780.0,47821352.0,0.08952551477170445,0.009999999999999787,2.0814479638008927,0.0
2023-08-10,11.13,11.22,11.25,11.05,38422.0,42831400.0,0.3577817531305927,0.040000000000000924,1.8099547511312153,0.0
2023-08-11,11.24,11.16,11.45,11.15,51355.0,58106528.0,-0.5347593582887722,-0.0600000000000005,2.690582959641246,0.0
2023-08-14,11.05,11.29,11.34,11.03,40465.0,45212840.0,1.1648745519713177,0.129999999999999,2.810516772438808,0.0
2023-08-15,11.26,11.46,11.47,11.18,50943.0,57986872.0,1.5057573073516517,0.1700000000000017,2.5939177101967883,0.0
2023-08-16,11.39,11.27,11.54,11.26,35891.0,40956116.0,-1.6579406631762716,-0.19000000000000128,2.4866785079928895,0.0
2023-08-17,11.25,11.35,11.36,11.21,26460.0,29864386.0,0.709849157054121,0.08000000000000007,1.33809099018732,0.0
2023-08-18,11.32,10.9,11.38,10.9,47646.0,52725312.0,-3.964757709251099,-0.4499999999999993,4.403669724770646,0.0
2023-08-21,10.93,10.92,11.04,10.75,32577.0,35521752.0,0.18348623853210455,0.019999999999999574,2.697674418604643,0.0
2023-08-22,10.89,10.79,10.97,10.63,31167.0,33536610.0,-1.1904761904761973,-0.13000000000000078,3.198494825964251,0.0
2023-08-23,10.79,10.69,10.85,10.67,21885.0,23524096.0,-0.9267840593141785,-0.09999999999999964,1.686972820993437,0.0
2023-08-24,10.7,10.69,10.79,10.54,27410.0,29195916.0,0.0,0.0,2.3719165085388996,0.0
2023-08-25,10.73,10.51,10.74,10.47,22023.0,23274110.0,-1.6838166510757646,-0.17999999999999972,2.5787965616045803,0.0
2023-08-28,11.01,10.55,11.17,10.45,48378.0,52300044.0,0.38058991436726863,0.040000000000000924,6.8899521531100545,0.0
2023-08-29,10.54,10.78,10.84,10.54,28361.0,30392206.0,2.180094786729847,0.22999999999999865,2.8462998102466863,0.0
2023-08-30,10.79,10.76,10.83,10.65,22354.0,24018990.0,-0.18552875695732052,-0.019999999999999574,1.6901408450704198,0.0
2023-08-31,10.79,10.81,10.84,10.55,32731.0,35040764.0,0.4646840148698983,0.05000000000000071,2.7488151658767688,0.0
2023-09-01,10.8,10.7,10.8,10.62,17191.0,18365420.0,-1.0175763182238784,-0.11000000000000121,1.6949152542373023,0.0
2023-09-04,10.76,10.77,10.78,10.68,26717.0,28689708.0,0.6542056074766434,0.07000000000000028,0.936329588014978,0.0
2023-09-05,10.77,10.75,10.89,10.71,21460.0,23165638.0,-0.18570102135561095,-0.019999999999999574,1.6806722689075602,0.0
2023-09-06,10.69,10.76,10.78,10.65,17322.0,18577490.0,0.09302325581395099,0.009999999999999787,1.2206572769952957,0.0
2023-09-07,10.74,10.53,10.85,10.48,30791.0,32716568.0,-2.1375464684014855,-0.23000000000000043,3.5305343511450307,0.0
2023-09-08,10.5,10.6,10.69,10.47,15012.0,15885247.0,0.6647673314339908,0.07000000000000028,2.10124164278891,0.0
2023-09-11,10.62,10.8,10.82,10.53,35596.0,38338168.0,1.8867924528301883,0.20000000000000107,2.7540360873694296,0.0
2023-09-12,10.78,11.03,11.05,10.77,45234.0,49661028.0,2.1296296296296147,0.22999999999999865,2.599814298978655,0.0
2023-09-13,11.04,10.99,11.13,10.9,32352.0,35608772.0,-0.3626473254759621,-0.03999999999999915,2.11009174311927,0.0
2023-09-14,11.02,10.96,11.07,10.9,22477.0,24665380.0,-0.27297543221109777,-0.02999999999999936,1.559633027522935,0.0
2023-09-15,11.02,11.15,11.2,10.93,37617.0,41838496.0,1.7335766423357546,0.1899999999999995,2.470265324794141,0.0
2023-09-18,11.05,11.28,11.35,11.05,38386.0,43141452.0,1.1659192825111964,0.129999999999999,2.7149321266968225,0.0
2023-09-19,11.25,11.24,11.38,11.17,35233.0,39692128.0,-0.35460992907800915,-0.03999999999999915,1.8800358102059163,0.0
2023-09-20,11.2,11.16,11.31,11.12,24371.0,27265186.0,-0.7117437722419906,-0.08000000000000007,1.7086330935251914,0.0
2023-09-21,11.18,10.94,11.2,10.9,48095.0,53031804.0,-1.971326164874554,-0.22000000000000064,2.7522935779816415,0.0
2023-09-22,10.94,11.05,11.05,10.79,39735.0,43400676.0,1.0054844606947055,0.11000000000000121,2.4096385542168823,0.0
2023-09-25,11.02,11.13,11.17,11.0,25316.0,28106750.0,0.7239819004524861,0.08000000000000007,1.5454545454545447,0.0
2023-09-26,11.11,11.1,11.2,11.05,21595.0,24002366.0,-0.26954177897574594,-0.030000000000001137,1.3574660633484033,0.0
2023-09-27,11.1,11.29,11.39,11.05,40916.0,46006916.0,1.7117117117117164,0.1899999999999995,3.0769230769230753,0.0
2023-09-28,11.3,11.35,11.45,11.24,41673.0,47360692.0,0.5314437555358875,0.0600000000000005,1.8683274021352232,0.0
2023-10-09,11.34,11.11,11.35,11.0,35379.0,39247108.0,-2.114537444933917,-0.2400000000000002,3.1818181818181785,0.0
2023-10-10,11.1,10.83,11.14,10.81,38811.0,42377328.0,-2.5202520252025185,-0.27999999999999936,3.052728954671601,0.0
2023-10-11,10.91,10.96,11.09,10.84,34447.0,37874064.0,1.2003693444136765,0.13000000000000078,2.3062730627306274,0.0
2023-10-12,11.04,11.06,11.22,10.98,30533.0,33856944.0,0.9124087591240837,0.09999999999999964,2.1857923497267775,0.0
2023-10-13,11.04,11.12,11.18,11.02,33419.0,37116280.0,0.5424954792043302,0.05999999999999872,1.4519056261343026,0.0
2023-10-16,11.18,10.9,11.24,10.81,38248.0,41898112.0,-1.978417266187038,-0.21999999999999886,3.977798334875113,0.0
2023-10-17,10.92,10.35,10.95,10.25,80842.0,84708032.0,-5.045871559633031,-0.5500000000000007,6.8292682926829205,0.0
2023-10-18,10.35,10.15,10.35,10.08,55123.0,56183528.0,-1.9323671497584516,-0.1999999999999993,2.6785714285714244,0.0
2023-10-19,10.11,10.05,10.3,9.95,42162.0,42775572.0,-0.9852216748768461,-0.09999999999999964,3.517587939698507,0.0
2023-10-20,10.14,9.89,10.14,9.88,44442.0,44382400.0,-1.5920398009950265,-0.16000000000000014,2.631578947368419,0.0
2023-10-23,9.9,9.53,9.93,9.52,130485.0,125753296.0,-3.640040444893844,-0.3600000000000012,4.306722689075632,0.0
2023-10-27,10.03,10.43,10.45,9.12,168427.0,167299344.0,9.443861490031491,0.9000000000000004,14.583333333333334,0.0
2023-10-30,10.16,9.98,10.27,9.88,146296.0,146447840.0,-4.3144774688398835,-0.4499999999999993,3.947368421052619,0.0
2023-10-31,9.97,9.99,10.15,9.79,95497.0,95593880.0,0.10020040080160886,0.009999999999999787,3.677221654749757,0.0
2023-11-01,10.07,10.02,10.1,9.89,64972.0,64820888.0,0.30030030030030463,0.02999999999999936,2.1233569261880594,0.0
2023-11-02,10.02,9.82,10.06,9.81,47144.0,46704220.0,-1.9960079840319334,-0.1999999999999993,2.54841997961264,0.0
2023-11-03,9.9,9.92,10.03,9.84,41638.0,41423616.0,1.0183299389002087,0.09999999999999964,1.9308943089430843,0.0
2023-11-06,9.91,10.15,10.22,9.91,63867.0,64690852.0,2.318548387096775,0.23000000000000043,3.128153380423819,0.0
2023-11-07,10.11,10.23,10.34,10.08,51429.0,52669516.0,0.7881773399014858,0.08000000000000007,2.5793650793650773,0.0
2023-11-08,10.22,10.26,10.45,10.12,48772.0,50299996.0,0.2932551319648091,0.02999999999999936,3.2608695652173925,0.0
2023-11-09,10.26,10.19,10.38,10.14,30312.0,30969208.0,-0.6822612085770063,-0.07000000000000028,2.3668639053254457,0.0
2023-11-10,10.14,10.22,10.28,10.07,26849.0,27416424.0,0.2944062806673253,0.030000000000001137,2.0854021847070414,0.0
2023-11-13,10.22,10.27,10.33,10.18,28023.0,28662140.0,0.4892367906066397,0.049999999999998934,1.4734774066797678,0.0
2023-11-14,10.26,10.23,10.36,10.18,32484.0,33259746.0,-0.3894839337877265,-0.03999999999999915,1.7681728880157142,0.0
2023-11-15,10.33,10.36,10.37,10.25,34935.0,36039684.0,1.2707722385141729,0.129999999999999,1.1707317073170656,0.0
2023-11-16,10.36,10.28,10.39,10.27,31610.0,32592458.0,-0.7722007722007707,-0.08000000000000007,1.1684518013632035,0.0
2023-11-17,10.23,10.48,10.5,10.23,43742.0,45553312.0,1.945525291828809,0.20000000000000107,2.63929618768328,0.0
2023-11-20,10.5,10.6,10.63,10.48,37904.0,40080500.0,1.1450381679389166,0.11999999999999922,1.4312977099236674,0.0
2023-11-21,10.61,10.53,10.64,10.49,27248.0,28761322.0,-0.6603773584905714,-0.07000000000000028,1.429933269780747,0.0
2023-11-22,10.46,10.48,10.57,10.41,28935.0,30371472.0,-0.47483380816712994,-0.049999999999998934,1.5369836695485124,0.0
2023-11-23,10.49,10.67,10.7,10.49,39292.0,41681872.0,1.8129770992366456,0.1899999999999995,2.001906577693032,0.0
2023-11-24,10.62,10.73,10.85,10.62,63466.0,68087640.0,0.562324273664494,0.0600000000000005,2.1657250470809837,0.0
2023-11-27,10.73,10.52,10.75,10.49,43912.0,46459352.0,-1.9571295433364444,-0.21000000000000085,2.4785510009532867,0.0
2023-11-28,10.55,10.6,10.64,10.33,35355.0,37143492.0,0.7604562737642651,0.08000000000000007,3.0009680542110404,0.0
2023-11-29,10.6,10.48,10.73,10.46,31046.0,32732750.0,-1.1320754716981019,-0.11999999999999922,2.5812619502868026,0.0
2023-11-30,10.45,10.68,11.07,10.36,128241.0,137454160.0,1.9083969465648831,0.1999999999999993,6.853281853281862,0.0
2023-12-01,10.55,10.48,10.74,10.24,111276.0,117188184.0,-1.872659176029956,-0.1999999999999993,4.8828125,0.0
2023-12-04,10.43,10.4,10.61,10.3,59075.0,61717156.0,-0.7633587786259555,-0.08000000000000007,3.0097087378640652,0.0
2023-12-05,10.4,10.31,10.45,10.28,46503.0,48086324.0,-0.8653846153846123,-0.08999999999999986,1.653696498054474,0.0
2023-12-06,10.27,10.3,10.41,10.17,38133.0,39206592.0,-0.09699321047526022,-0.009999999999999787,2.359882005899707,0.0
2023-12-07,10.3,10.13,10.3,10.09,36410.0,37031388.0,-1.650485436893201,-0.16999999999999993,2.0812685827552118,0.0
2023-12-08,10.17,10.05,10.2,10.04,32170.0,32494984.0,-0.7897334649555776,-0.08000000000000007,1.5936254980079698,0.0
2023-12-11,10.0,10.09,10.14,9.94,35212.0,35405816.0,0.3980099502487455,0.03999999999999915,2.012072434607657,0.0
2023-12-12,10.1,10.14,10.22,10.07,24777.0,25096256.0,0.49554013875123815,0.05000000000000071,1.4895729890764682,0.0
2023-12-13,10.14,10.3,10.46,10.06,51304.0,53077980.0,1.5779092702169706,0.16000000000000014,3.976143141153085,0.0
2023-12-14,10.35,10.13,10.41,10.13,40424.0,41487324.0,-1.650485436893201,-0.16999999999999993,2.7640671273445148,0.0
2023-12-15,10.22,9.95,10.22,9.93,40393.0,40450992.0,-1.7769002961500635,-0.1800000000000015,2.920443101711993,0.0
2023-12-18,9.96,9.98,10.2,9.91,39084.0,39361552.0,0.3015075376884502,0.030000000000001137,2.9263370332996885,0.0
2023-12-19,10.06,9.86,10.1,9.81,38300.0,37869616.0,-1.2024048096192508,-0.120000000000001,2.956167176350654,0.0
2023-12-20,9.88,9.75,9.99,9.73,31433.0,30961036.0,-1.1156186612576002,-0.10999999999999943,2.672147995889001,0.0
2023-12-21,9.8,9.82,9.82,9.58,32519.0,31577088.0,0.7179487179487243,0.07000000000000028,2.5052192066805867,0.0
2023-12-22,9.8,9.66,9.85,9.62,27027.0,26236990.0,-1.6293279022403295,-0.16000000000000014,2.3908523908523955,0.0
2023-12-25,9.68,9.61,9.68,9.44,27643.0,26364836.0,-0.5175983436853104,-0.05000000000000071,2.5423728813559343,0.0
2023-12-26,9.59,9.45,9.62,9.39,20529.0,19443716.0,-1.6649323621227952,-0.16000000000000014,2.449414270500518,0.0
2023-12-27,9.49,9.51,9.55,9.37,25909.0,24495012.0,0.6349206349206327,0.0600000000000005,1.921024546424776,0.0
2023-12-28,9.55,9.49,9.56,9.37,35537.0,33692748.0,-0.2103049421661396,-0.019999999999999574,2.02774813233726,0.0
2023-12-29,9.58,9.75,9.94,9.54,59291.0,57840116.0,2.739726027397249,0.2599999999999998,4.192872117400424,0.0
2024-01-02,9.78,9.96,10.15,9.71,80122.0,80048072.0,2.153846153846173,0.21000000000000085,4.531410916580839,0.0
2024-01-03,10.01,9.97,10.14,9.86,42012.0,41957812.0,0.10040160642570406,0.009999999999999787,2.839756592292101,0.0
2024-01-04,9.89,9.88,9.92,9.82,33440.0,33027052.0,-0.9027081243731194,-0.08999999999999986,1.0183299389002,0.0
2024-01-05,9.83,9.73,9.92,9.69,27387.0,26903520.0,-1.5182186234817818,-0.15000000000000036,2.373581011351914,0.0
2024-01-08,9.73,9.21,9.75,9.18,60478.0,56694808.0,-5.344295991778003,-0.5199999999999996,6.209150326797389,0.0
2024-01-09,9.19,9.19,9.32,9.13,33709.0,31027334.0,-0.21715526601521207,-0.02000000000000135,2.0810514786418346,0.0
2024-01-10,9.16,9.1,9.27,9.06,32530.0,29745004.0,-0.9793253536452662,-0.08999999999999986,2.3178807947019764,0.0
2024-01-11,9.06,9.07,9.17,9.03,33418.0,30405766.0,-0.3296703296703174,-0.02999999999999936,1.5503875968992311,0.0
2024-01-12,9.07,8.9,9.14,8.87,43348.0,38972744.0,-1.8743109151047377,-0.16999999999999993,3.0439684329199705,0.0
2024-01-15,8.88,8.95,9.08,8.86,29452.0,26411640.0,0.561797752808979,0.049999999999998934,2.483069977426644,0.0
2024-01-16,8.95,8.81,8.98,8.7,44680.0,39473352.0,-1.5642458100558532,-0.1399999999999988,3.218390804597714,0.0
2024-01-17,8.8,8.66,8.9,8.64,44668.0,39257060.0,-1.7026106696935384,-0.15000000000000036,3.009259259259257,0.0
2024-01-18,8.61,8.49,8.64,8.22,67200.0,56202216.0,-1.9630484988452657,-0.16999999999999993,5.109489051094889,0.0
2024-01-19,8.52,8.43,8.54,8.36,41528.0,35096672.0,-0.7067137809187329,-0.0600000000000005,2.1531100478468868,0.0
2024-01-22,8.43,7.86,8.43,7.78,66062.0,53461848.0,-6.761565836298922,-0.5699999999999994,8.35475578406169,0.0
2024-01-23,7.94,7.88,7.94,7.74,37192.0,29187408.0,0.2544529262086481,0.019999999999999574,2.583979328165377,0.0
2024-01-24,7.88,7.89,8.04,7.52,79247.0,61455048.0,0.12690355329949554,0.009999999999999787,6.914893617021272,0.0
2024-01-25,7.95,8.3,8.3,7.86,60578.0,49181068.0,5.196451204055785,0.41000000000000103,5.597964376590336,0.0
2024-01-26,8.26,8.3,8.42,8.18,48302.0,40227836.0,0.0,0.0,2.9339853300733525,0.0
2024-01-29,8.31,8.12,8.37,8.1,35564.0,29164442.0,-2.1686746987952032,-0.1800000000000015,3.3333333333333286,0.0
2024-01-30,8.1,7.83,8.1,7.8,41226.0,32811090.0,-3.5714285714285587,-0.28999999999999915,3.8461538461538445,0.0
2024-01-31,7.81,7.34,7.82,7.31,51944.0,39082200.0,-6.257982120051087,-0.4900000000000002,6.976744186046521,0.0
2024-02-01,7.31,7.2,7.39,7.09,49002.0,35516632.0,-1.9073569482288777,-0.13999999999999968,4.231311706629053,0.0
2024-02-02,7.3,6.83,7.32,6.58,72540.0,50414860.0,-5.138888888888893,-0.3700000000000001,11.246200607902738,0.0
2024-02-05,6.73,6.21,6.76,6.15,101749.0,64277340.0,-9.077598828696932,-0.6200000000000001,9.91869918699186,0.0
2024-02-06,6.21,6.43,6.64,5.84,115818.0,72083152.0,3.5426731078904927,0.21999999999999975,13.698630136986298,0.0
2024-02-07,6.45,6.41,6.61,6.25,112858.0,72389128.0,-0.3110419906687367,-0.019999999999999574,5.760000000000005,0.0
2024-02-08,6.41,6.91,6.96,6.33,117532.0,78526376.0,7.800312012480504,0.5,9.952606635071088,0.0
2024-02-19,7.05,7.19,7.31,7.0,94863.0,67880312.0,4.05209840810421,0.28000000000000025,4.428571428571423,0.0
2024-02-20,7.15,7.22,7.34,7.05,59014.0,42540332.0,0.4172461752433909,0.02999999999999936,4.113475177304965,0.0
2024-02-21,7.22,7.27,7.45,7.08,57195.0,41824020.0,0.6925207756232732,0.04999999999999982,5.225988700564973,0.0
2024-02-22,7.27,7.4,7.43,7.23,53424.0,39154580.0,1.7881705639614998,0.13000000000000078,2.7662517289073207,0.0
2024-02-23,7.4,7.62,7.64,7.38,68934.0,51634340.0,2.972972972972965,0.21999999999999975,3.5230352303523005,0.0
2024-02-26,7.62,7.62,7.8,7.53,61231.0,46792924.0,0.0,0.0,3.5856573705179224,0.0
2024-02-27,7.62,7.8,7.8,7.55,53160.0,41016244.0,2.3622047244094446,0.17999999999999972,3.3112582781456954,0.0
2024-02-28,7.82,7.28,8.01,7.28,102467.0,78640240.0,-6.666666666666665,-0.5199999999999996,10.02747252747252,0.0
2024-02-29,7.32,7.53,7.54,7.28,68279.0,50679608.0,3.434065934065944,0.25,3.5714285714285685,0.0
2024-03-01,7.56,7.64,7.66,7.52,47689.0,36277272.0,1.4608233731739695,0.10999999999999943,1.861702127659582,0.0
2024-03-04,7.63,7.83,7.86,7.59,67061.0,51937640.0,2.486910994764413,0.1900000000000004,3.5573122529644325,0.0
2024-03-05,7.77,7.65,7.79,7.61,46871.0,36048820.0,-2.298850574712641,-0.17999999999999972,2.36530880420499,0.0
2024-03-06,7.63,7.57,7.69,7.49,48179.0,36502636.0,-1.0457516339869244,-0.08000000000000007,2.670226969292392,0.0
2024-03-07,7.58,7.41,7.63,7.39,42473.0,31858150.0,-2.1136063408190298,-0.16000000000000014,3.2476319350473646,0.0
2024-03-08,7.48,7.48,7.52,7.39,28021.0,20905000.0,0.9446693657219951,0.07000000000000028,1.7591339648173192,0.0
2024-03-11,7.48,7.57,7.6,7.4,46672.0,35164536.0,1.2032085561497263,0.08999999999999986,2.7027027027026933,0.0
2024-03-12,8.33,8.33,8.33,8.33,67723.0,56413284.0,10.039630118890353,0.7599999999999998,0.0,0.0
2024-03-13,8.7,8.72,9.16,8.16,350226.0,299530944.0,4.681872749099636,0.39000000000000057,12.254901960784313,0.0
2024-03-14,8.73,8.45,8.88,8.26,211441.0,179965408.0,-3.0963302752293753,-0.27000000000000135,7.506053268765145,0.0
2024-03-15,8.35,8.32,8.52,8.2,129739.0,107902376.0,-1.538461538461522,-0.129999999999999,3.9024390243902474,0.0
2024-03-18,8.33,8.46,8.47,8.18,156490.0,130566784.0,1.6826923076923128,0.14000000000000057,3.5452322738386424,0.0
2024-03-19,8.45,8.36,8.52,8.34,122432.0,103094936.0,-1.1820330969267268,-0.10000000000000142,2.158273381294961,0.0
2024-03-20,8.36,8.35,8.44,8.26,80945.0,67444648.0,-0.11961722488037507,-0.009999999999999787,2.1791767554479384,0.0
2024-03-21,8.36,8.36,8.45,8.28,73800.0,61666232.0,0.11976047904191933,0.009999999999999787,2.053140096618357,0.0
2024-03-22,8.31,8.13,8.35,8.08,95628.0,78097112.0,-2.751196172248793,-0.22999999999999865,3.341584158415836,0.0
2024-03-25,8.13,7.98,8.23,7.98,57352.0,46595972.0,-1.8450184501845102,-0.15000000000000036,3.132832080200501,0.0
2024-03-26,8.0,7.9,8.09,7.76,58319.0,45894236.0,-1.0025062656641603,-0.08000000000000007,4.25257731958763,0.0
2024-03-27,7.89,7.82,8.02,7.81,53952.0,42867020.0,-1.0126582278481067,-0.08000000000000007,2.688860435339308,0.0
2024-03-28,7.74,7.86,7.95,7.7,55231.0,43319248.0,0.5115089514066584,0.040000000000000036,3.2467532467532463,0.0
2024-03-29,7.86,8.04,8.05,7.75,47718.0,37806548.0,2.2900763358778553,0.17999999999999883,3.870967741935493,0.0
2024-04-01,8.0,8.14,8.14,8.0,46939.0,37902488.0,1.2437810945273853,0.10000000000000142,1.750000000000007,0.0
2024-04-02,8.12,8.13,8.16,8.0,50963.0,41174436.0,-0.12285012285011554,-0.009999999999999787,2.0000000000000018,0.0
2024-04-03,8.11,8.18,8.22,8.07,51402.0,41951688.0,0.6150061500614923,0.049999999999998934,1.8587360594795581,0.0
2024-04-08,8.22,8.0,8.22,7.99,55350.0,44802784.0,-2.2004889975550057,-0.17999999999999972,2.8785982478097676,0.0
2024-04-09,8.0,8.17,8.17,7.9,47473.0,38203668.0,2.124999999999999,0.16999999999999993,3.4177215189873364,0.0
2024-04-10,7.92,7.87,7.99,7.75,76569.0,60259496.0,-3.671970624234999,-0.2999999999999998,3.0967741935483897,0.0
2024-04-11,7.8,7.8,7.97,7.75,36067.0,28380104.0,-0.8894536213468918,-0.07000000000000028,2.8387096774193514,0.0
2024-04-12,7.8,7.66,7.89,7.64,46329.0,35775668.0,-1.7948717948717885,-0.13999999999999968,3.2722513089005236,0.0
2024-04-15,7.68,7.48,7.77,7.33,56864.0,42984904.0,-2.3498694516971286,-0.17999999999999972,6.00272851296043,0.0
2024-04-16,7.43,6.83,7.46,6.79,102421.0,71787912.0,-8.689839572192515,-0.6500000000000004,9.867452135493371,0.0
2024-04-17,6.86,7.25,7.26,6.86,60910.0,43345608.0,6.1493411420205035,0.41999999999999993,5.830903790087456,0.0
2024-04-18,7.25,7.19,7.38,7.18,43132.0,31333470.0,-0.8275862068965467,-0.05999999999999961,2.7855153203342646,0.0
2024-04-19,7.16,7.16,7.26,7.11,23459.0,16822750.0,-0.417246175243402,-0.03000000000000025,2.1097046413502034,0.0
2024-04-22,7.26,7.17,7.43,7.08,43702.0,31539356.0,0.13966480446927498,0.009999999999999787,4.943502824858752,0.0
2024-04-23,7.15,7.28,7.33,7.12,41862.0,30289656.0,1.5341701534170138,0.11000000000000032,2.9494382022471908,0.0
2024-04-24,7.28,7.34,7.34,7.22,28847.0,21052434.0,0.8241758241758212,0.05999999999999961,1.6620498614958463,0.0
2024-04-25,7.31,7.43,7.5,7.31,36775.0,27363900.0,1.2261580381471404,0.08999999999999986,2.599179206566353,0.0
2024-04-26,7.44,7.41,7.45,7.37,43256.0,32036072.0,-0.26917900403767847,-0.019999999999999574,1.085481682496609,0.0
2024-04-29,7.42,7.65,7.67,7.41,52054.0,39383888.0,3.238866396761142,0.2400000000000002,3.5087719298245585,0.0
2024-04-30,7.65,7.78,7.79,7.64,44481.0,34368952.0,1.6993464052287521,0.1299999999999999,1.963350785340319,0.0
2024-05-06,7.8,7.9,7.92,7.8,45724.0,35991688.0,1.5424164524421524,0.1200000000000001,1.5384615384615399,0.0
2024-05-07,7.9,7.91,7.94,7.82,38507.0,30366396.0,0.12658227848101333,0.009999999999999787,1.5345268542199502,0.0
2024-05-08,7.86,7.92,8.02,7.83,37325.0,29566846.0,0.12642225031604948,0.009999999999999787,2.4265644955300063,0.0
2024-05-09,7.92,8.02,8.08,7.81,49880.0,39912616.0,1.262626262626254,0.09999999999999964,3.457106274007689,0.0
2024-05-10,8.0,7.89,8.09,7.85,47279.0,37691140.0,-1.6209476309226867,-0.1299999999999999,3.057324840764334,0.0
2024-05-13,7.86,7.8,7.94,7.79,42949.0,33717680.0,-1.1406844106463865,-0.08999999999999986,1.9255455712451908,0.0
2024-05-14,7.82,7.94,7.98,7.82,34537.0,27359360.0,1.7948717948718107,0.14000000000000057,2.0460358056266004,0.0
2024-05-15,7.94,7.83,7.95,7.8,26748.0,20999314.0,-1.3853904282115859,-0.11000000000000032,1.9230769230769278,0.0
2024-05-16,7.84,7.73,7.94,7.7,34598.0,26898908.0,-1.2771392081736832,-0.09999999999999964,3.1168831168831197,0.0
2024-05-17,7.73,7.78,7.79,7.68,28319.0,21871946.0,0.6468305304010435,0.04999999999999982,1.432291666666671,0.0
2024-05-20,7.79,7.75,7.86,7.7,33968.0,26410074.0,-0.3856041131105381,-0.03000000000000025,2.0779220779220795,0.0
2024-05-21,7.75,7.61,7.75,7.58,31556.0,24110934.0,-1.806451612903226,-0.13999999999999968,2.2427440633245372,0.0
2024-05-22,7.63,7.64,7.7,7.61,24027.0,18375852.0,0.3942181340341522,0.02999999999999936,1.182654402102495,0.0
2024-05-23,7.64,7.49,7.64,7.45,31033.0,23291746.0,-1.963350785340312,-0.14999999999999947,2.550335570469792,0.0
2024-05-24,7.49,7.45,7.57,7.44,23049.0,17287176.0,-0.5340453938584733,-0.040000000000000036,1.7473118279569877,0.0
2024-05-27,7.5,7.46,7.5,7.34,26636.0,19745620.0,0.13422818791946067,0.009999999999999787,2.1798365122615824,0.0
2024-05-28,7.5,7.41,7.52,7.36,24614.0,18295282.0,-0.6702412868632712,-0.04999999999999982,2.1739130434782505,0.0
2024-05-29,7.39,7.36,7.45,7.33,18056.0,13331381.0,-0.6747638326585648,-0.04999999999999982,1.6371077762619386,0.0
2024-05-30,7.36,7.32,7.43,7.28,18267.0,13417430.0,-0.5434782608695676,-0.040000000000000036,2.060439560439553,0.0
2024-05-31,7.36,7.39,7.43,7.31,21483.0,15840406.0,0.95628415300546,0.0699999999999994,1.6415868673050633,0.0
2024-06-03,7.4,7.2,7.4,7.15,30391.0,21967308.0,-2.571041948579156,-0.1899999999999995,3.4965034965034962,0.0
2024-06-04,7.21,7.15,7.22,7.08,26783.0,19069786.0,-0.694444444444442,-0.04999999999999982,1.9774011299434981,0.0
2024-06-05,7.19,7.04,7.19,7.03,31400.0,22275846.0,-1.538461538461544,-0.11000000000000032,2.2759601706970147,0.0
2024-06-06,7.05,6.76,7.08,6.71,51386.0,35149444.0,-3.9772727272727293,-0.28000000000000025,5.514157973174369,0.0
2024-06-07,6.87,6.94,6.99,6.81,34718.0,23992602.0,2.6627218934911268,0.1800000000000006,2.64317180616741,0.0
2024-06-11,6.96,6.93,6.97,6.79,22817.0,15699548.0,-0.14409221902018654,-0.010000000000000675,2.6509572901325438,0.0
2024-06-12,6.94,7.08,7.1,6.88,26491.0,18619266.0,2.164502164502169,0.15000000000000036,3.197674418604648,0.0
2024-06-13,7.06,6.95,7.07,6.92,26300.0,18354952.0,-1.836158192090398,-0.1299999999999999,2.1676300578034735,0.0
2024-06-14,6.95,6.93,6.95,6.83,20676.0,14246864.0,-0.2877697841726645,-0.020000000000000462,1.756954612005858,0.0
2024-06-17,6.89,6.84,6.94,6.81,17309.0,11886469.0,-1.2987012987012991,-0.08999999999999986,1.9089574155653568,0.0
2024-06-18,6.84,6.87,6.88,6.8,16251.0,11133746.0,0.43859649122808264,0.03000000000000025,1.176470588235295,0.0
2024-06-19,6.87,6.81,6.91,6.8,15609.0,10678684.0,-0.8733624454148492,-0.0600000000000005,1.617647058823534,0.0
2024-06-20,6.81,6.65,6.84,6.6,27048.0,18108826.0,-2.3494860499265635,-0.15999999999999925,3.63636363636364,0.0
2024-06-21,6.65,6.68,6.76,6.61,15053.0,10061310.0,0.4511278195488577,0.02999999999999936,2.269288956127072,0.0
2024-06-24,6.65,6.39,6.66,6.33,37967.0,24520406.0,-4.341317365269459,-0.29000000000000004,5.213270142180096,0.0
2024-06-25,6.4,6.41,6.48,6.36,18188.0,11656471.0,0.3129890453834161,0.020000000000000462,1.8867924528301903,0.0
2024-06-26,6.44,6.6,6.61,6.36,19947.0,12939493.0,2.9641185647425905,0.1899999999999995,3.930817610062893,0.0
2024-06-27,6.62,6.47,6.62,6.46,17775.0,11576254.0,-1.9696969696969657,-0.1299999999999999,2.4767801857585163,0.0
2024-06-28,6.48,6.42,6.55,6.4,20172.0,13081620.0,-0.7727975270479082,-0.04999999999999982,2.3437499999999916,0.0
2024-07-01,6.43,6.59,6.61,6.35,27288.0,17688250.0,2.6479750778816147,0.16999999999999993,4.094488188976389,0.0
2024-07-02,6.59,6.64,6.69,6.5,22878.0,15190124.0,0.7587253414264028,0.04999999999999982,2.923076923076929,0.0
2024-07-03,6.61,6.57,6.68,6.56,17606.0,11628413.0,-1.0542168674698704,-0.0699999999999994,1.8292682926829285,0.0
2024-07-04,6.57,6.35,6.59,6.34,23503.0,15076730.0,-3.3485540334855513,-0.22000000000000064,3.943217665615142,0.0
2024-07-05,6.37,6.6,6.65,6.3,31549.0,20573186.0,3.937007874015741,0.25,5.555555555555564,0.0
2024-07-08,6.56,6.39,6.57,6.37,26829.0,17243090.0,-3.1818181818181857,-0.20999999999999996,3.1397174254317135,0.0
2024-07-09,6.4,6.39,6.45,6.21,33834.0,21472462.0,0.0,0.0,3.8647342995169116,0.0
2024-07-10,6.31,6.33,6.45,6.29,18897.0,12055864.0,-0.9389671361502261,-0.05999999999999961,2.5437201907790166,0.0
2024-07-11,6.4,6.52,6.58,6.4,34067.0,22156084.0,3.001579778830954,0.1899999999999995,2.8124999999999956,0.0
2024-07-12,6.52,6.52,6.58,6.47,17423.0,11365994.0,0.0,0.0,1.7001545595054144,0.0
2024-07-15,6.52,6.41,6.52,6.38,19093.0,12255429.0,-1.6871165644171682,-0.10999999999999943,2.194357366771155,0.0
2024-07-16,6.38,6.36,6.41,6.32,20231.0,12851322.0,-0.7800312012480437,-0.04999999999999982,1.42405063291139,0.0
2024-07-17,6.35,6.38,6.44,6.33,17458.0,11137111.0,0.3144654088050203,0.019999999999999574,1.7377567140600365,0.0
2024-07-18,6.36,6.43,6.43,6.28,19712.0,12562969.0,0.7836990595611271,0.04999999999999982,2.3885350318471255,0.0
2024-07-19,6.43,6.48,6.48,6.37,22427.0,14414315.0,0.7776049766718529,0.05000000000000071,1.7268445839874462,0.0
2024-07-22,6.48,6.52,6.55,6.44,25326.0,16445455.0,0.6172839506172645,0.03999999999999915,1.7080745341614818,0.0
2024-07-23,6.51,6.36,6.54,6.36,25901.0,16641089.0,-2.4539877300613355,-0.15999999999999925,2.8301886792452784,0.0
2024-07-24,6.35,6.25,6.38,6.21,25435.0,15980922.0,-1.7295597484276781,-0.11000000000000032,2.7375201288244755,0.0
2024-07-25,6.25,6.24,6.3,6.15,19249.0,12018678.0,-0.15999999999999348,-0.009999999999999787,2.4390243902438935,0.0
2024-07-26,6.24,6.3,6.32,6.23,15035.0,9458342.0,0.9615384615384581,0.05999999999999961,1.4446227929373974,0.0
2024-07-29,6.3,6.26,6.32,6.23,16557.0,10402009.0,-0.6349206349206327,-0.040000000000000036,1.4446227929373974,0.0
2024-07-30,6.27,6.33,6.34,6.26,14297.0,9021192.0,1.1182108626198062,0.07000000000000028,1.2779552715654963,0.0
2024-07-31,6.35,6.49,6.5,6.3,32449.0,20957100.0,2.5276461295418606,0.16000000000000014,3.174603174603177,0.0
2024-08-01,6.47,6.58,6.72,6.42,46953.0,30996650.0,1.3867488443759513,0.08999999999999986,4.67289719626168,0.0
2024-08-02,6.51,6.65,6.74,6.51,47486.0,31678004.0,1.0638297872340496,0.07000000000000028,3.5330261136712817,0.0
2024-08-05,6.65,6.56,6.79,6.53,43744.0,29111344.0,-1.3533834586466287,-0.09000000000000075,3.981623277182232,0.0
2024-08-06,6.58,7.22,7.22,6.54,99668.0,69918576.0,10.060975609756095,0.6600000000000001,10.397553516819567,0.0
2024-08-07,7.63,7.33,7.88,7.12,259903.0,192678448.0,1.5235457063711877,0.11000000000000032,10.674157303370784,0.0
2024-08-08,7.12,7.56,7.79,7.02,220041.0,163588096.0,3.137789904502042,0.22999999999999954,10.968660968660975,0.0
2024-08-09,7.3,7.02,7.48,6.99,158669.0,113158624.0,-7.14285714285714,-0.54,7.010014306151648,0.0
2024-08-12,7.05,7.23,7.3,6.94,134089.0,96294624.0,2.991452991453003,0.21000000000000085,5.187319884726216,0.0
2024-08-13,7.12,7.36,7.37,7.06,113419.0,82142984.0,1.7980636237897585,0.1299999999999999,4.390934844192642,0.0
2024-08-14,7.36,7.12,7.36,7.1,80129.0,57396188.0,-3.2608695652173947,-0.2400000000000002,3.6619718309859253,0.0
2024-08-15,7.12,7.04,7.24,6.97,84832.0,59797540.0,-1.1235955056179803,-0.08000000000000007,3.8737446197991456,0.0
2024-08-16,6.98,7.06,7.06,6.87,57652.0,40216512.0,0.28409090909089496,0.019999999999999574,2.7656477438136755,0.0
2024-08-19,6.96,6.89,7.0,6.82,52581.0,36254544.0,-2.4079320113314484,-0.16999999999999993,2.63929618768328,0.0
2024-08-20,6.86,6.79,6.91,6.74,38848.0,26498214.0,-1.4513788098693747,-0.09999999999999964,2.522255192878337,0.0
2024-08-21,6.8,6.67,6.82,6.6,42415.0,28370456.0,-1.76730486008837,-0.1200000000000001,3.333333333333343,0.0
2024-08-22,6.7,6.54,6.72,6.53,35147.0,23248168.0,-1.9490254872563728,-0.1299999999999999,2.9096477794793185,0.0
2024-08-23,6.52,6.4,6.54,6.36,39517.0,25433930.0,-2.1406727828746086,-0.13999999999999968,2.8301886792452784,0.0
2024-08-26,6.42,6.55,6.56,6.4,29965.0,19528110.0,2.34375,0.14999999999999947,2.4999999999999885,0.0
2024-08-27,6.51,6.37,6.67,6.35,48583.0,31437152.0,-2.7480916030534264,-0.17999999999999972,5.039370078740162,0.0
2024-08-28,6.36,6.49,6.57,6.28,37167.0,24069592.0,1.883830455259039,0.1200000000000001,4.617834394904459,0.0
2024-08-29,6.49,6.62,6.65,6.43,32889.0,21675290.0,2.003081664098616,0.1299999999999999,3.4214618973561532,0.0
2024-08-30,6.62,6.6,6.69,6.57,56639.0,37548504.0,-0.30211480362538623,-0.020000000000000462,1.8264840182648419,0.0
2024-09-02,6.6,6.49,6.69,6.49,33105.0,21770400.0,-1.6666666666666607,-0.10999999999999943,3.081664098613254,0.0
2024-09-03,6.5,6.56,6.63,6.44,27618.0,18094892.0,1.0785824345146189,0.0699999999999994,2.950310559006203,0.0
2024-09-04,6.55,6.52,6.62,6.49,21488.0,14072476.0,-0.6097560975609762,-0.040000000000000036,2.0030816640986115,0.0
2024-09-05,6.54,6.61,6.64,6.52,31548.0,20829816.0,1.3803680981595123,0.09000000000000075,1.840490797546014,0.0
2024-09-06,6.64,6.47,6.64,6.47,26303.0,17207718.0,-2.1180030257186178,-0.14000000000000057,2.6275115919629046,0.0
2024-09-09,6.47,6.51,6.6,6.41,25387.0,16555691.0,0.6182380216383399,0.040000000000000036,2.9641185647425816,0.0
2024-09-10,6.57,6.47,6.57,6.35,26459.0,17029380.0,-0.6144393241167445,-0.040000000000000036,3.4645669291338685,0.0
2024-09-11,6.48,6.38,6.48,6.35,25008.0,16012721.0,-1.391035548686237,-0.08999999999999986,2.0472440944882013,0.0
2024-09-12,6.38,6.38,6.49,6.37,28025.0,17992644.0,0.0,0.0,1.8838304552590284,0.0
2024-09-13,6.39,6.3,6.42,6.3,24634.0,15632243.0,-1.2539184952978122,-0.08000000000000007,1.9047619047619067,0.0
2024-09-18,6.28,6.23,6.3,6.16,25871.0,16064993.0,-1.111111111111096,-0.0699999999999994,2.2727272727272676,0.0
2024-09-19,6.26,6.38,6.4,6.22,27430.0,17386916.0,2.4077046548956593,0.14999999999999947,2.8938906752411677,0.0
2024-09-20,6.36,6.37,6.39,6.28,21807.0,13813792.0,-0.15673981191222097,-0.009999999999999787,1.751592356687889,0.0
2024-09-23,6.39,7.01,7.01,6.35,84652.0,58216544.0,10.047095761381474,0.6399999999999997,10.393700787401578,0.0
2024-09-24,6.84,6.98,7.0,6.74,180079.0,123354112.0,-0.42796005706132734,-0.02999999999999936,3.8575667655786314,0.0
2024-09-25,6.95,7.11,7.48,6.92,190629.0,135428832.0,1.8624641833810962,0.1299999999999999,8.092485549132956,0.0
2024-09-26,6.98,7.15,7.16,6.92,107569.0,76032552.0,0.5625879043600568,0.040000000000000036,3.4682080924855523,0.0
2024-09-27,7.26,7.36,7.45,7.15,141506.0,103231768.0,2.9370629370629286,0.20999999999999996,4.195804195804193,0.0
2024-09-30,7.52,7.93,7.98,7.36,201580.0,154919552.0,7.744565217391286,0.5699999999999994,8.423913043478262,0.0
2024-10-08,8.71,8.18,8.72,7.8,213921.0,175838800.0,3.1525851197982346,0.25,11.794871794871806,0.0
2024-10-09,8.0,7.55,8.06,7.55,138312.0,107867792.0,-7.701711491442542,-0.6299999999999999,6.754966887417227,0.0
2024-10-10,7.65,7.61,7.88,7.57,87080.0,67084248.0,0.7947019867549754,0.0600000000000005,4.0951122853368505,0.0
2024-10-11,7.61,7.31,7.61,7.24,64577.0,47742472.0,-3.942181340341666,-0.3000000000000007,5.110497237569063,0.0
2024-10-14,7.32,7.4,7.41,7.2,55129.0,40351964.0,1.2311901504788114,0.09000000000000075,2.916666666666666,0.0
2024-10-15,7.37,7.33,7.48,7.32,53549.0,39631684.0,-0.9459459459459474,-0.07000000000000028,2.1857923497267775,0.0
2024-10-16,7.3,7.35,7.41,7.21,43360.0,31834616.0,0.27285129604364133,0.019999999999999574,2.773925104022194,0.0
2024-10-17,7.36,7.27,7.42,7.25,38930.0,28595104.0,-1.0884353741496655,-0.08000000000000007,2.3448275862068955,0.0
2024-10-18,7.27,7.41,7.5,7.25,67164.0,49676936.0,1.925722145804687,0.14000000000000057,3.4482758620689653,0.0
2024-10-21,7.4,7.43,7.47,7.36,60951.0,45219212.0,0.26990553306343035,0.019999999999999574,1.4945652173912967,0.0
2024-10-22,7.4,7.58,7.7,7.4,73827.0,55860092.0,2.0188425302826385,0.15000000000000036,4.054054054054052,0.0
2024-10-23,7.58,7.55,7.62,7.5,61661.0,46606692.0,-0.395778364116095,-0.03000000000000025,1.6000000000000014,0.0
2024-10-24,7.53,7.69,7.78,7.51,91648.0,70389448.0,1.8543046357615944,0.14000000000000057,3.5952063914780354,0.0
2024-10-25,7.7,7.71,7.74,7.64,69279.0,53361284.0,0.2600780234070177,0.019999999999999574,1.3089005235602165,0.0
2024-10-28,7.73,7.9,7.9,7.69,93060.0,72884920.0,2.4643320363164856,0.1900000000000004,2.7308192457737315,0.0
2024-10-29,7.93,7.67,7.97,7.65,79884.0,62022432.0,-2.9113924050632956,-0.23000000000000043,4.183006535947705,0.0
2024-10-30,7.61,7.63,7.74,7.55,47420.0,36174412.0,-0.521512385919165,-0.040000000000000036,2.516556291390734,0.0
2024-10-31,7.59,7.66,7.74,7.59,51688.0,39632516.0,0.3931847968545288,0.03000000000000025,1.9762845849802417,0.0
2024-11-01,7.67,7.49,7.69,7.4,61723.0,46541756.0,-2.2193211488250597,-0.16999999999999993,3.9189189189189193,0.0
2024-11-04,7.45,7.62,7.62,7.41,39975.0,30261736.0,1.735647530040052,0.1299999999999999,2.834008097165991,0.0
2024-11-05,7.61,7.7,7.7,7.56,57453.0,43941224.0,1.049868766404205,0.08000000000000007,1.8518518518518594,0.0
2024-11-06,7.72,7.88,8.03,7.61,119746.0,93759544.0,2.3376623376623273,0.17999999999999972,5.5190538764783055,0.0
2024-11-07,7.81,8.4,8.63,7.75,170152.0,140272736.0,6.598984771573613,0.5200000000000005,11.35483870967743,0.0
2024-11-08,8.48,8.42,8.76,8.25,154006.0,130029808.0,0.23809523809523725,0.019999999999999574,6.181818181818179,0.0
2024-11-11,8.3,8.51,8.53,8.22,105392.0,88105912.0,1.0688836104512989,0.08999999999999986,3.77128953771288,0.0
2024-11-12,8.52,8.57,8.72,8.45,156707.0,134319344.0,0.7050528789659394,0.0600000000000005,3.1952662721893654,0.0
2024-11-13,8.48,8.6,8.73,8.45,89726.0,76827272.0,0.3500583430571691,0.02999999999999936,3.313609467455635,0.0
2024-11-14,8.58,8.55,8.78,8.52,76720.0,66050164.0,-0.5813953488371992,-0.049999999999998934,3.0516431924882603,0.0
2024-11-15,8.59,8.5,8.59,8.31,84932.0,71997136.0,-0.5847953216374324,-0.05000000000000071,3.3694344163658165,0.0
2024-11-18,8.47,8.46,8.64,8.37,90753.0,77139696.0,-0.47058823529411153,-0.03999999999999915,3.22580645161292,0.0
2024-11-19,8.4,8.42,8.53,8.19,75088.0,62665328.0,-0.47281323877069736,-0.040000000000000924,4.15140415140415,0.0
2024-11-20,8.37,8.64,8.65,8.3,104119.0,88048232.0,2.6128266033254244,0.22000000000000064,4.216867469879514,0.0
2024-11-21,8.59,9.16,9.16,8.47,183797.0,162200016.0,6.018518518518512,0.5199999999999996,8.146399055489958,0.0
2024-11-22,9.45,8.75,9.55,8.61,206760.0,184526144.0,-4.475982532751088,-0.41000000000000014,10.917537746806055,0.0
2024-11-25,8.6,9.07,9.11,8.5,97461.0,85209584.0,3.65714285714287,0.3200000000000003,7.176470588235287,0.0
2024-11-26,8.88,9.01,9.17,8.88,82527.0,74396288.0,-0.6615214994487362,-0.0600000000000005,3.265765765765756,0.0
2024-11-27,8.94,9.14,9.16,8.79,97109.0,87449448.0,1.4428412874583962,0.13000000000000078,4.209328782707634,0.0
2024-11-28,9.14,9.15,9.2,9.02,68855.0,62804116.0,0.1094091903719896,0.009999999999999787,1.9955654101995532,0.0
2024-11-29,9.15,9.05,9.23,9.05,59099.0,53749220.0,-1.0928961748633892,-0.09999999999999964,1.9889502762430906,0.0
2024-12-02,9.06,9.2,9.52,8.98,103570.0,94977712.0,1.6574585635358963,0.14999999999999858,6.013363028953219,0.0
2024-12-03,9.13,9.25,9.34,9.05,92064.0,84688560.0,0.5434782608695787,0.05000000000000071,3.204419889502753,0.0
2024-12-04,9.2,9.03,9.34,9.0,85289.0,77958936.0,-2.3783783783783874,-0.22000000000000064,3.7777777777777763,0.0
2024-12-05,9.04,8.85,9.05,8.7,79431.0,70229864.0,-1.9933554817275767,-0.17999999999999972,4.022988505747143,0.0
2024-12-06,8.87,9.18,9.18,8.72,101638.0,90609208.0,3.7288135593220417,0.33000000000000007,5.275229357798154,0.0
2024-12-09,9.18,9.58,9.91,8.7,360031.0,338786784.0,4.357298474945548,0.40000000000000036,13.908045977011504,0.0
2024-12-10,9.51,8.98,9.59,8.78,420249.0,381922496.0,-6.263048016701456,-0.5999999999999996,9.22551252847381,0.0
2024-12-11,8.7,8.67,8.77,8.48,185757.0,159789040.0,-3.4521158129176,-0.3100000000000005,3.4198113207547065,0.0
2024-12-12,8.59,8.7,8.74,8.57,102240.0,88606912.0,0.34602076124565784,0.02999999999999936,1.9836639439906643,0.0
2024-12-13,8.64,8.43,8.64,8.41,103802.0,88314040.0,-3.103448275862064,-0.2699999999999996,2.7348394768133226,0.0
2024-12-16,8.4,8.4,8.51,8.37,56747.0,47894088.0,-0.3558718861209842,-0.02999999999999936,1.6726403823178086,0.0
2024-12-17,8.37,8.09,8.39,8.09,74180.0,60937916.0,-3.6904761904761996,-0.3100000000000005,3.7082818294190445,0.0
2024-12-18,8.12,8.1,8.18,8.06,36811.0,29913294.0,0.12360939431397266,0.009999999999999787,1.4888337468982533,0.0
2024-12-19,8.02,8.14,8.15,7.97,49760.0,40009140.0,0.4938271604938427,0.040000000000000924,2.258469259723973,0.0
2024-12-20,8.12,8.18,8.22,8.11,29180.0,23878380.0,0.49140049140048436,0.03999999999999915,1.3563501849568584,0.0
2024-12-23,8.2,7.91,8.22,7.88,53246.0,42633416.0,-3.3007334963325086,-0.2699999999999996,4.314720812182751,0.0
2024-12-24,7.91,7.89,7.98,7.82,31715.0,25008848.0,-0.25284450063212116,-0.020000000000000462,2.0460358056266004,0.0
2024-12-25,7.95,7.79,7.97,7.7,32959.0,25747360.0,-1.2674271229404233,-0.09999999999999964,3.506493506493501,0.0
2024-12-26,7.79,7.79,7.85,7.76,25514.0,19894186.0,0.0,0.0,1.1597938144329878,0.0
2024-12-27,7.8,7.91,7.94,7.71,34921.0,27510958.0,1.5404364569961526,0.1200000000000001,2.9831387808041563,0.0
2024-12-30,7.87,7.87,7.92,7.82,22496.0,17695488.0,-0.5056890012642201,-0.040000000000000036,1.2787723785166194,0.0
2024-12-31,7.87,7.72,7.93,7.69,35401.0,27609564.0,-1.9059720457433316,-0.15000000000000036,3.1209362808842562,0.0
2025-01-02,7.72,7.55,7.8,7.48,33640.0,25769964.0,-2.2020725388601003,-0.16999999999999993,4.278074866310152,0.0
2025-01-03,7.56,7.76,8.19,7.44,106483.0,83612360.0,2.7814569536423805,0.20999999999999996,10.08064516129031,0.0
2025-01-06,7.88,8.07,8.1,7.88,93308.0,74628800.0,3.9948453608247503,0.3100000000000005,2.7918781725888295,0.0
2025-01-07,8.04,7.84,8.04,7.7,63343.0,49490976.0,-2.850061957868655,-0.23000000000000043,4.4155844155844015,0.0
2025-01-08,7.78,7.78,7.92,7.68,36980.0,28792354.0,-0.7653061224489721,-0.05999999999999961,3.1250000000000027,0.0
2025-01-09,7.74,7.7,7.8,7.65,26180.0,20195150.0,-1.0282776349614386,-0.08000000000000007,1.9607843137254832,0.0
2025-01-10,7.73,7.5,7.73,7.49,31000.0,23516256.0,-2.5974025974025983,-0.20000000000000018,3.2042723631508707,0.0
2025-01-13,7.38,7.46,7.48,7.32,20261.0,15011785.0,-0.5333333333333301,-0.040000000000000036,2.1857923497267775,0.0
2025-01-14,7.5,7.68,7.68,7.48,29424.0,22358992.0,2.9490616621983934,0.21999999999999975,2.6737967914438405,0.0
2025-01-15,7.68,7.69,7.72,7.6,24140.0,18497364.0,0.13020833333334814,0.010000000000000675,1.578947368421054,0.0
2025-01-16,7.71,7.74,7.77,7.63,24796.0,19135594.0,0.6501950585175553,0.04999999999999982,1.8348623853210968,0.0
2025-01-17,7.7,7.77,7.82,7.7,21811.0,16926618.0,0.3875968992248069,0.02999999999999936,1.5584415584415598,0.0
2025-01-20,7.82,7.83,7.85,7.73,22711.0,17759208.0,0.7722007722007707,0.0600000000000005,1.5523932729624736,0.0
2025-01-21,7.84,7.87,7.92,7.74,26432.0,20686864.0,0.5108556832694733,0.040000000000000036,2.3255813953488333,0.0
2025-01-22,7.87,7.83,7.91,7.81,20192.0,15859095.0,-0.5082592121982255,-0.040000000000000036,1.2804097311139633,0.0
2025-01-23,7.91,7.8,7.95,7.8,24058.0,18952758.0,-0.3831417624521105,-0.03000000000000025,1.9230769230769278,0.0
2025-01-24,7.8,7.72,7.8,7.68,22639.0,17512120.0,-1.025641025641022,-0.08000000000000007,1.5625000000000013,0.0
2025-01-27,7.69,7.75,7.91,7.69,25394.0,19858462.0,0.38860103626943143,0.03000000000000025,2.86085825747724,0.0
2025-02-05,7.81,7.89,7.89,7.76,23775.0,18635636.0,1.806451612903226,0.13999999999999968,1.6752577319587614,0.0
2025-02-06,7.89,7.88,7.89,7.77,27301.0,21398134.0,-0.12674271229403677,-0.009999999999999787,1.5444015444015458,0.0
2025-02-07,7.84,7.95,7.99,7.84,40028.0,31811388.0,0.8883248730964466,0.07000000000000028,1.9132653061224536,0.0
2025-02-10,7.95,8.05,8.09,7.91,48733.0,39198308.0,1.2578616352201255,0.10000000000000053,2.2756005056889976,0.0
2025-02-11,8.05,8.01,8.05,7.95,29583.0,23630988.0,-0.496894409937898,-0.040000000000000924,1.2578616352201324,0.0
2025-02-12,7.95,8.13,8.15,7.9,65199.0,52269416.0,1.4981273408239737,0.120000000000001,3.164556962025316,0.0
2025-02-13,8.13,8.04,8.24,8.02,47531.0,38552240.0,-1.1070110701107194,-0.09000000000000163,2.743142144638412,0.0
2025-02-14,8.03,7.99,8.1,7.98,31567.0,25359694.0,-0.6218905472636704,-0.049999999999998934,1.5037593984962307,0.0
2025-02-17,8.03,8.02,8.07,7.96,29341.0,23536448.0,0.3754693366708306,0.02999999999999936,1.3819095477386976,0.0
2025-02-18,8.02,7.82,8.02,7.8,38764.0,30622018.0,-2.4937655860349017,-0.1999999999999993,2.8205128205128176,0.0
2025-02-19,7.82,7.84,7.87,7.8,24820.0,19425888.0,0.2557544757033181,0.019999999999999574,0.8974358974359011,0.0
2025-02-20,7.84,7.93,7.97,7.82,32700.0,25924968.0,1.1479591836734748,0.08999999999999986,1.918158567774929,0.0
2025-02-21,7.9,7.84,7.94,7.8,39345.0,30835590.0,-1.1349306431273631,-0.08999999999999986,1.7948717948718023,0.0
2025-02-24,7.8,7.83,7.87,7.78,28018.0,21888658.0,-0.12755102040815647,-0.009999999999999787,1.1568123393316176,0.0
2025-02-25,7.79,7.72,7.8,7.7,27690.0,21436096.0,-1.4048531289910682,-0.11000000000000032,1.298701298701294,0.0
2025-02-26,7.75,7.74,7.77,7.7,23713.0,18355844.0,0.2590673575129543,0.020000000000000462,0.9090909090909013,0.0
2025-02-27,7.73,7.75,7.76,7.63,40206.0,30975936.0,0.12919896640826156,0.009999999999999787,1.7038007863695925,0.0
2025-02-28,7.75,7.63,7.77,7.62,33575.0,25801914.0,-1.5483870967741953,-0.1200000000000001,1.968503937007867,0.0
2025-03-03,7.65,7.65,7.74,7.62,27801.0,21331288.0,0.2621231979030192,0.020000000000000462,1.5748031496063006,0.0
2025-03-04,7.67,7.72,7.74,7.6,22655.0,17430730.0,0.9150326797385588,0.0699999999999994,1.8421052631579022,0.0
2025-03-05,7.74,7.65,7.74,7.59,29425.0,22431812.0,-0.9067357512953289,-0.0699999999999994,1.9762845849802417,0.0
2025-03-06,7.65,7.69,7.7,7.6,29776.0,22812556.0,0.5228758169934622,0.040000000000000036,1.3157894736842175,0.0
2025-03-07,7.68,7.67,7.74,7.63,23493.0,18039556.0,-0.2600780234070288,-0.020000000000000462,1.4416775884665836,0.0
2025-03-10,7.69,7.79,7.8,7.69,31211.0,24200886.0,1.5645371577575062,0.1200000000000001,1.4304291287386142,0.0
2025-03-11,7.71,7.79,7.79,7.7,22250.0,17224830.0,0.0,0.0,1.168831168831167,0.0
2025-03-12,7.79,7.75,7.83,7.72,28214.0,21853524.0,-0.5134788189987138,-0.040000000000000036,1.4248704663212477,0.0
2025-03-13,7.75,7.77,7.88,7.66,42257.0,32848844.0,0.2580645161290196,0.019999999999999574,2.872062663185375,0.0
2025-03-14,7.78,7.99,8.03,7.74,92863.0,73599056.0,2.8314028314028405,0.22000000000000064,3.7467700258397825,0.0
2025-03-17,7.99,7.93,8.03,7.9,48747.0,38703956.0,-0.7509386733416834,-0.0600000000000005,1.6455696202531518,0.0
2025-03-18,7.93,7.91,7.98,7.87,32778.0,25903996.0,-0.2522068095838548,-0.019999999999999574,1.397712833545112,0.0
2025-03-19,7.93,7.89,7.98,7.87,25437.0,20140732.0,-0.25284450063212116,-0.020000000000000462,1.397712833545112,0.0
2025-03-20,7.92,7.93,7.95,7.88,36344.0,28778788.0,0.5069708491761693,0.040000000000000036,0.8883248730964504,0.0
2025-03-21,8.12,7.92,8.21,7.88,99759.0,80086344.0,-0.12610340479192184,-0.009999999999999787,4.187817258883261,0.0
2025-03-24,7.86,7.87,7.96,7.79,62534.0,49155068.0,-0.631313131313127,-0.04999999999999982,2.1822849807445435,0.0
2025-03-25,7.88,7.91,7.96,7.81,39614.0,31209608.0,0.5082592121982143,0.040000000000000036,1.9206145966709394,0.0
2025-03-26,7.91,8.02,8.03,7.87,53150.0,42436848.0,1.3906447534766109,0.10999999999999943,2.0330368487928747,0.0
2025-03-27,7.97,8.06,8.08,7.97,47172.0,37888944.0,0.4987531172069959,0.040000000000000924,1.3801756587202048,0.0
2025-03-28,8.06,7.96,8.11,7.95,45320.0,36310876.0,-1.2406947890818976,-0.10000000000000053,2.012578616352192,0.0
2025-03-31,7.96,7.92,7.96,7.83,39535.0,31202736.0,-0.5025125628140725,-0.040000000000000036,1.6602809706257968,0.0
2025-04-01,7.92,8.13,8.2,7.87,94568.0,76879320.0,2.6515151515151603,0.21000000000000085,4.193138500635314,0.0
2025-04-02,8.1,8.05,8.11,8.02,41070.0,33061426.0,-0.9840098400983988,-0.08000000000000007,1.122194513715709,0.0
2025-04-03,7.99,8.12,8.13,7.97,45162.0,36521856.0,0.8695652173912771,0.06999999999999851,2.0075282308657596,0.0
2025-04-07,7.89,7.31,7.9,7.31,76388.0,57439928.0,-9.97536945812808,-0.8099999999999996,8.071135430916563,0.0
2025-04-08,7.31,7.25,7.46,7.1,59701.0,43188888.0,-0.8207934336525224,-0.05999999999999961,5.070422535211272,0.0
2025-04-09,7.18,7.26,7.3,6.72,52528.0,37061772.0,0.13793103448276334,0.009999999999999787,8.630952380952381,0.0
2025-04-10,7.26,7.45,7.51,7.26,50162.0,37181868.0,2.6170798898071723,0.1900000000000004,3.443526170798898,0.0
2025-04-11,7.4,7.4,7.47,7.33,36483.0,27012290.0,-0.6711409395973145,-0.04999999999999982,1.9099590723055888,0.0
2025-04-14,7.43,7.54,7.6,7.4,30265.0,22734660.0,1.8918918918918948,0.13999999999999968,2.7027027027026933,0.0
2025-04-15,7.6,7.62,7.63,7.48,27291.0,20671916.0,1.0610079575596787,0.08000000000000007,2.0053475935828806,0.0
2025-04-16,7.58,7.5,7.61,7.41,26666.0,20003008.0,-1.5748031496062964,-0.1200000000000001,2.6990553306342804,0.0
2025-04-17,7.5,7.61,7.63,7.48,27305.0,20716412.0,1.4666666666666606,0.11000000000000032,2.0053475935828806,0.0
2025-04-18,7.61,7.62,7.72,7.56,19898.0,15190120.0,0.13140604467805073,0.009999999999999787,2.1164021164021185,0.0
2025-04-21,7.62,7.69,7.73,7.55,18198.0,13964966.0,0.9186351706036877,0.07000000000000028,2.384105960264909,0.0
2025-04-22,7.75,7.8,7.83,7.68,26053.0,20234028.0,1.4304291287386084,0.10999999999999943,1.9531250000000049,0.0
2025-04-23,7.82,7.71,7.85,7.7,23351.0,18128622.0,-1.1538461538461497,-0.08999999999999986,1.9480519480519412,0.0
2025-04-24,7.77,7.77,7.84,7.7,23631.0,18368624.0,0.7782101167315147,0.05999999999999961,1.818181818181814,0.0
2025-04-25,7.77,7.75,7.82,7.71,24557.0,19059032.0,-0.2574002574002532,-0.019999999999999574,1.4267185473411195,0.0
2025-04-28,7.75,7.7,7.78,7.55,26424.0,20285934.0,-0.6451612903225823,-0.04999999999999982,3.0463576158940455,0.0
2025-04-29,7.62,7.82,7.85,7.62,23651.0,18437902.0,1.558441558441559,0.1200000000000001,3.0183727034120675,0.0
2025-04-30,7.77,7.79,7.9,7.77,18434.0,14421171.0,-0.38363171355498826,-0.03000000000000025,1.6731016731016832,0.0
2025-05-06,7.9,7.84,7.9,7.76,27203.0,21233420.0,0.6418485237484006,0.04999999999999982,1.8041237113402135,0.0
2025-05-07,7.88,7.84,7.92,7.79,27110.0,21272518.0,0.0,0.0,1.6688061617458265,0.0
2025-05-08,7.85,7.84,7.88,7.79,35110.0,27516638.0,0.0,0.0,1.1553273427471098,0.0
2025-05-09,7.84,7.85,7.88,7.79,30110.0,23570324.0,0.12755102040815647,0.009999999999999787,1.1553273427471098,0.0
2025-05-12,7.86,7.8,7.87,7.78,21558.0,16849484.0,-0.6369426751592355,-0.04999999999999982,1.1568123393316176,0.0
2025-05-13,7.85,7.83,7.87,7.8,23669.0,18549016.0,0.38461538461538325,0.03000000000000025,0.8974358974359011,0.0
2025-05-14,7.83,7.79,7.84,7.73,26859.0,20913600.0,-0.5108556832694733,-0.040000000000000036,1.4230271668822694,0.0
2025-05-15,7.84,7.85,7.89,7.76,31087.0,24398752.0,0.7702182284980763,0.05999999999999961,1.6752577319587614,0.0
2025-05-16,7.9,8.06,8.26,7.86,111237.0,89336224.0,2.6751592356688114,0.21000000000000085,5.089058524173021,0.0
2025-05-19,8.05,7.94,8.05,7.9,67191.0,53463684.0,-1.488833746898266,-0.1200000000000001,1.8987341772151944,0.0
2025-05-20,7.95,8.01,8.07,7.95,51684.0,41512392.0,0.881612090680095,0.0699999999999994,1.5094339622641522,0.0
2025-05-21,8.02,7.99,8.12,7.98,36694.0,29490560.0,-0.24968789013731785,-0.019999999999999574,1.7543859649122653,0.0
2025-05-22,7.95,7.91,8.01,7.88,29920.0,23769258.0,-1.0012515644555742,-0.08000000000000007,1.6497461928933996,0.0
2025-05-23,7.93,7.94,8.09,7.92,42962.0,34462904.0,0.37926675094817064,0.03000000000000025,2.1464646464646457,0.0
2025-05-26,7.95,8.4,8.44,7.85,174963.0,143528528.0,5.793450881612094,0.45999999999999996,7.515923566878979,0.0
2025-05-27,8.39,8.48,8.99,8.35,282126.0,241878544.0,0.952380952380949,0.08000000000000007,7.664670658682642,0.0
2025-05-28,8.31,8.4,8.49,8.21,169411.0,141801632.0,-0.9433962264150941,-0.08000000000000007,3.410475030450662,0.0
2025-05-29,8.5,8.39,8.51,8.3,102770.0,86503656.0,-0.11904761904761862,-0.009999999999999787,2.5301204819276992,0.0
2025-05-30,8.45,8.42,8.69,8.37,119791.0,101705376.0,0.35756853396899935,0.02999999999999936,3.823178016726408,0.0
2025-06-03,8.36,9.26,9.26,8.32,187359.0,165667408.0,9.976247030878849,0.8399999999999999,11.298076923076916,0.0
2025-06-04,9.63,9.38,10.1,9.06,571452.0,540119232.0,1.2958963282937441,0.120000000000001,11.479028697571735,0.0
2025-06-05,9.16,8.95,9.31,8.88,291544.0,262371184.0,-4.5842217484008625,-0.4300000000000015,4.842342342342339,0.0
2025-06-06,8.94,8.79,9.0,8.72,175509.0,154500464.0,-1.787709497206702,-0.16000000000000014,3.2110091743119193,0.0
2025-06-09,8.78,8.97,9.02,8.78,173497.0,154713216.0,2.0477815699658786,0.1800000000000015,2.7334851936218705,0.0
2025-06-10,8.95,8.87,9.06,8.76,154499.0,137359312.0,-1.1148272017837413,-0.10000000000000142,3.4246575342465837,0.0
2025-06-11,8.86,8.82,8.93,8.78,88013.0,77636480.0,-0.5636978579481311,-0.049999999999998934,1.7084282460136717,0.0
2025-06-12,8.78,8.75,8.83,8.64,95389.0,83228264.0,-0.7936507936508019,-0.07000000000000028,2.199074074074068,0.0
2025-06-13,8.7,8.58,8.79,8.52,74174.0,63816352.0,-1.9428571428571462,-0.16999999999999993,3.169014084507037,0.0
2025-06-16,8.52,8.56,8.63,8.43,53774.0,45954252.0,-0.2331002331002252,-0.019999999999999574,2.3724792408066557,0.0
2025-06-17,8.6,8.49,8.72,8.46,76117.0,65273484.0,-0.8177570093457986,-0.07000000000000028,3.0732860520094536,0.0
2025-06-18,8.45,8.3,8.49,8.29,67881.0,56648892.0,-2.2379269729092988,-0.1899999999999995,2.4125452352231735,0.0
2025-06-19,8.29,8.11,8.33,8.08,68813.0,56238356.0,-2.2891566265060392,-0.19000000000000128,3.094059405940594,0.0
2025-06-20,8.07,8.07,8.17,8.06,38015.0,30773662.0,-0.4932182490752002,-0.03999999999999915,1.3647642679900673,0.0
2025-06-23,8.07,8.13,8.15,7.99,44108.0,35703816.0,0.743494423791824,0.0600000000000005,2.002503128911141,0.0
2025-06-24,8.12,8.24,8.25,8.12,54624.0,44751540.0,1.3530135301353052,0.10999999999999943,1.6009852216748868,0.0
2025-06-25,8.23,8.23,8.28,8.14,47573.0,38977328.0,-0.12135922330096527,-0.009999999999999787,1.719901719901705,0.0
2025-06-26,8.22,8.13,8.22,8.1,51866.0,42270096.0,-1.2150668286755706,-0.09999999999999964,1.4814814814814938,0.0
2025-06-27,8.15,8.16,8.18,8.12,32198.0,26252002.0,0.36900369003689537,0.02999999999999936,0.7389162561576417,0.0
2025-06-30,8.17,8.25,8.25,8.12,40714.0,33390566.0,1.1029411764705843,0.08999999999999986,1.6009852216748868,0.0
2025-07-01,8.24,8.33,8.34,8.21,52210.0,43300536.0,0.9696969696969759,0.08000000000000007,1.58343483556637,0.0
2025-07-02,8.35,8.31,8.39,8.28,48186.0,40137040.0,-0.24009603841536054,-0.019999999999999574,1.328502415458952,0.0
2025-07-03,8.3,8.51,8.52,8.3,79645.0,67383432.0,2.406738868832714,0.1999999999999993,2.65060240963854,0.0
2025-07-04,8.5,8.4,8.51,8.37,63642.0,53625956.0,-1.2925969447708519,-0.10999999999999943,1.6726403823178086,0.0
2025-07-07,8.4,8.44,8.51,8.38,41089.0,34666776.0,0.4761904761904745,0.03999999999999915,1.5513126491646658,0.0
2025-07-08,8.43,8.45,8.56,8.4,44710.0,37790536.0,0.11848341232227888,0.009999999999999787,1.9047619047619064,0.0
2025-07-09,8.45,8.38,8.45,8.34,41297.0,34716304.0,-0.8284023668638896,-0.06999999999999851,1.3189448441246934,0.0
2025-07-10,8.36,8.44,8.48,8.36,36681.0,30896928.0,0.7159904534606021,0.05999999999999872,1.4354066985646052,0.0
2025-07-11,8.46,8.47,8.5,8.38,52378.0,44278516.0,0.35545023696683664,0.030000000000001137,1.4319809069212315,0.0
2025-07-14,8.47,8.54,8.55,8.45,42474.0,36167576.0,0.8264462809917106,0.06999999999999851,1.1834319526627388,0.0
2025-07-15,8.54,8.42,8.55,8.31,59455.0,49981092.0,-1.4051522248243464,-0.11999999999999922,2.8880866425992804,0.0
2025-07-16,8.43,8.58,8.6,8.38,70522.0,60118600.0,1.9002375296912177,0.16000000000000014,2.6252983293555947,0.0
2025-07-17,8.58,8.65,8.69,8.57,62632.0,54144784.0,0.8158508158508271,0.07000000000000028,1.4002333722286957,0.0
2025-07-18,8.66,8.64,8.68,8.53,48793.0,41886016.0,-0.11560693641617936,-0.009999999999999787,1.7584994138335328,0.0
2025-07-21,8.67,8.69,8.7,8.58,47813.0,41416600.0,0.578703703703698,0.049999999999998934,1.3986013986013894,0.0
2025-07-22,8.67,8.63,8.7,8.6,46981.0,40612440.0,-0.690448791714604,-0.05999999999999872,1.1627906976744147,0.0
2025-07-23,8.63,8.78,9.16,8.59,187572.0,165228320.0,1.7381228273464444,0.14999999999999858,6.635622817229341,0.0
2025-07-24,8.94,8.91,9.03,8.75,197841.0,175447936.0,1.4806378132118603,0.13000000000000078,3.1999999999999926,0.0
2025-07-25,8.92,8.84,9.0,8.82,121351.0,107915856.0,-0.7856341189674598,-0.07000000000000028,2.040816326530609,0.0
2025-07-28,8.95,9.72,9.72,8.91,244824.0,230189616.0,9.954751131221728,0.8800000000000008,9.090909090909097,0.0
2025-07-29,10.69,10.69,10.69,9.76,841318.0,875529024.0,9.979423868312743,0.9699999999999989,9.52868852459016,0.0
2025-07-30,10.34,11.76,11.76,10.27,890329.0,978439808.0,10.009354536950422,1.0700000000000003,14.508276533592992,0.0
2025-07-31,11.3,10.58,11.85,10.58,798385.0,890514560.0,-10.034013605442171,-1.1799999999999997,12.003780718336479,0.0
2025-08-01,10.15,10.43,11.11,9.84,642226.0,677803392.0,-1.417769376181477,-0.15000000000000036,12.906504065040647,0.0
2025-08-04,10.11,10.88,10.99,10.11,543948.0,580506368.0,4.314477468839906,0.45000000000000107,8.70425321463898,0.0
2025-08-05,10.5,10.21,10.68,10.13,455067.0,469209408.0,-6.158088235294112,-0.6699999999999999,5.4294175715695845,0.0
2025-08-06,10.11,9.61,10.11,9.5,429384.0,415169088.0,-5.876591576885415,-0.6000000000000014,6.421052631578942,0.0
2025-08-07,9.51,9.44,9.61,9.35,234462.0,221706352.0,-1.768990634755463,-0.16999999999999993,2.780748663101602,0.0
2025-08-08,9.42,9.44,9.48,9.37,141571.0,133503168.0,0.0,0.0,1.1739594450373663,0.0
2025-08-11,9.39,9.51,9.53,9.37,146032.0,138189952.0,0.741525423728806,0.07000000000000028,1.707577374599788,0.0
2025-08-12,9.52,9.47,9.6,9.37,143143.0,135286864.0,-0.4206098843322681,-0.03999999999999915,2.454642475987198,0.0
2025-08-13,9.42,9.45,9.48,9.32,135709.0,127546664.0,-0.21119324181627652,-0.02000000000000135,1.716738197424894,0.0
2025-08-14,9.46,9.26,9.48,9.26,148055.0,138597904.0,-2.010582010582007,-0.1899999999999995,2.3758099352051905,0.0
2025-08-15,9.26,9.29,9.3,9.2,107987.0,99926248.0,0.3239740820734305,0.02999999999999936,1.086956521739146,0.0
2025-08-18,9.3,9.42,9.44,9.27,140156.0,131453248.0,1.3993541442411273,0.13000000000000078,1.8338727076591146,0.0
2025-08-19,9.42,9.56,9.61,9.36,192853.0,183756128.0,1.4861995753715496,0.14000000000000057,2.670940170940171,0.0
2025-08-20,9.5,9.51,9.59,9.37,122000.0,115474816.0,-0.5230125523012608,-0.05000000000000071,2.3479188900747134,0.0
2025-08-21,9.5,9.47,9.52,9.41,94614.0,89571432.0,-0.4206098843322681,-0.03999999999999915,1.1689691817215666,0.0
2025-08-22,9.45,9.42,9.45,9.3,102242.0,95754936.0,-0.5279831045406636,-0.05000000000000071,1.6129032258064364,0.0
2025-08-25,9.41,9.42,9.47,9.35,96716.0,90969312.0,0.0,0.0,1.2834224598930588,0.0
2025-08-26,9.38,9.38,9.42,9.33,71249.0,66879796.0,-0.4246284501061459,-0.03999999999999915,0.9646302250803843,0.0
2025-08-27,9.36,9.1,9.4,9.09,117172.0,108511168.0,-2.9850746268656803,-0.28000000000000114,3.410341034103416,0.0
2025-08-28,9.1,9.06,9.17,8.8,92999.0,83714456.0,-0.4395604395604269,-0.03999999999999915,4.204545454545445,0.0
2025-08-29,9.03,9.1,9.13,8.98,51680.0,46936856.0,0.44150110375273943,0.03999999999999915,1.670378619153679,0.0
2025-09-01,9.05,9.22,9.24,9.02,63888.0,58573484.0,1.3186813186813362,0.120000000000001,2.43902439024391,0.0
2025-09-02,9.22,9.15,9.22,9.06,58440.0,53404388.0,-0.7592190889370909,-0.07000000000000028,1.766004415011039,0.0
2025-09-03,9.16,9.0,9.19,8.96,53803.0,48833904.0,-1.6393442622950838,-0.15000000000000036,2.5669642857142705,0.0
2025-09-04,8.99,9.05,9.17,8.91,71546.0,64866084.0,0.5555555555555536,0.05000000000000071,2.918069584736249,0.0
2025-09-05,9.05,9.1,9.1,8.9,51534.0,46482120.0,0.5524861878452914,0.049999999999998934,2.2471910112359472,0.0
2025-09-08,9.11,9.2,9.2,9.08,55818.0,51173716.0,1.098901098901095,0.09999999999999964,1.3215859030836918,0.0
2025-09-09,9.2,9.1,9.2,9.05,46738.0,42600476.0,-1.0869565217391242,-0.09999999999999964,1.6574585635358958,0.0
2025-09-10,9.1,9.11,9.14,9.05,30003.0,27264540.0,0.1098901098901095,0.009999999999999787,0.9944751381215453,0.0
2025-09-11,9.11,9.14,9.14,8.95,59389.0,53697448.0,0.3293084522502765,0.030000000000001137,2.1229050279329753,0.0
2025-09-12,9.12,9.16,9.17,9.09,51655.0,47189344.0,0.2188183807439792,0.019999999999999574,0.8800880088008809,0.0
2025-09-15,9.18,9.12,9.18,9.07,40835.0,37185608.0,-0.4366812227074357,-0.040000000000000924,1.2127894156560026,0.0
2025-09-16,9.13,9.16,9.18,9.06,39144.0,35714656.0,0.43859649122808264,0.040000000000000924,1.3245033112582694,0.0
2025-09-17,9.13,9.06,9.19,9.04,57189.0,52117776.0,-1.091703056768556,-0.09999999999999964,1.659292035398234,0.0
2025-09-18,9.09,8.88,9.1,8.81,93634.0,84037872.0,-1.9867549668874163,-0.17999999999999972,3.2917139614074817,0.0
2025-09-19,8.85,8.79,8.91,8.73,46781.0,41151492.0,-1.013513513513531,-0.09000000000000163,2.0618556701030895,0.0
2025-09-22,8.78,8.79,8.87,8.71,32033.0,28097568.0,0.0,0.0,1.8369690011480866,0.0
2025-09-23,8.76,8.65,8.76,8.5,54783.0,47094764.0,-1.5927189988623303,-0.1399999999999988,3.0588235294117623,0.0
2025-09-24,8.64,8.73,8.75,8.58,33511.0,29165984.0,0.9248554913294793,0.08000000000000007,1.9813519813519804,0.0
2025-09-25,8.73,8.66,8.77,8.66,34332.0,29851092.0,-0.8018327605956554,-0.07000000000000028,1.2702078521939888,0.0
2025-09-26,8.68,8.61,8.68,8.56,26810.0,23128476.0,-0.5773672055427337,-0.05000000000000071,1.4018691588784955,0.0
2025-09-29,8.6,8.6,8.63,8.42,32669.0,27903648.0,-0.11614401858304202,-0.009999999999999787,2.494061757719725,0.0
2025-09-30,8.6,8.61,8.65,8.58,24171.0,20811444.0,0.11627906976743319,0.009999999999999787,0.8158508158508191,0.0
2025-10-09,8.61,8.59,8.64,8.54,34707.0,29727840.0,-0.23228803716608404,-0.019999999999999574,1.1709601873536468,0.0
2025-10-10,8.58,8.7,8.74,8.55,42860.0,37176720.0,1.2805587892898762,0.10999999999999943,2.222222222222216,0.0
2025-10-13,8.56,8.68,8.68,8.39,42782.0,36694788.0,-0.22988505747125743,-0.019999999999999574,3.4564958283670935,0.0
2025-10-14,8.78,8.76,8.82,8.7,49499.0,43398812.0,0.9216589861751112,0.08000000000000007,1.3793103448275978,0.0
2025-10-15,8.76,8.84,8.86,8.73,36430.0,32125220.0,0.9132420091324311,0.08000000000000007,1.4891179839633333,0.0
2025-10-16,8.84,8.94,9.06,8.8,81204.0,72698808.0,1.1312217194570096,0.09999999999999964,2.954545454545452,0.0
2025-10-17,8.89,8.95,9.05,8.87,88646.0,79478008.0,0.11185682326622093,0.009999999999999787,2.0293122886133204,0.0
2025-10-20,8.97,9.1,9.1,8.88,74960.0,67485640.0,1.6759776536312998,0.15000000000000036,2.477477477477464,0.0
2025-10-21,9.1,9.08,9.18,9.0,78717.0,71466544.0,-0.219780219780219,-0.019999999999999574,1.999999999999997,0.0
2025-10-22,9.07,9.17,9.2,9.03,75177.0,68772496.0,0.9911894273127775,0.08999999999999986,1.8826135105204866,0.0
2025-10-23,9.14,9.07,9.17,9.01,61707.0,55923044.0,-1.0905125408942173,-0.09999999999999964,1.7758046614872383,0.0
2025-10-24,9.07,9.01,9.08,8.99,51626.0,46614320.0,-0.6615214994487362,-0.0600000000000005,1.0011123470522787,0.0
2025-10-27,9.03,9.02,9.06,8.91,51902.0,46689704.0,0.11098779134295356,0.009999999999999787,1.6835016835016876,0.0
2025-10-28,8.98,8.99,9.05,8.95,35140.0,31654436.0,-0.3325942350332567,-0.02999999999999936,1.1173184357542059,0.0
2025-10-29,9.01,8.95,9.01,8.88,42619.0,38065704.0,-0.444938820912133,-0.040000000000000924,1.4639639639639526,0.0
2025-10-30,8.95,8.89,9.06,8.88,49234.0,44163248.0,-0.6703910614525022,-0.05999999999999872,2.0270270270270236,0.0
2025-10-31,8.89,9.01,9.06,8.89,55870.0,50361360.0,1.3498312710910954,0.11999999999999922,1.912260967379077,0.0
2025-11-03,9.01,9.1,9.1,9.0,45315.0,41056044.0,0.9988901220865598,0.08999999999999986,1.1111111111111072,0.0
2025-11-04,9.07,9.09,9.12,9.02,37814.0,34337312.0,-0.1098901098901095,-0.009999999999999787,1.1086474501108607,0.0
2025-11-05,9.05,9.13,9.15,9.02,38377.0,34993444.0,0.44004400440045277,0.040000000000000924,1.441241685144133,0.0
2025-11-06,9.14,9.05,9.15,9.01,37867.0,34345844.0,-0.8762322015334112,-0.08000000000000007,1.5538290788013382,0.0
2025-11-07,9.05,9.13,9.16,9.04,43230.0,39441816.0,0.8839779005524795,0.08000000000000007,1.3274336283185952,0.0
2025-11-10,9.1,9.23,9.24,9.09,64858.0,59665880.0,1.0952902519167473,0.09999999999999964,1.6501650165016541,0.0
2025-11-11,9.22,9.29,9.3,9.16,64029.0,59250664.0,0.6500541711809138,0.05999999999999872,1.5283842794759888,0.0
2025-11-12,9.29,9.31,9.39,9.27,75044.0,69948536.0,0.21528525296019563,0.02000000000000135,1.2944983818770335,0.0
2025-11-13,9.31,9.34,9.34,9.17,68869.0,63970016.0,0.3222341568206222,0.02999999999999936,1.853871319520174,0.0
2025-11-14,9.34,9.45,9.55,9.31,142628.0,135285040.0,1.1777301927194728,0.10999999999999943,2.5778732545649863,0.0
2025-11-17,9.46,9.35,9.5,9.31,82915.0,77585168.0,-1.0582010582010581,-0.09999999999999964,2.040816326530607,0.0
2025-11-18,9.3,9.22,9.43,9.18,67995.0,63007040.0,-1.3903743315507922,-0.129999999999999,2.7233115468409586,0.0
2025-11-19,9.23,9.08,9.25,9.04,58593.0,53376000.0,-1.5184381778741929,-0.14000000000000057,2.3230088495575316,0.0
2025-11-20,9.12,9.03,9.14,8.94,60481.0,54634904.0,-0.5506607929515517,-0.05000000000000071,2.237136465324397,0.0
2025-11-21,8.94,8.62,9.06,8.6,68785.0,60216640.0,-4.540420819490587,-0.41000000000000014,5.348837209302336,0.0
2025-11-24,8.65,8.78,8.84,8.63,53288.0,46804360.0,1.8561484918793614,0.16000000000000014,2.433371958285041,0.0
2025-11-25,8.8,8.97,9.05,8.77,48222.0,43203216.0,2.1640091116173377,0.19000000000000128,3.192702394526809,0.0
2025-11-26,8.98,8.93,9.2,8.92,61625.0,55888916.0,-0.4459308807134965,-0.040000000000000924,3.1390134529147913,0.0
2025-11-27,8.95,9.02,9.09,8.82,55013.0,49211224.0,1.00783874580066,0.08999999999999986,3.0612244897959133,0.0
2025-11-28,8.94,8.89,9.01,8.77,63098.0,55727124.0,-1.4412416851441123,-0.129999999999999,2.7366020524515418,0.0
2025-12-01,8.92,9.05,9.09,8.87,51533.0,46532216.0,1.7997750281214753,0.16000000000000014,2.4802705749718226,0.0
2025-12-02,9.05,9.01,9.09,8.92,38399.0,34569864.0,-0.44198895027625085,-0.040000000000000924,1.9058295964125553,0.0
2025-12-03,9.04,9.12,9.19,8.92,63418.0,57622448.0,1.220865704772467,0.10999999999999943,3.0269058295964077,0.0
2025-12-04,9.1,9.07,9.12,8.97,41400.0,37469544.0,-0.5482456140350811,-0.049999999999998934,1.6722408026755693,0.0
2025-12-05,9.06,8.94,9.06,8.85,57470.0,51272056.0,-1.433296582138932,-0.13000000000000078,2.372881355932213,0.0
2025-12-08,8.97,8.91,9.04,8.89,42717.0,38230440.0,-0.3355704697986517,-0.02999999999999936,1.6872890888638759,0.0
2025-12-09,8.88,8.73,8.92,8.72,45906.0,40445328.0,-2.020202020202022,-0.17999999999999972,2.293577981651368,0.0
2025-12-10,8.7,8.69,8.75,8.57,45330.0,39222800.0,-0.45819014891180787,-0.040000000000000924,2.1003500583430537,0.0
2025-12-11,8.73,8.55,8.73,8.53,38760.0,33282224.0,-1.6110471806674243,-0.1399999999999988,2.344665885111384,0.0
2025-12-12,8.6,8.43,8.6,8.43,41999.0,35659272.0,-1.40350877192984,-0.120000000000001,2.016607354685646,0.0
2025-12-15,8.43,8.45,8.52,8.37,27040.0,22877764.0,0.23724792408066353,0.019999999999999574,1.7921146953405063,0.0
2025-12-16,8.49,8.4,8.52,8.37,40452.0,34085288.0,-0.5917159763313529,-0.049999999999998934,1.7921146953405063,0.0
2025-12-17,8.37,8.46,8.47,8.3,30763.0,25740264.0,0.7142857142857117,0.0600000000000005,2.048192771084336,0.0
2025-12-18,8.42,8.65,8.68,8.37,40945.0,35225732.0,2.245862884160754,0.1899999999999995,3.70370370370371,0.0
2025-12-19,8.63,9.52,9.52,8.58,246571.0,231519312.0,10.057803468208082,0.8699999999999992,10.95571095571095,0.0
2025-12-22,9.99,9.62,10.46,9.57,650002.0,647070592.0,1.0504201680672232,0.09999999999999964,9.299895506792064,0.0
2025-12-23,9.37,9.25,9.48,9.14,351552.0,325563168.0,-3.8461538461538436,-0.3699999999999992,3.7199124726477004,0.0
2025-12-24,9.24,9.09,9.25,9.07,190982.0,174115088.0,-1.7297297297297343,-0.16000000000000014,1.984564498346193,0.0
2025-12-25,9.03,8.96,9.07,8.92,153864.0,137995984.0,-1.4301430143014215,-0.129999999999999,1.681614349775789,0.0
2025-12-26,8.96,8.8,8.98,8.74,179227.0,158605216.0,-1.7857142857142905,-0.16000000000000014,2.7459954233409634,0.0
2025-12-29,8.74,8.82,8.82,8.68,122609.0,107269208.0,0.2272727272727204,0.019999999999999574,1.6129032258064582,0.0
2025-12-30,8.75,8.61,8.77,8.6,135970.0,117451248.0,-2.3809523809523947,-0.21000000000000085,1.976744186046511,0.0
2025-12-31,8.61,8.64,8.64,8.53,77871.0,66940528.0,0.34843205574914826,0.030000000000001137,1.2895662368112686,0.0
2026-01-05,8.6,8.78,8.79,8.57,108003.0,94128448.0,1.6203703703703498,0.1399999999999988,2.567094515752612,0.0
2026-01-06,8.75,8.8,8.82,8.71,84948.0,74434520.0,0.2277904328018332,0.02000000000000135,1.2629161882893158,0.0
2026-01-07,8.76,8.74,8.8,8.69,72941.0,63657776.0,-0.6818181818181834,-0.0600000000000005,1.2658227848101407,0.0
2026-01-08,8.73,8.77,8.8,8.72,58825.0,51532952.0,0.3432494279176135,0.02999999999999936,0.9174311926605512,0.0
2026-01-09,8.78,8.78,8.79,8.72,65470.0,57391140.0,0.11402508551880963,0.009999999999999787,0.8027522935779645,0.0
2026-01-12,8.75,8.82,8.82,8.73,104865.0,91995752.0,0.4555808656036442,0.040000000000000924,1.0309278350515447,0.0
2026-01-13,8.82,9.02,9.11,8.77,190728.0,171340976.0,2.26757369614512,0.1999999999999993,3.8768529076396794,0.0
2026-01-14,9.02,8.99,9.1,8.87,141870.0,127578864.0,-0.3325942350332567,-0.02999999999999936,2.5930101465614483,0.0
2026-01-15,8.97,8.94,9.04,8.88,69170.0,61868020.0,-0.556173526140169,-0.05000000000000071,1.8018018018017834,0.0
2026-01-16,8.94,8.75,8.96,8.73,82179.0,72394040.0,-2.1252796420581643,-0.1899999999999995,2.6345933562428456,0.0
2026-01-19,8.71,8.9,8.91,8.69,64552.0,56975160.0,1.7142857142857126,0.15000000000000036,2.531645569620261,0.0
2026-01-20,8.91,8.91,8.93,8.82,51526.0,45752936.0,0.11235955056179137,0.009999999999999787,1.2471655328798121,0.0
2026-01-21,8.9,8.92,8.94,8.84,56424.0,50144192.0,0.11223344556676729,0.009999999999999787,1.1312217194570096,0.0
2026-01-22,8.91,8.99,8.99,8.87,56644.0,50640632.0,0.7847533632286963,0.07000000000000028,1.3528748590755468,0.0
2026-01-23,8.98,9.04,9.08,8.98,86515.0,78159080.0,0.5561735261401468,0.049999999999998934,1.1135857461024459,0.0
2026-01-26,9.1,9.25,9.3,9.0,175532.0,161054944.0,2.3230088495575396,0.21000000000000085,3.333333333333341,0.0
2026-01-27,9.2,9.08,9.2,8.84,121562.0,109241800.0,-1.8378378378378413,-0.16999999999999993,4.072398190045242,0.0
2026-01-28,9.06,8.81,9.07,8.8,95953.0,85270688.0,-2.9735682819383213,-0.2699999999999996,3.068181818181813,0.0
2026-01-29,8.87,8.72,8.88,8.66,79582.0,69628024.0,-1.0215664018161208,-0.08999999999999986,2.540415704387998,0.0
2026-01-30,8.72,8.8,8.86,8.69,56154.0,49327320.0,0.917431192660545,0.08000000000000007,1.9562715765247405,0.0
2026-02-02,8.8,9.21,9.45,8.72,259297.0,238136608.0,4.659090909090913,0.41000000000000014,8.371559633027507,0.0
2026-02-03,9.28,9.65,9.68,9.09,335015.0,314363744.0,4.777415852334421,0.4399999999999995,6.490649064906489,0.0
2026-02-04,9.55,9.93,9.95,9.43,367145.0,358395904.0,2.901554404145079,0.27999999999999936,5.514316012725341,0.0
2026-02-05,9.85,10.02,10.15,9.56,372550.0,369088576.0,0.9063444108761365,0.08999999999999986,6.17154811715481,0.0
2026-02-06,10.56,9.63,11.02,9.62,704263.0,723138240.0,-3.8922155688622673,-0.3899999999999988,14.553014553014556,0.0
2026-02-09,9.69,9.36,9.8,9.22,453820.0,428377856.0,-2.8037383177570208,-0.27000000000000135,6.29067245119306,0.0
2026-02-10,9.36,9.43,9.64,9.22,265117.0,250445792.0,0.7478632478632452,0.07000000000000028,4.555314533622559,0.0
2026-02-11,9.42,9.22,9.45,9.22,149207.0,138961968.0,-2.2269353128313796,-0.20999999999999908,2.494577006507577,0.0
2026-02-12,9.22,9.11,9.32,9.08,111022.0,101801664.0,-1.1930585683297301,-0.11000000000000121,2.643171806167403,0.0
2026-02-13,9.08,8.96,9.21,8.96,115257.0,104358544.0,-1.6465422612513603,-0.14999999999999858,2.790178571428571,0.0
2026-02-24,9.0,9.05,9.09,8.94,118849.0,107243728.0,1.0044642857142794,0.08999999999999986,1.6778523489932928,0.0
2026-02-25,9.1,9.1,9.18,9.02,104888.0,95677880.0,0.5524861878452914,0.049999999999998934,1.7738359201773852,0.0
2026-02-26,9.12,9.04,9.17,9.0,89571.0,81108808.0,-0.6593406593406681,-0.0600000000000005,1.8888888888888882,0.0
2026-02-27,9.01,9.05,9.05,8.98,60342.0,54428576.0,0.11061946902657382,0.010000000000001563,0.7795100222717181,0.0
2026-03-02,8.9,8.77,8.94,8.65,135110.0,118537256.0,-3.0939226519337115,-0.28000000000000114,3.3526011560693543,0.0
2026-03-03,8.77,8.62,8.89,8.61,93652.0,81904520.0,-1.710376282782211,-0.15000000000000036,3.252032520325217,0.0
2026-03-04,8.56,8.45,8.59,8.37,86578.0,73406512.0,-1.9721577726218076,-0.16999999999999993,2.6284348864994107,0.0
2026-03-05,8.58,8.59,8.66,8.52,62243.0,53491472.0,1.6568047337278236,0.14000000000000057,1.6431924882629174,0.0
2026-03-06,8.57,8.79,8.8,8.51,68306.0,59544188.0,2.3282887077997527,0.1999999999999993,3.407755581668636,0.0
2026-03-09,8.71,8.91,8.91,8.71,83246.0,73745184.0,1.3651877133106005,0.120000000000001,2.2962112514351234,0.0
2026-03-10,8.92,9.15,9.16,8.91,99509.0,90053976.0,2.6936026936027035,0.2400000000000002,2.8058361391694726,0.0
2026-03-11,9.14,8.98,9.15,8.9,81046.0,72757360.0,-1.857923497267755,-0.16999999999999993,2.8089887640449436,0.0
2026-03-12,8.94,8.96,8.98,8.9,56481.0,50471528.0,-0.22271714922048602,-0.019999999999999574,0.8988764044943828,0.0
2026-03-13,8.95,8.87,9.02,8.85,47061.0,42062592.0,-1.0044642857143016,-0.09000000000000163,1.9209039548022593,0.0
2026-03-16,8.86,8.96,9.0,8.86,45023.0,40258656.0,1.0146561443066693,0.09000000000000163,1.5801354401805936,0.0
2026-03-17,8.97,8.88,9.04,8.86,56741.0,50799484.0,-0.8928571428571397,-0.08000000000000007,2.0316027088036086,0.0
2026-03-18,8.84,8.95,8.96,8.76,52284.0,46343360.0,0.7882882882882747,0.06999999999999851,2.2831050228310628,0.0
2026-03-19,8.87,8.75,8.93,8.72,42816.0,37691524.0,-2.2346368715083775,-0.1999999999999993,2.4082568807339344,0.0
2026-03-20,8.75,8.54,8.84,8.53,52470.0,45325452.0,-2.4000000000000132,-0.21000000000000085,3.6342321219226323,0.0
2026-03-23,8.39,7.94,8.5,7.85,109574.0,88784000.0,-7.0257611241217655,-0.5999999999999988,8.280254777070068,0.0
2026-03-24,8.09,8.34,8.35,7.98,75322.0,61567804.0,5.037783375314864,0.39999999999999947,4.636591478696732,0.0
2026-03-25,8.39,8.38,8.42,8.29,44219.0,36985796.0,0.4796163069544557,0.040000000000000924,1.5681544028950638,0.0
2026-03-26,8.38,8.31,8.5,8.29,35839.0,30028604.0,-0.835322195704058,-0.07000000000000028,2.533172496984329,0.0
2026-03-27,8.25,8.57,8.58,8.2,52107.0,44131224.0,3.128760529482544,0.2599999999999998,4.634146341463424,0.0
2026-03-30,9.43,9.01,9.43,8.84,384733.0,351046848.0,5.134189031505243,0.4399999999999995,6.674208144796379,0.0
2026-03-31,8.97,8.85,9.32,8.78,260469.0,233581264.0,-1.7758046614872347,-0.16000000000000014,6.150341685649214,0.0
2026-04-01,8.88,8.99,9.06,8.73,198503.0,177033568.0,1.5819209039548143,0.14000000000000057,3.780068728522337,0.0
2026-04-02,8.97,8.92,9.05,8.85,120972.0,108339560.0,-0.7786429365962189,-0.07000000000000028,2.2598870056497296,0.0
2026-04-03,8.85,8.64,8.99,8.61,126978.0,111530360.0,-3.139013452914796,-0.27999999999999936,4.413472706155643,0.0
2026-04-07,8.71,8.89,8.98,8.55,122603.0,108196160.0,2.893518518518512,0.25,5.029239766081868,0.0
2026-04-08,8.99,8.92,9.05,8.86,99870.0,89146832.0,0.3374578177727683,0.02999999999999936,2.1444695259593827,0.0
2026-04-09,8.8,8.72,8.96,8.67,109975.0,96728240.0,-2.2421524663677084,-0.1999999999999993,3.3448673587082,0.0
2026-04-10,8.71,8.67,8.8,8.6,85779.0,74630496.0,-0.5733944954128489,-0.05000000000000071,2.32558139534885,0.0
2026-04-13,8.67,8.53,8.67,8.4,72243.0,61510632.0,-1.6147635524798254,-0.14000000000000057,3.214285714285709,0.0
2026-04-14,8.58,8.54,8.59,8.44,48353.0,41107072.0,0.11723329425556983,0.009999999999999787,1.7772511848341277,0.0
2026-04-15,8.57,8.65,8.75,8.51,68122.0,58916480.0,1.2880562060890055,0.11000000000000121,2.8202115158636922,0.0
2026-04-16,8.65,8.65,8.68,8.56,51894.0,44789248.0,0.0,0.0,1.4018691588784955,0.0
2026-04-17,8.66,8.43,8.66,8.38,65342.0,55456820.0,-2.543352601156079,-0.22000000000000064,3.3412887828162217,0.0
2026-04-20,8.43,8.46,8.46,8.36,38556.0,32451744.0,0.3558718861210064,0.030000000000001137,1.1961722488038447,0.0
2026-04-21,8.43,8.36,8.52,8.3,45967.0,38416872.0,-1.1820330969267268,-0.10000000000000142,2.65060240963854,0.0
2026-04-22,8.3,8.26,8.33,8.25,41386.0,34282876.0,-1.1961722488038284,-0.09999999999999964,0.9696969696969706,0.0
2026-04-23,8.22,8.19,8.26,8.13,43107.0,35247220.0,-0.8474576271186529,-0.07000000000000028,1.5990159901598893,0.0
2026-04-24,8.19,8.09,8.19,8.02,45096.0,36444000.0,-1.2210012210012167,-0.09999999999999964,2.119700748129675,0.0
2026-04-27,8.09,8.18,8.2,8.0,40757.0,33022444.0,1.1124845488257096,0.08999999999999986,2.499999999999991,0.0
2026-04-28,8.18,8.16,8.24,8.09,39838.0,32485150.0,-0.24449877750610804,-0.019999999999999574,1.8541409147095222,0.0
2026-04-29,8.15,8.22,8.29,8.08,38771.0,31905748.0,0.7352941176470562,0.0600000000000005,2.5990099009900876,0.0
2026-04-30,8.3,8.39,8.47,8.28,57264.0,48045116.0,2.0681265206812682,0.16999999999999993,2.2946859903381798,0.0
2026-05-06,8.45,8.34,8.5,8.29,44625.0,37213208.0,-0.5959475566150285,-0.05000000000000071,2.533172496984329,0.0
2026-05-07,8.34,8.34,8.39,8.28,36270.0,30209112.0,0.0,0.0,1.328502415458952,0.0
2026-05-08,8.38,8.4,8.51,8.33,41690.0,34999892.0,0.7194244604316502,0.0600000000000005,2.160864345738292,0.0
2026-05-11,8.36,8.39,8.4,8.28,64477.0,53676628.0,-0.11904761904761862,-0.009999999999999787,1.4492753623188528,0.0
2026-05-12,8.35,8.18,8.35,8.17,46170.0,38053704.0,-2.5029797377830842,-0.21000000000000085,2.2031823745410004,0.0
2026-05-13,8.18,8.09,8.22,8.09,40938.0,33320236.0,-1.1002444987775029,-0.08999999999999986,1.6069221260815918,0.0
2026-05-14,8.09,7.9,8.19,7.88,71009.0,56555396.0,-2.3485784919653807,-0.1899999999999995,3.934010152284259,0.0
2026-05-15,7.9,7.85,7.95,7.79,43612.0,34342640.0,-0.6329113924050778,-0.05000000000000071,2.0539152759948673,0.0
2026-05-18,7.85,7.81,7.86,7.72,35603.0,27667872.0,-0.5095541401273884,-0.040000000000000036,1.8134715025906811,0.0
2026-05-19,7.8,7.9,7.92,7.8,28436.0,22350130.0,1.1523687580025754,0.09000000000000075,1.5384615384615399,0.0
2026-05-20,7.89,7.76,7.89,7.72,30459.0,23650480.0,-1.7721518987341867,-0.14000000000000057,2.2020725388601026,0.0
2026-05-21,7.75,7.54,7.85,7.53,39111.0,30043552.0,-2.8350515463917536,-0.21999999999999975,4.249667994687907,0.0
2026-05-22,7.57,7.63,7.7,7.52,28468.0,21635186.0,1.1936339522546469,0.08999999999999986,2.393617021276604,0.0
2026-05-25,7.63,7.63,7.68,7.48,28991.0,21968006.0,0.0,0.0,2.6737967914438405,0.0
2026-05-26,7.59,7.54,7.66,7.48,35254.0,26634486.0,-1.1795543905635641,-0.08999999999999986,2.4064171122994615,0.0
2026-05-27,7.54,7.51,7.6,7.38,35201.0,26218386.0,-0.3978779840848823,-0.03000000000000025,2.9810298102980997,0.0
2026-05-28,7.43,7.7,7.72,7.4,59319.0,45165660.0,2.5299600532623145,0.1900000000000004,4.324324324324317,0.0
2026-05-29,7.7,7.78,7.85,7.6,64204.0,49751924.0,1.0389610389610393,0.08000000000000007,3.289473684210526,0.0
2026-06-01,7.76,7.84,7.88,7.64,46395.0,36108108.0,0.7712082262210762,0.05999999999999961,3.141361256544505,0.0
2026-06-02,7.83,7.75,7.89,7.7,41006.0,31911016.0,-1.1479591836734637,-0.08999999999999986,2.467532467532461,0.0
2026-06-03,7.74,7.68,7.75,7.63,35235.0,27074476.0,-0.903225806451613,-0.07000000000000028,1.572739187418088,0.0
2026-06-04,7.66,7.47,7.71,7.43,29758.0,22376534.0,-2.734375,-0.20999999999999996,3.7685060565275945,0.0
2026-06-05,7.47,7.58,7.63,7.45,26112.0,19750690.0,1.4725568942436373,0.11000000000000032,2.4161073825503316,0.0
2026-06-08,7.5,7.37,7.6,7.29,37317.0,27733862.0,-2.770448548812665,-0.20999999999999996,4.25240054869684,0.0
2026-06-09,7.37,7.35,7.53,7.33,29205.0,21613232.0,-0.27137042062416183,-0.020000000000000462,2.7285129604365648,0.0
2026-06-10,7.3,7.41,7.44,7.2,35309.0,25744476.0,0.8163265306122547,0.0600000000000005,3.333333333333336,0.0
2026-06-11,7.39,7.37,7.41,7.26,34154.0,25099956.0,-0.5398110661268607,-0.040000000000000036,2.066115702479344,0.0
2026-06-12,7.44,7.52,7.57,7.32,49858.0,37262148.0,2.0352781546811416,0.14999999999999947,3.415300546448087,0.0
2026-06-15,7.52,7.57,7.65,7.48,44237.0,33401236.0,0.6648936170212894,0.05000000000000071,2.2727272727272716,0.0
2026-06-16,7.56,7.58,7.63,7.42,30756.0,23098152.0,0.13210039630118242,0.009999999999999787,2.830188679245283,0.0
2026-06-17,7.58,7.51,7.73,7.48,49618.0,37688876.0,-0.9234828496042291,-0.07000000000000028,3.3422459893048124,0.0
2026-06-18,7.52,7.33,7.62,7.31,36815.0,27401298.0,-2.3968042609853524,-0.17999999999999972,4.240766073871416,0.0
2026-06-22,7.38,7.32,7.38,7.0,40571.0,28981456.0,-0.13642564802182067,-0.009999999999999787,5.428571428571427,0.0
2026-06-23,7.3,7.57,7.66,7.27,50088.0,37903784.0,3.4153005464480968,0.25,5.364511691884465,0.0
2026-06-24,7.58,7.35,7.62,7.32,33985.0,25307732.0,-2.9062087186261687,-0.22000000000000064,4.098360655737703,0.0
2026-06-25,7.31,7.21,7.33,7.04,35842.0,25661174.0,-1.904761904761898,-0.13999999999999968,4.1193181818181825,0.0
2026-06-26,7.19,7.03,7.23,6.99,35174.0,24826560.0,-2.496532593619971,-0.17999999999999972,3.433476394849788,0.0
2026-06-29,7.02,7.18,7.2,6.81,43128.0,30466858.0,2.1337126600284417,0.14999999999999947,5.726872246696043,0.0
2026-06-30,7.13,6.81,7.15,6.63,92944.0,63186800.0,-5.153203342618385,-0.3700000000000001,7.843137254901968,0.0
2026-07-01,6.77,7.05,7.07,6.68,60869.0,42283108.0,3.524229074889873,0.2400000000000002,5.838323353293422,0.0
2026-07-02,7.05,7.16,7.25,7.03,43913.0,31448126.0,1.5602836879432758,0.11000000000000032,3.129445234708389,0.0
2026-07-03,7.23,7.33,7.35,7.15,41119.0,29951256.0,2.3743016759776525,0.16999999999999993,2.7972027972027873,0.0
2026-07-06,7.3,7.45,7.5,7.28,40542.0,30139508.0,1.6371077762619368,0.1200000000000001,3.0219780219780183,0.0
2026-07-07,7.38,7.18,7.42,7.15,35647.0,25737102.0,-3.624161073825505,-0.27000000000000046,3.77622377622377,0.0
2026-07-08,7.16,7.2,7.31,7.07,26726.0,19227100.0,0.278551532033422,0.020000000000000462,3.394625176803385,0.0
2026-07-09,7.19,7.15,7.33,7.08,24444.0,17499422.0,-0.694444444444442,-0.04999999999999982,3.531073446327684,0.0
2026-07-10,7.15,7.21,7.35,7.04,38015.0,27511970.0,0.8391608391608241,0.05999999999999961,4.4034090909090855,0.0
2026-07-13,7.23,7.45,7.57,7.23,81465.0,60652224.0,3.328710124826628,0.2400000000000002,4.7026279391424595,0.0
2026-07-14,7.33,7.69,7.84,7.3,89543.0,68203376.0,3.2214765100671228,0.2400000000000002,7.397260273972603,0.0
2026-07-15,7.67,7.86,7.99,7.6,98131.0,77143032.0,2.2106631989596837,0.16999999999999993,5.131578947368428,0.0
2026-07-16,7.82,7.98,8.03,7.72,98183.0,77501120.0,1.526717557251911,0.1200000000000001,4.015544041450772,0.0
2026-07-17,7.9,7.81,8.07,7.71,90012.0,70670480.0,-2.130325814536349,-0.17000000000000082,4.669260700389109,0.0
2026-07-20,7.74,7.74,7.91,7.62,87265.0,67625472.0,-0.8962868117797673,-0.0699999999999994,3.8057742782152237,0.0
2026-07-21,7.8,7.65,7.8,7.41,77239.0,58534364.0,-1.1627906976744207,-0.08999999999999986,5.263157894736838,0.0
2026-07-22,7.65,7.58,7.83,7.54,61193.0,46913808.0,-0.9150326797385699,-0.07000000000000028,3.8461538461538463,0.0
2026-07-23,7.56,7.69,7.72,7.5,46060.0,35056636.0,1.451187335092352,0.11000000000000032,2.93333333333333,0.0
2026-07-24,7.69,7.46,7.84,7.46,39482.0,29988242.0,-2.990897269180759,-0.23000000000000043,5.093833780160857,0.0
2026-07-27,7.46,7.72,7.74,7.41,48979.0,37561560.0,3.4852546916890104,0.2599999999999998,4.453441295546559,0.0
2026-07-28,7.72,7.75,7.86,7.63,39137.0,30447486.0,0.38860103626943143,0.03000000000000025,3.0144167758846714,0.0
2026-07-29,7.75,7.71,7.85,7.68,39170.0,30393624.0,-0.5161290322580614,-0.040000000000000036,2.2135416666666656,0.0
2026-07-30,7.67,7.66,7.84,7.64,48040.0,37180180.0,-0.6485084306095956,-0.04999999999999982,2.6178010471204214,0.0
2026-07-31,7.64,7.72,7.82,7.64,44800.0,34475032.0,0.7832898172323688,0.05999999999999961,2.356020942408385,0.0
2026-08-03,7.72,7.82,7.83,7.68,27073.0,21101112.0,1.2953367875647714,0.10000000000000053,1.9531250000000049,0.0
