mode,code,date,grade,PT,TY,DN,DL,LK,SF,close,trigger,stop,risk,prbook_warn,triggered_20d,entry_20d,exit_20d,exit_date_20d,stopped_20d,r_20d
prebreak,002281,2020-01-02,S,S,A,C,S,S,A,29.1459,28.8100,27.5600,1.2500,,0,0.0000,0.0000,,0,0.0000
prebreak,300596,2020-01-03,S,S,A,C,S,S,A,33.7316,33.2700,31.7100,1.5600,,1,33.2700,31.7100,2020-02-03,1,-1.0156
prebreak,600372,2020-01-06,S,S,A,C,S,S,A,15.0036,13.9800,13.3100,0.6700,,0,0.0000,0.0000,,0,0.0000
prebreak,002142,2020-01-07,S,S,A,C,S,S,A,23.8339,23.1600,22.1700,0.9900,,0,0.0000,0.0000,,0,0.0000
prebreak,002558,2020-01-07,S,S,A,C,S,S,A,18.1192,16.7800,16.0100,0.7700,,1,16.7800,16.0100,2020-02-03,1,-1.0159
prebreak,300024,2020-01-07,S,S,A,C,S,S,A,14.7400,14.3900,13.7700,0.6200,,0,0.0000,0.0000,,0,0.0000
prebreak,002281,2020-01-09,S,S,A,C,S,S,A,30.4541,29.9600,28.5100,1.4500,,0,0.0000,0.0000,,0,0.0000
prebreak,300625,2020-01-10,S,S,A,C,S,S,A,13.7966,12.9900,12.2900,0.7000,,1,12.9900,12.2900,2020-02-03,1,-1.0135
prebreak,603899,2020-01-10,S,S,A,C,S,S,A,43.2551,41.8700,39.8400,2.0300,,0,0.0000,0.0000,,0,0.0000
prebreak,002223,2020-01-13,S,S,A,C,S,S,A,18.2773,18.5500,17.8200,0.7300,,1,18.5500,25.5847,2020-02-18,0,9.6112
prebreak,002253,2020-01-13,S,S,A,C,S,S,A,15.2265,14.7300,13.9500,0.7800,,0,0.0000,0.0000,,0,0.0000
prebreak,300718,2020-01-13,S,S,A,C,S,S,A,13.3340,12.8300,12.2400,0.5900,,1,12.8300,13.9717,2020-02-18,0,1.9174
prebreak,002142,2020-01-14,S,S,A,C,S,S,A,23.0883,24.0100,22.9800,1.0300,,0,0.0000,0.0000,,0,0.0000
prebreak,002558,2020-01-14,S,S,A,C,S,S,A,17.6842,16.7800,16.0100,0.7700,,1,16.7800,17.2128,2020-01-17,0,0.5452
prebreak,300024,2020-01-14,S,S,A,C,S,S,A,14.6400,14.9400,14.2500,0.6900,,1,14.9400,14.2500,2020-02-03,1,-1.0158
prebreak,600118,2020-01-14,S,S,A,C,S,S,A,22.0064,21.0300,20.2200,0.8100,,0,0.0000,0.0000,,0,0.0000
prebreak,002153,2020-01-15,S,S,A,C,S,S,A,15.7604,15.8100,15.1200,0.6900,,0,0.0000,0.0000,,0,0.0000
prebreak,300423,2020-01-15,S,S,A,C,S,S,A,13.3793,13.6700,13.0800,0.5900,,1,13.6700,13.0800,2020-02-03,1,-1.0170
prebreak,300642,2020-01-15,S,S,A,C,S,S,A,23.6989,22.2600,21.3100,0.9500,,0,0.0000,0.0000,,0,0.0000
prebreak,603578,2020-01-15,S,S,A,C,S,S,A,11.9141,10.7300,10.2200,0.5100,,1,10.7300,11.7382,2020-01-20,0,1.9596
prebreak,300625,2020-01-17,S,S,A,C,S,S,A,13.5750,12.9900,12.2900,0.7000,,0,0.0000,0.0000,,0,0.0000
prebreak,600498,2020-01-17,S,S,A,C,S,S,A,26.1592,26.9100,25.9800,0.9300,,1,26.9100,27.6295,2020-02-24,0,0.7511
prebreak,603899,2020-01-17,S,S,A,C,S,S,A,43.7601,44.4400,42.8300,1.6100,,0,0.0000,0.0000,,0,0.0000
prebreak,001979,2020-01-20,S,S,A,C,S,S,A,14.8845,15.9000,15.2900,0.6100,,0,0.0000,0.0000,,0,0.0000
prebreak,603578,2020-01-22,S,S,A,C,S,S,A,11.3812,10.7300,10.2200,0.5100,,0,0.0000,0.0000,,0,0.0000
prebreak,001979,2020-02-04,S,S,A,C,S,S,A,13.0658,15.9000,15.2900,0.6100,,0,0.0000,0.0000,,0,0.0000
prebreak,002851,2020-02-04,S,S,A,C,S,S,A,20.5908,22.0800,21.0300,1.0500,,0,0.0000,0.0000,,0,0.0000
prebreak,300233,2020-02-04,S,S,A,C,S,S,A,17.2964,18.5100,17.7700,0.7400,,1,18.5100,17.7700,2020-02-28,1,-1.0184
prebreak,600315,2020-02-04,S,S,A,C,S,S,A,24.7334,30.2700,28.9800,1.2900,,0,0.0000,0.0000,,0,0.0000
prebreak,000776,2020-02-05,S,S,A,C,S,S,A,11.3919,13.0400,12.4800,0.5600,,1,13.0400,12.8876,2020-02-24,0,-0.2897
prebreak,002142,2020-02-05,S,S,A,C,S,S,A,21.0461,23.2300,22.0900,1.1400,,0,0.0000,0.0000,,0,0.0000
prebreak,002302,2020-02-05,S,S,A,C,S,S,A,8.6141,10.9800,10.4400,0.5400,,1,10.9800,10.9643,2020-03-04,0,-0.0445
prebreak,603288,2020-02-05,S,S,A,C,S,S,A,45.2434,47.9300,45.8100,2.1200,,0,0.0000,0.0000,,0,0.0000
prebreak,603368,2020-02-05,S,S,A,C,S,S,A,21.6289,19.7200,18.9500,0.7700,,1,19.7200,20.7959,2020-02-10,0,1.3769
prebreak,002038,2020-02-06,S,S,A,C,S,S,A,14.2848,12.8400,12.1900,0.6500,,1,12.8400,13.3250,2020-02-11,0,0.7307
prebreak,601163,2020-02-06,S,S,A,C,S,S,A,11.5343,13.4100,12.7600,0.6500,,0,0.0000,0.0000,,0,0.0000
prebreak,603708,2020-02-06,S,S,A,C,S,S,A,21.2903,22.3000,21.2700,1.0300,,1,22.3000,21.2700,2020-02-24,1,-1.0158
prebreak,603919,2020-02-06,S,S,A,C,S,S,A,9.7210,12.4000,11.8600,0.5400,,0,0.0000,0.0000,,0,0.0000
prebreak,300520,2020-02-07,S,S,A,C,S,S,A,22.2779,18.8500,17.9500,0.9000,,1,18.8500,23.8692,2020-03-06,0,5.5574
prebreak,600104,2020-02-07,S,S,A,C,S,S,A,17.3027,20.7100,19.8600,0.8500,,0,0.0000,0.0000,,0,0.0000
prebreak,002468,2020-02-10,S,S,A,C,S,S,A,18.8723,19.7100,18.6600,1.0500,,1,19.7100,18.6600,2020-02-28,1,-1.0136
prebreak,002926,2020-02-10,S,S,A,C,S,S,A,9.7406,10.3500,9.8000,0.5500,,1,10.3500,10.9013,2020-03-09,0,0.9875
prebreak,300683,2020-02-10,S,S,A,C,S,S,A,30.2816,31.0600,30.0000,1.0600,,0,0.0000,0.0000,,0,0.0000
prebreak,601211,2020-02-10,S,S,A,C,S,S,A,13.5854,15.4400,14.8500,0.5900,,1,15.4400,14.8500,2020-03-09,1,-1.0193
prebreak,603508,2020-02-10,S,S,A,C,S,S,A,20.9707,23.4800,22.5200,0.9600,,1,23.4800,22.5200,2020-02-25,1,-1.0180
prebreak,002253,2020-02-11,S,S,A,C,S,S,A,13.2212,15.3500,14.8100,0.5400,,1,15.3500,14.8100,2020-02-26,1,-1.0210
prebreak,002851,2020-02-11,S,S,A,C,S,S,A,22.0373,22.0800,21.0300,1.0500,,0,0.0000,0.0000,,0,0.0000
prebreak,300233,2020-02-11,S,S,A,C,S,S,A,17.9751,18.5100,17.7700,0.7400,,0,0.0000,0.0000,,0,0.0000
prebreak,600315,2020-02-11,S,S,A,C,S,S,A,26.4088,30.2700,28.9800,1.2900,,0,0.0000,0.0000,,0,0.0000
prebreak,603858,2020-02-11,S,S,A,C,S,S,A,17.0995,18.3100,17.4200,0.8900,,1,18.3100,18.0927,2020-03-10,0,-0.2597
prebreak,002142,2020-02-12,S,S,A,C,S,S,A,21.1920,23.2300,22.0900,1.1400,,0,0.0000,0.0000,,0,0.0000
prebreak,002558,2020-02-12,S,S,A,C,S,S,A,16.7687,18.3700,17.4100,0.9600,,1,18.3700,17.4100,2020-02-26,1,-1.0139
prebreak,603288,2020-02-12,S,S,A,C,S,S,A,46.5833,47.9300,45.8100,2.1200,,0,0.0000,0.0000,,0,0.0000
prebreak,603368,2020-02-12,S,S,A,C,S,S,A,20.4455,19.7200,18.9500,0.7700,,0,0.0000,0.0000,,0,0.0000
prebreak,002262,2020-02-17,S,S,A,C,S,S,A,10.5991,11.2200,10.6900,0.5300,,1,11.2200,10.6900,2020-03-12,1,-1.0155
prebreak,002926,2020-02-17,S,S,A,C,S,S,A,9.9635,10.3500,9.8000,0.5500,,1,10.3500,10.0470,2020-03-16,0,-0.5648
prebreak,600111,2020-02-17,S,S,A,C,S,S,A,9.7016,10.7500,10.2000,0.5500,,0,0.0000,0.0000,,0,0.0000
prebreak,600660,2020-02-17,S,S,A,C,S,S,A,20.7567,20.9600,20.2600,0.7000,,0,0.0000,0.0000,,0,0.0000
prebreak,601211,2020-02-17,S,S,A,C,S,S,A,14.3110,13.8600,13.3100,0.5500,,0,0.0000,0.0000,,0,0.0000
prebreak,601233,2020-02-17,S,S,A,C,S,S,A,13.2626,13.3400,12.7800,0.5600,,0,0.0000,0.0000,,0,0.0000
prebreak,603508,2020-02-17,S,S,A,C,S,S,A,21.4352,21.5000,20.5200,0.9800,,1,21.5000,22.2199,2020-03-16,0,0.7174
prebreak,001979,2020-02-18,S,S,A,C,S,S,A,14.3102,15.9000,15.2900,0.6100,,0,0.0000,0.0000,,0,0.0000
prebreak,002232,2020-02-18,S,S,A,C,S,S,A,9.0288,10.2100,9.7000,0.5100,,1,10.2100,9.7000,2020-03-17,1,-1.0146
prebreak,002727,2020-02-18,S,S,A,C,S,S,A,20.5657,21.2400,20.1300,1.1100,,0,0.0000,0.0000,,0,0.0000
prebreak,600315,2020-02-18,S,S,A,C,S,S,A,26.6928,26.8800,25.7000,1.1800,,0,0.0000,0.0000,,0,0.0000
prebreak,600323,2020-02-18,S,S,A,C,S,S,A,17.2694,17.4500,16.6400,0.8100,,0,0.0000,0.0000,,0,0.0000
prebreak,600329,2020-02-18,S,S,A,C,S,S,A,10.5536,11.1300,10.5900,0.5400,,0,0.0000,0.0000,,0,0.0000
prebreak,603260,2020-02-18,S,S,A,C,S,S,A,27.1699,29.1500,27.7400,1.4100,,1,29.1500,27.7400,2020-03-09,1,-1.0151
prebreak,000776,2020-02-19,S,S,A,C,S,S,A,12.5137,13.0400,12.4800,0.5600,,1,13.0400,12.8876,2020-02-24,0,-0.2897
prebreak,000777,2020-02-19,S,S,A,C,S,S,A,11.3770,10.8900,10.3600,0.5300,,0,0.0000,0.0000,,0,0.0000
prebreak,002142,2020-02-19,S,S,A,C,S,S,A,21.2811,21.8600,20.8400,1.0200,,0,0.0000,0.0000,,0,0.0000
prebreak,002302,2020-02-19,S,S,A,C,S,S,A,9.6200,10.9800,10.4400,0.5400,,1,10.9800,10.9643,2020-03-05,0,-0.0445
prebreak,002558,2020-02-19,S,S,A,C,S,S,A,16.3155,16.7900,16.1200,0.6700,,1,16.7900,16.1200,2020-03-10,1,-1.0184
prebreak,603288,2020-02-19,S,S,A,C,S,S,A,45.1738,46.8000,44.6600,2.1400,,1,46.8000,44.6600,2020-03-09,1,-1.0160
prebreak,603368,2020-02-19,S,S,A,C,S,S,A,19.8250,20.5300,19.7000,0.8300,,0,0.0000,0.0000,,0,0.0000
prebreak,002025,2020-02-20,S,S,A,C,S,S,A,26.1819,26.3800,25.0500,1.3300,,1,26.3800,25.0500,2020-02-28,1,-1.0144
prebreak,002038,2020-02-20,S,S,A,C,S,S,A,12.9523,12.8400,12.1900,0.6500,,0,0.0000,0.0000,,0,0.0000
prebreak,300423,2020-02-20,S,S,A,C,S,S,A,13.3598,13.6800,12.9600,0.7200,,1,13.6800,12.9600,2020-02-25,1,-1.0138
prebreak,300619,2020-02-20,S,S,A,C,S,S,A,11.3692,11.0800,10.5800,0.5000,,0,0.0000,0.0000,,0,0.0000
prebreak,600549,2020-02-20,S,S,A,C,S,S,A,11.8500,11.9500,11.4500,0.5000,,0,0.0000,0.0000,,0,0.0000
prebreak,600690,2020-02-20,S,S,A,C,S,S,A,16.1430,16.1900,15.3700,0.8200,,0,0.0000,0.0000,,0,0.0000
prebreak,600999,2020-02-20,S,S,A,C,S,S,A,13.5568,12.7200,12.0800,0.6400,,1,12.7200,13.1779,2020-02-25,0,0.6999
prebreak,601163,2020-02-20,S,S,A,C,S,S,A,12.0988,11.9700,11.3700,0.6000,,0,0.0000,0.0000,,0,0.0000
prebreak,601628,2020-02-20,S,S,A,C,S,S,A,28.1486,27.9000,26.6700,1.2300,,0,0.0000,0.0000,,0,0.0000
prebreak,600104,2020-02-21,S,S,A,C,S,S,A,19.4197,17.8700,17.0400,0.8300,,0,0.0000,0.0000,,0,0.0000
prebreak,600976,2020-02-21,S,S,A,C,S,S,A,15.8426,16.3700,15.7000,0.6700,,0,0.0000,0.0000,,0,0.0000
prebreak,601869,2020-02-21,S,S,A,C,S,S,A,30.6932,33.4500,31.7500,1.7000,,1,33.4500,31.7500,2020-02-28,1,-1.0143
prebreak,300625,2020-02-24,S,S,A,C,S,S,A,13.2922,12.2500,11.6700,0.5800,,0,0.0000,0.0000,,0,0.0000
prebreak,600111,2020-02-24,S,S,A,C,S,S,A,9.7307,10.7500,10.2000,0.5500,,0,0.0000,0.0000,,0,0.0000
prebreak,600271,2020-02-24,S,S,A,C,S,S,A,23.2172,22.5200,21.4300,1.0900,,1,22.5200,21.4300,2020-03-09,1,-1.0151
prebreak,600298,2020-02-24,S,S,A,C,S,S,A,26.9205,25.6900,24.4000,1.2900,,1,25.6900,27.7604,2020-03-23,0,1.5888
prebreak,600498,2020-02-24,S,S,A,C,S,S,A,27.6295,23.9600,22.8400,1.1200,,1,23.9600,36.0883,2020-03-23,0,10.8057
prebreak,600648,2020-02-24,S,S,A,C,S,S,A,12.4848,12.8000,12.2000,0.6000,,0,0.0000,0.0000,,0,0.0000
prebreak,600660,2020-02-24,S,S,A,C,S,S,A,20.6582,20.9000,20.1600,0.7400,,0,0.0000,0.0000,,0,0.0000
prebreak,603367,2020-02-24,S,S,A,C,S,S,A,14.9062,15.0900,14.3700,0.7200,,0,0.0000,0.0000,,0,0.0000
prebreak,603508,2020-02-24,S,S,A,C,S,S,A,23.8438,21.5000,20.5200,0.9800,,1,21.5000,20.5200,2020-03-19,1,-1.0160
prebreak,603638,2020-02-24,S,S,A,C,S,S,A,14.8446,15.0600,14.2600,0.8000,,0,0.0000,0.0000,,0,0.0000
prebreak,603899,2020-02-24,S,S,A,C,S,S,A,41.0958,42.2200,40.5600,1.6600,,0,0.0000,0.0000,,0,0.0000
prebreak,002727,2020-02-25,S,S,A,C,S,S,A,20.0140,20.7900,19.7700,1.0200,,1,20.7900,20.9395,2020-03-24,0,0.1309
prebreak,002832,2020-02-25,S,S,A,C,S,S,A,11.4692,13.6100,13.0300,0.5800,,0,0.0000,0.0000,,0,0.0000
prebreak,300149,2020-02-25,S,S,A,C,S,S,A,14.9325,14.0000,13.3500,0.6500,,0,0.0000,0.0000,,0,0.0000
prebreak,600048,2020-02-25,S,S,A,C,S,S,A,11.7399,12.4100,11.7700,0.6400,,1,12.4100,11.7700,2020-03-16,1,-1.0141
prebreak,600329,2020-02-25,S,S,A,C,S,S,A,10.6839,10.7100,10.1700,0.5400,,0,0.0000,0.0000,,0,0.0000
prebreak,601966,2020-02-25,S,S,A,C,S,S,A,21.4633,22.1900,21.3800,0.8100,,0,0.0000,0.0000,,0,0.0000
prebreak,603589,2020-02-25,S,S,A,C,S,S,A,37.2459,38.3000,36.2800,2.0200,,0,0.0000,0.0000,,0,0.0000
prebreak,603698,2020-02-25,S,S,A,C,S,S,A,11.2937,11.3000,10.7200,0.5800,,0,0.0000,0.0000,,0,0.0000
prebreak,603858,2020-02-25,S,S,A,C,S,S,A,19.2183,17.7200,16.9900,0.7300,,0,0.0000,0.0000,,0,0.0000
prebreak,000623,2020-02-26,S,S,A,C,S,S,A,14.3960,14.5300,13.8000,0.7300,,0,0.0000,0.0000,,0,0.0000
prebreak,000777,2020-02-26,S,S,A,C,S,S,A,11.6027,10.8900,10.3600,0.5300,,0,0.0000,0.0000,,0,0.0000
prebreak,002393,2020-02-26,S,S,A,C,S,S,A,14.4214,14.4500,13.7600,0.6900,,0,0.0000,0.0000,,0,0.0000
prebreak,002558,2020-02-26,S,S,A,C,S,S,A,17.3850,16.7900,16.1000,0.6900,,0,0.0000,0.0000,,0,0.0000
prebreak,300142,2020-02-26,S,S,A,C,S,S,A,29.1189,30.0200,28.5800,1.4400,,1,30.0200,28.5800,2020-03-17,1,-1.0152
prebreak,600085,2020-02-26,S,S,A,C,S,S,A,24.6905,25.6100,24.6200,0.9900,,0,0.0000,0.0000,,0,0.0000
prebreak,603368,2020-02-26,S,S,A,C,S,S,A,19.4114,20.2000,19.2600,0.9400,,0,0.0000,0.0000,,0,0.0000
prebreak,002462,2020-02-27,S,S,A,C,S,S,A,13.7284,13.9800,13.4500,0.5300,,1,13.9800,13.4500,2020-03-10,1,-1.0194
prebreak,300423,2020-02-27,S,S,A,C,S,S,A,12.9399,13.7800,13.0600,0.7200,,1,13.7800,13.0600,2020-03-13,1,-1.0139
prebreak,600196,2020-02-27,S,S,A,C,S,S,A,25.8796,24.9100,23.8900,1.0200,,0,0.0000,0.0000,,0,0.0000
prebreak,600690,2020-02-27,S,S,A,C,S,S,A,15.2115,16.1900,15.3700,0.8200,,0,0.0000,0.0000,,0,0.0000
prebreak,600999,2020-02-27,S,S,A,C,S,S,A,13.1288,12.7200,12.0800,0.6400,,0,0.0000,0.0000,,0,0.0000
prebreak,603919,2020-02-27,S,S,A,C,S,S,A,10.6482,10.3600,9.8500,0.5100,,0,0.0000,0.0000,,0,0.0000
prebreak,603332,2020-03-02,S,S,A,C,S,S,A,13.2216,12.2700,11.6700,0.6000,,1,12.2700,11.6700,2020-03-13,1,-1.0149
prebreak,002727,2020-03-03,S,S,A,C,S,S,A,19.6224,20.7900,19.7700,1.0200,,1,20.7900,23.0129,2020-03-31,0,2.1625
prebreak,600887,2020-03-03,S,S,A,C,S,S,A,23.3833,23.6400,22.5900,1.0500,,0,0.0000,0.0000,,0,0.0000
prebreak,000623,2020-03-04,S,S,A,C,S,S,A,14.5913,14.5300,13.8000,0.7300,,1,14.5300,14.1329,2020-03-09,0,-0.5588
prebreak,000777,2020-03-04,S,S,A,C,S,S,A,11.8848,10.8900,10.3600,0.5300,,1,10.8900,10.3600,2020-03-16,1,-1.0150
prebreak,002558,2020-03-04,S,S,A,C,S,S,A,17.5029,16.7900,16.1000,0.6900,,0,0.0000,0.0000,,0,0.0000
prebreak,600085,2020-03-04,S,S,A,C,S,S,A,24.2158,24.9900,23.8100,1.1800,,0,0.0000,0.0000,,0,0.0000
prebreak,603790,2020-03-04,S,S,A,C,S,S,A,13.3922,13.8400,13.2300,0.6100,,1,13.8400,14.2569,2020-04-01,0,0.6657
prebreak,000999,2020-03-05,S,S,A,C,S,S,A,16.7030,16.9700,16.1100,0.8600,,0,0.0000,0.0000,,0,0.0000
prebreak,002038,2020-03-05,S,S,A,C,S,S,A,12.5330,12.6500,12.0100,0.6400,,0,0.0000,0.0000,,0,0.0000
prebreak,002462,2020-03-05,S,S,A,C,S,S,A,14.0155,13.8200,13.2000,0.6200,,0,0.0000,0.0000,,0,0.0000
prebreak,600196,2020-03-05,S,S,A,C,S,S,A,26.4609,24.9100,23.8900,1.0200,,0,0.0000,0.0000,,0,0.0000
prebreak,600690,2020-03-05,S,S,A,C,S,S,A,15.8011,16.1900,15.3700,0.8200,,0,0.0000,0.0000,,0,0.0000
prebreak,600999,2020-03-05,S,S,A,C,S,S,A,13.4656,12.7200,12.0800,0.6400,,0,0.0000,0.0000,,0,0.0000
prebreak,002727,2020-03-10,S,S,A,C,S,S,A,19.4444,20.1800,19.2700,0.9100,,1,20.1800,23.9295,2020-04-08,0,4.1009
prebreak,300491,2020-03-10,S,S,A,C,S,S,A,13.9950,12.1200,11.5200,0.6000,,1,12.1200,13.3775,2020-04-08,0,2.0792
prebreak,600887,2020-03-10,S,S,A,C,S,S,A,23.4147,23.8500,22.5900,1.2600,,0,0.0000,0.0000,,0,0.0000
prebreak,601966,2020-03-10,S,S,A,C,S,S,A,19.6702,22.1900,21.3800,0.8100,,0,0.0000,0.0000,,0,0.0000
prebreak,603858,2020-03-10,S,S,A,C,S,S,A,18.0927,17.7200,16.9900,0.7300,,0,0.0000,0.0000,,0,0.0000
prebreak,002727,2020-03-17,S,S,A,C,S,S,A,16.9972,20.1800,19.2700,0.9100,,1,20.1800,23.5647,2020-04-15,0,3.7002
prebreak,600887,2020-03-17,S,S,A,C,S,S,A,21.7618,23.8500,22.5900,1.2600,,0,0.0000,0.0000,,0,0.0000
prebreak,603858,2020-03-17,S,S,A,C,S,S,A,16.3215,17.7200,16.9900,0.7300,,1,17.7200,17.7450,2020-04-15,0,0.0158
prebreak,000333,2020-03-19,S,S,A,C,S,S,A,36.8965,41.9900,40.0000,1.9900,,0,0.0000,0.0000,,0,0.0000
prebreak,601336,2020-03-20,S,S,A,C,S,S,A,30.7617,35.2900,33.9300,1.3600,,0,0.0000,0.0000,,0,0.0000
prebreak,600887,2020-03-24,S,S,A,C,S,S,A,22.2083,23.8500,22.5900,1.2600,,0,0.0000,0.0000,,0,0.0000
prebreak,600900,2020-03-24,S,S,A,C,S,S,A,13.3255,14.0400,13.3300,0.7100,,0,0.0000,0.0000,,0,0.0000
prebreak,000623,2020-03-25,S,S,A,C,S,S,A,13.3605,13.4900,12.9000,0.5900,,0,0.0000,0.0000,,0,0.0000
prebreak,600887,2020-03-31,S,S,A,C,S,S,A,23.3912,22.9500,21.8200,1.1300,,0,0.0000,0.0000,,0,0.0000
prebreak,000538,2020-04-01,S,S,A,C,S,S,A,47.2934,46.6000,44.2700,2.3300,,0,0.0000,0.0000,,0,0.0000
prebreak,000623,2020-04-01,S,S,A,C,S,S,A,13.2162,13.9600,13.2900,0.6700,,0,0.0000,0.0000,,0,0.0000
prebreak,000768,2020-04-01,S,S,A,C,S,S,A,15.0451,17.0900,16.2100,0.8800,,0,0.0000,0.0000,,0,0.0000
prebreak,300741,2020-04-02,S,S,A,C,S,S,A,23.1100,23.7400,22.5200,1.2200,,0,0.0000,0.0000,,0,0.0000
prebreak,600271,2020-04-07,S,S,A,C,S,S,A,18.4039,18.5400,17.7600,0.7800,,0,0.0000,0.0000,,0,0.0000
prebreak,600660,2020-04-07,S,S,A,C,S,S,A,15.6168,15.9300,15.1500,0.7800,,0,0.0000,0.0000,,0,0.0000
prebreak,601211,2020-04-07,S,S,A,C,S,S,A,13.4564,13.5500,13.0400,0.5100,,0,0.0000,0.0000,,0,0.0000
prebreak,600887,2020-04-08,S,S,A,C,S,S,A,23.4460,22.9500,21.8200,1.1300,,0,0.0000,0.0000,,0,0.0000
prebreak,603856,2020-04-08,S,S,A,C,S,S,A,9.7690,10.1800,9.6700,0.5100,,1,10.1800,10.9322,2020-05-11,0,1.4588
prebreak,000623,2020-04-09,S,S,A,C,S,S,A,13.5387,13.7200,13.1400,0.5800,,0,0.0000,0.0000,,0,0.0000
prebreak,603222,2020-04-13,S,S,A,C,S,S,A,33.0073,38.3200,36.8500,1.4700,,0,0.0000,0.0000,,0,0.0000
prebreak,000623,2020-04-16,S,S,A,C,S,S,A,13.6745,13.7400,13.2300,0.5100,,0,0.0000,0.0000,,0,0.0000
prebreak,601211,2020-04-21,S,S,A,C,S,S,A,13.4564,13.7600,13.2400,0.5200,,0,0.0000,0.0000,,0,0.0000
prebreak,600835,2020-04-22,S,S,A,C,S,S,A,12.5916,12.1000,11.5000,0.6000,,0,0.0000,0.0000,,0,0.0000
prebreak,000623,2020-04-23,S,S,A,C,S,S,A,13.5812,13.8200,13.3100,0.5100,,0,0.0000,0.0000,,0,0.0000
prebreak,603868,2020-04-30,S,S,A,C,S,S,A,29.7147,32.1300,30.5600,1.5700,,1,32.1300,37.3858,2020-06-02,0,3.3300
prebreak,300741,2020-05-06,S,S,A,C,S,S,A,24.2001,25.0800,24.0100,1.0700,,0,0.0000,0.0000,,0,0.0000
prebreak,600668,2020-05-06,S,S,A,C,S,S,A,11.4595,11.0400,10.5400,0.5000,,0,0.0000,0.0000,,0,0.0000
prebreak,600835,2020-05-11,S,S,A,C,S,S,A,12.6591,12.7700,12.1700,0.6000,,1,12.7700,12.7097,2020-06-02,0,-0.1166
prebreak,600835,2020-05-18,S,S,A,C,S,S,A,11.8489,12.7700,12.1700,0.6000,,1,12.7700,12.7097,2020-06-02,0,-0.1166
prebreak,600323,2020-05-25,S,S,A,C,S,S,A,18.4942,19.2900,18.4200,0.8700,,0,0.0000,0.0000,,0,0.0000
prebreak,002025,2020-05-27,S,S,A,C,S,S,A,26.5405,27.1400,25.9300,1.2100,,1,27.1400,26.6181,2020-06-03,0,-0.4481
prebreak,603515,2020-05-27,S,S,A,C,S,S,A,20.0931,19.7000,18.9500,0.7500,,1,19.7000,21.5003,2020-06-24,0,2.3790
prebreak,600323,2020-06-01,S,S,A,C,S,S,A,19.7802,19.2900,18.4200,0.8700,,0,0.0000,0.0000,,0,0.0000
prebreak,600535,2020-06-02,S,S,A,C,S,S,A,12.3442,12.5200,12.0200,0.5000,,1,12.5200,12.2104,2020-06-05,0,-0.6378
prebreak,603515,2020-06-03,S,S,A,C,S,S,A,20.1478,19.7000,18.9500,0.7500,,0,0.0000,0.0000,,0,0.0000
prebreak,603351,2020-06-04,S,S,A,C,S,S,A,23.4926,21.5600,20.4700,1.0900,,1,21.5600,21.0274,2020-06-09,0,-0.5034
prebreak,300531,2020-06-05,S,S,A,C,S,S,A,17.3227,17.0800,16.2900,0.7900,,1,17.0800,16.7061,2020-06-10,0,-0.4894
prebreak,601966,2020-06-08,S,S,A,C,S,S,A,17.8861,17.8400,16.9200,0.9200,,0,0.0000,0.0000,,0,0.0000
prebreak,002032,2020-06-09,S,S,A,C,S,S,A,50.6555,51.1700,48.5900,2.5800,,0,0.0000,0.0000,,0,0.0000
prebreak,600535,2020-06-09,S,S,A,C,S,S,A,12.4444,12.5200,12.0200,0.5000,,1,12.5200,15.4568,2020-07-09,0,5.8509
prebreak,600848,2020-06-09,S,S,A,C,S,S,A,15.9896,15.3000,14.5100,0.7900,,0,0.0000,0.0000,,0,0.0000
prebreak,603515,2020-06-10,S,S,A,C,S,S,A,21.1094,19.7000,18.9500,0.7500,,0,0.0000,0.0000,,0,0.0000
prebreak,600482,2020-06-11,S,S,A,C,S,S,A,15.3202,15.8600,15.2100,0.6500,,1,15.8600,17.7676,2020-07-13,0,2.9144
prebreak,603351,2020-06-11,S,S,A,C,S,S,A,21.3013,21.5600,20.4700,1.0900,,0,0.0000,0.0000,,0,0.0000
prebreak,300531,2020-06-12,S,S,A,C,S,S,A,17.3619,17.0800,16.2900,0.7900,,1,17.0800,22.4608,2020-07-14,0,6.7904
prebreak,300549,2020-06-15,S,S,A,C,S,S,A,10.6711,11.2100,10.7100,0.5000,,0,0.0000,0.0000,,0,0.0000
prebreak,601601,2020-06-15,S,S,A,C,S,S,A,21.7503,22.3800,21.2900,1.0900,,0,0.0000,0.0000,,0,0.0000
prebreak,601966,2020-06-15,S,S,A,C,S,S,A,18.0790,17.8400,16.9200,0.9200,,0,0.0000,0.0000,,0,0.0000
prebreak,601088,2020-06-16,S,S,A,C,S,S,A,9.6743,10.3800,9.8800,0.5000,,1,10.3800,10.3743,2020-07-16,0,-0.0271
prebreak,603515,2020-06-17,S,S,A,C,S,S,A,21.4534,20.3800,19.6800,0.7000,,0,0.0000,0.0000,,0,0.0000
prebreak,601966,2020-06-22,S,S,A,C,S,S,A,18.9673,17.8400,16.9200,0.9200,,0,0.0000,0.0000,,0,0.0000
prebreak,601601,2020-07-01,S,S,A,C,S,S,A,22.4568,22.5000,21.3600,1.1400,,1,22.5000,23.8062,2020-07-29,0,1.1301
prebreak,002032,2020-07-02,S,S,A,C,S,S,A,56.8382,51.3200,49.0500,2.2700,,1,51.3200,63.9046,2020-07-30,0,5.5232
prebreak,601336,2020-07-06,S,S,A,C,S,S,A,43.3297,35.7600,34.0700,1.6900,,1,35.7600,42.4649,2020-08-03,0,3.9488
prebreak,603351,2020-07-06,S,S,A,C,S,S,A,23.1000,21.8800,21.0800,0.8000,,1,21.8800,34.1843,2020-08-03,0,15.3499
prebreak,601601,2020-07-08,S,S,A,C,S,S,A,26.8068,22.5000,21.3600,1.1400,,1,22.5000,24.0047,2020-08-05,0,1.3041
prebreak,601966,2020-07-08,S,S,A,C,S,S,A,19.8000,19.5600,18.6500,0.9100,,0,0.0000,0.0000,,0,0.0000
prebreak,600036,2020-07-09,S,S,A,C,S,S,A,29.4000,25.6900,24.3400,1.3500,,1,25.6900,28.1165,2020-08-06,0,1.7818
prebreak,000651,2020-07-13,S,S,A,C,S,S,A,40.6462,39.9300,38.2100,1.7200,,0,0.0000,0.0000,,0,0.0000
prebreak,300584,2020-07-13,S,S,A,C,S,S,A,26.3318,24.9500,24.1000,0.8500,,0,0.0000,0.0000,,0,0.0000
prebreak,600299,2020-07-13,S,S,A,C,S,S,A,12.3896,11.4200,10.8600,0.5600,,0,0.0000,0.0000,,0,0.0000
prebreak,000651,2020-07-20,S,S,A,C,S,S,A,40.2906,39.9300,38.2100,1.7200,,0,0.0000,0.0000,,0,0.0000
prebreak,300584,2020-07-20,S,S,A,C,S,S,A,24.8358,24.9500,24.1000,0.8500,,0,0.0000,0.0000,,0,0.0000
prebreak,600299,2020-07-20,S,S,A,C,S,S,A,11.9426,11.4200,10.8600,0.5600,,0,0.0000,0.0000,,0,0.0000
prebreak,600036,2020-07-23,S,S,A,C,S,S,A,27.0380,25.6900,24.3400,1.3500,,0,0.0000,0.0000,,0,0.0000
prebreak,601318,2020-07-23,S,S,A,C,S,S,A,59.6124,55.5700,53.3100,2.2600,,0,0.0000,0.0000,,0,0.0000
prebreak,601336,2020-07-27,S,S,A,C,S,S,A,40.2208,35.7600,34.0700,1.6900,,0,0.0000,0.0000,,0,0.0000
prebreak,000001,2020-07-28,S,S,A,C,S,S,A,10.6606,10.5300,9.9900,0.5400,,0,0.0000,0.0000,,0,0.0000
prebreak,600036,2020-07-30,S,S,A,C,S,S,A,26.2481,26.9000,25.7800,1.1200,,1,26.9000,28.0253,2020-08-27,0,0.9859
prebreak,002462,2020-07-31,S,S,A,C,S,S,A,14.2529,13.2200,12.5900,0.6300,,1,13.2200,14.1991,2020-08-28,0,1.5372
prebreak,600663,2020-08-03,S,S,A,C,S,S,A,10.9032,10.9400,10.3900,0.5500,,0,0.0000,0.0000,,0,0.0000
prebreak,600663,2020-08-10,S,S,A,C,S,S,A,10.8174,11.2300,10.6700,0.5600,,0,0.0000,0.0000,,0,0.0000
prebreak,600668,2020-09-04,S,S,A,C,S,S,A,12.0908,12.6400,12.0300,0.6100,,0,0.0000,0.0000,,0,0.0000
prebreak,300780,2020-09-17,S,S,A,C,S,S,A,19.9534,18.7500,17.8000,0.9500,,0,0.0000,0.0000,,0,0.0000
prebreak,600977,2020-09-29,S,S,A,C,S,S,A,13.6248,14.5700,13.9100,0.6600,,0,0.0000,0.0000,,0,0.0000
prebreak,603657,2020-09-29,S,S,A,C,S,S,A,16.9523,17.3300,16.5000,0.8300,,1,17.3300,20.4708,2020-11-04,0,3.7659
prebreak,300349,2020-10-12,S,S,A,C,S,S,A,13.4027,13.1700,12.5800,0.5900,,0,0.0000,0.0000,,0,0.0000
prebreak,601163,2020-10-12,S,S,A,C,S,S,A,12.8583,12.5700,11.9100,0.6600,,0,0.0000,0.0000,,0,0.0000
prebreak,001979,2020-10-16,S,S,A,C,S,S,A,12.8323,13.1100,12.4900,0.6200,,0,0.0000,0.0000,,0,0.0000
prebreak,300349,2020-10-19,S,S,A,C,S,S,A,13.8844,13.7100,12.9900,0.7200,,1,13.7100,13.7382,2020-10-22,0,0.0246
prebreak,300349,2020-10-26,S,S,A,C,S,S,A,13.5145,13.7100,12.9900,0.7200,,0,0.0000,0.0000,,0,0.0000
prebreak,002422,2020-10-28,S,S,A,C,S,S,A,21.0067,20.6400,19.5800,1.0600,,1,20.6400,19.5800,2020-11-24,1,-1.0142
prebreak,300583,2020-10-28,S,S,A,C,S,S,A,18.8104,18.7000,17.8700,0.8300,,1,18.7000,17.8700,2020-10-30,1,-1.0165
prebreak,600977,2020-10-28,S,S,A,C,S,S,A,12.5238,14.1400,13.4700,0.6700,,0,0.0000,0.0000,,0,0.0000
prebreak,603228,2020-10-28,S,S,A,C,S,S,A,30.3019,32.5400,30.9300,1.6100,,0,0.0000,0.0000,,0,0.0000
prebreak,600487,2020-10-29,S,S,A,C,S,S,A,14.1158,14.7700,14.1200,0.6500,,1,14.7700,14.2596,2020-11-26,0,-0.8020
prebreak,300349,2020-11-02,S,S,A,C,S,S,A,12.9381,13.7100,12.9900,0.7200,,0,0.0000,0.0000,,0,0.0000
prebreak,600406,2020-11-02,S,S,A,C,S,S,A,11.3395,10.7200,10.1900,0.5300,,0,0.0000,0.0000,,0,0.0000
prebreak,300422,2020-11-03,S,S,A,C,S,S,A,11.1643,12.1100,11.6100,0.5000,,1,12.1100,11.8602,2020-11-19,0,-0.5178
prebreak,002422,2020-11-04,S,S,A,C,S,S,A,21.1216,21.5300,20.4500,1.0800,,0,0.0000,0.0000,,0,0.0000
prebreak,300583,2020-11-04,S,S,A,C,S,S,A,18.1784,18.7000,17.8700,0.8300,,0,0.0000,0.0000,,0,0.0000
prebreak,300771,2020-11-05,S,S,A,C,S,S,A,20.5971,21.0100,19.9100,1.1000,,1,21.0100,20.6573,2020-11-12,0,-0.3349
prebreak,600487,2020-11-05,S,S,A,C,S,S,A,14.7871,14.5600,13.8700,0.6900,,0,0.0000,0.0000,,0,0.0000
prebreak,601601,2020-11-05,S,S,A,C,S,S,A,25.6240,26.6900,25.4900,1.2000,,0,0.0000,0.0000,,0,0.0000
prebreak,300349,2020-11-09,S,S,A,C,S,S,A,13.6005,13.7100,12.9900,0.7200,,0,0.0000,0.0000,,0,0.0000
prebreak,002253,2020-11-12,S,S,A,C,S,S,A,15.5789,16.1500,15.4600,0.6900,,0,0.0000,0.0000,,0,0.0000
prebreak,600487,2020-11-12,S,S,A,C,S,S,A,14.4131,15.1100,14.3400,0.7700,,0,0.0000,0.0000,,0,0.0000
prebreak,300166,2020-11-13,S,S,A,C,S,S,A,12.2700,12.8300,12.1700,0.6600,,1,12.8300,12.8200,2020-11-25,0,-0.0299
prebreak,600848,2020-11-13,S,S,A,C,S,S,A,16.2715,17.8600,17.0200,0.8400,,0,0.0000,0.0000,,0,0.0000
prebreak,601318,2020-11-13,S,S,A,C,S,S,A,61.2366,61.0100,58.5800,2.4300,,0,0.0000,0.0000,,0,0.0000
prebreak,000915,2020-11-16,S,S,A,C,S,S,A,20.8791,21.8700,20.7500,1.1200,,0,0.0000,0.0000,,0,0.0000
prebreak,600903,2020-11-16,S,S,A,C,S,S,A,11.6812,11.4800,10.9200,0.5600,,0,0.0000,0.0000,,0,0.0000
prebreak,601163,2020-11-16,S,S,A,C,S,S,A,15.3027,13.4200,12.8900,0.5300,,0,0.0000,0.0000,,0,0.0000
prebreak,002422,2020-11-18,S,S,A,C,S,S,A,20.2821,20.7700,19.9900,0.7800,,0,0.0000,0.0000,,0,0.0000
prebreak,600167,2020-11-18,S,S,A,C,S,S,A,11.0577,11.4400,10.9200,0.5200,,0,0.0000,0.0000,,0,0.0000
prebreak,300616,2020-11-20,S,S,A,C,S,S,A,53.0311,52.7300,50.1000,2.6300,,0,0.0000,0.0000,,0,0.0000
prebreak,000915,2020-11-23,S,S,A,C,S,S,A,20.5413,20.9800,19.9400,1.0400,,0,0.0000,0.0000,,0,0.0000
prebreak,002462,2020-11-23,S,S,A,C,S,S,A,14.3783,14.1700,13.5100,0.6600,,0,0.0000,0.0000,,0,0.0000
prebreak,300616,2020-11-27,S,S,A,C,S,S,A,58.1624,52.7300,50.1000,2.6300,,1,52.7300,66.8846,2020-12-25,0,5.3633
prebreak,600167,2020-12-02,S,S,A,C,S,S,A,10.6124,11.3300,10.7500,0.5800,,0,0.0000,0.0000,,0,0.0000
prebreak,300616,2020-12-04,S,S,A,C,S,S,A,61.2343,52.7300,50.1000,2.6300,,0,0.0000,0.0000,,0,0.0000
prebreak,002233,2020-12-07,S,S,A,C,S,S,A,9.9102,10.3800,9.8700,0.5100,,0,0.0000,0.0000,,0,0.0000
prebreak,600585,2020-12-10,S,S,A,C,S,S,A,39.6240,42.3900,40.4400,1.9500,,1,42.3900,40.4400,2021-01-07,1,-1.0159
prebreak,600585,2020-12-17,S,S,A,C,S,S,A,39.6165,40.0300,38.5500,1.4800,,0,0.0000,0.0000,,0,0.0000
prebreak,002484,2020-12-18,S,S,A,C,S,S,A,10.4236,11.2800,10.7600,0.5200,,0,0.0000,0.0000,,0,0.0000
prebreak,601088,2020-12-25,S,S,A,C,S,S,A,12.1969,12.6300,12.0800,0.5500,,0,0.0000,0.0000,,0,0.0000
prebreak,603358,2021-01-12,S,S,A,C,S,S,A,9.2016,12.0200,11.4800,0.5400,,0,0.0000,0.0000,,0,0.0000
prebreak,002886,2021-01-14,S,S,A,C,S,S,A,14.8188,14.5900,13.9200,0.6700,,1,14.5900,13.9200,2021-01-25,1,-1.0159
prebreak,002223,2021-01-15,S,S,A,C,S,S,A,26.6454,26.6800,25.4000,1.2800,,0,0.0000,0.0000,,0,0.0000
prebreak,600487,2021-01-15,S,S,A,C,S,S,A,13.5021,13.7100,13.1300,0.5800,,0,0.0000,0.0000,,0,0.0000
prebreak,002138,2021-01-18,S,S,A,C,S,S,A,24.6236,23.6700,22.8000,0.8700,,0,0.0000,0.0000,,0,0.0000
prebreak,002268,2021-01-21,S,S,A,C,S,S,A,16.7106,17.2300,16.5900,0.6400,,1,17.2300,18.0119,2021-01-27,0,1.2006
prebreak,000988,2021-01-26,S,S,A,C,S,S,A,22.9099,23.8500,22.6200,1.2300,,0,0.0000,0.0000,,0,0.0000
prebreak,000651,2021-01-27,S,S,A,C,S,S,A,41.2456,44.0600,41.7500,2.3100,,0,0.0000,0.0000,,0,0.0000
prebreak,300422,2021-02-01,S,S,A,C,S,S,A,8.9473,10.2100,9.7100,0.5000,,0,0.0000,0.0000,,0,0.0000
prebreak,601088,2021-02-01,S,S,A,C,S,S,A,11.2130,12.0700,11.4400,0.6300,,1,12.0700,11.9724,2021-02-24,0,-0.1694
prebreak,601318,2021-02-01,S,S,A,C,S,S,A,60.4210,65.2300,62.8100,2.4200,,0,0.0000,0.0000,,0,0.0000
prebreak,000988,2021-02-02,S,S,A,C,S,S,A,22.5183,22.7400,21.7000,1.0400,,0,0.0000,0.0000,,0,0.0000
prebreak,600048,2021-02-05,S,S,A,C,S,S,A,11.1695,11.5600,11.0100,0.5500,,0,0.0000,0.0000,,0,0.0000
prebreak,601318,2021-02-08,S,S,A,C,S,S,A,59.8874,65.2300,62.8100,2.4200,,0,0.0000,0.0000,,0,0.0000
prebreak,002734,2021-02-18,S,S,A,C,S,S,A,12.3531,10.9600,10.4100,0.5500,,1,10.9600,11.3547,2021-03-18,0,0.7020
prebreak,000935,2021-02-19,S,S,A,C,S,S,A,13.2352,12.5700,11.9500,0.6200,,1,12.5700,13.0075,2021-03-19,0,0.6897
prebreak,600585,2021-02-19,S,S,A,C,S,S,A,40.9345,38.5700,36.7800,1.7900,,1,38.5700,38.6130,2021-03-19,0,0.0076
prebreak,000997,2021-02-23,S,S,A,C,S,S,A,13.3942,13.7900,13.1800,0.6100,,1,13.7900,13.7789,2021-03-04,0,-0.0353
prebreak,000999,2021-03-02,S,S,A,C,S,S,A,13.1946,13.6900,13.0800,0.6100,,0,0.0000,0.0000,,0,0.0000
prebreak,000651,2021-03-03,S,S,A,C,S,S,A,41.7940,41.9900,39.8100,2.1800,,1,41.9900,43.5296,2021-03-31,0,0.6912
prebreak,000581,2021-03-11,S,S,A,C,S,S,A,17.6233,17.7700,16.8400,0.9300,,1,17.7700,18.4237,2021-04-09,0,0.6879
prebreak,002222,2021-03-11,S,S,A,C,S,S,A,12.2728,11.4700,10.9200,0.5500,,1,11.4700,14.2445,2021-04-09,0,5.0255
prebreak,000776,2021-03-15,S,S,A,C,S,S,A,13.1810,13.5700,13.0600,0.5100,,0,0.0000,0.0000,,0,0.0000
prebreak,603458,2021-03-16,S,S,A,C,S,S,A,11.3470,11.4700,10.9700,0.5000,,0,0.0000,0.0000,,0,0.0000
prebreak,000581,2021-03-18,S,S,A,C,S,S,A,17.3002,17.6200,16.8600,0.7600,,0,0.0000,0.0000,,0,0.0000
prebreak,600566,2021-03-18,S,S,A,C,S,S,A,15.9368,16.1400,15.3500,0.7900,,0,0.0000,0.0000,,0,0.0000
prebreak,600030,2021-03-22,S,S,A,C,S,S,A,19.9332,20.1500,19.0800,1.0700,,0,0.0000,0.0000,,0,0.0000
prebreak,601318,2021-03-22,S,S,A,C,S,S,A,60.8402,66.1400,63.2300,2.9100,,0,0.0000,0.0000,,0,0.0000
prebreak,600566,2021-03-25,S,S,A,C,S,S,A,15.4448,16.0700,15.3500,0.7200,,0,0.0000,0.0000,,0,0.0000
prebreak,002380,2021-03-29,S,S,A,C,S,S,A,15.3567,13.9500,13.2600,0.6900,,0,0.0000,0.0000,,0,0.0000
prebreak,600030,2021-03-29,S,S,A,C,S,S,A,20.0240,20.3000,19.5200,0.7800,,0,0.0000,0.0000,,0,0.0000
prebreak,000002,2021-03-31,S,S,A,C,S,S,A,25.3802,26.8600,25.6000,1.2600,,0,0.0000,0.0000,,0,0.0000
prebreak,000935,2021-04-02,S,S,A,C,S,S,A,13.3775,13.7700,13.2100,0.5600,,0,0.0000,0.0000,,0,0.0000
prebreak,002380,2021-04-06,S,S,A,C,S,S,A,14.1940,13.9500,13.2600,0.6900,,0,0.0000,0.0000,,0,0.0000
prebreak,002741,2021-04-08,S,S,A,C,S,S,A,13.9735,14.4300,13.9300,0.5000,,0,0.0000,0.0000,,0,0.0000
prebreak,002463,2021-04-28,S,S,A,C,S,S,A,12.7200,14.1500,13.5300,0.6200,,0,0.0000,0.0000,,0,0.0000
prebreak,603739,2021-04-29,S,S,A,C,S,S,A,16.5801,16.2100,15.5800,0.6300,,0,0.0000,0.0000,,0,0.0000
prebreak,300036,2021-04-30,S,S,A,C,S,S,A,15.6132,16.4400,15.8500,0.5900,,1,16.4400,19.3270,2021-06-02,0,4.8690
prebreak,601138,2021-04-30,S,S,A,C,S,S,A,11.7012,12.4600,11.9400,0.5200,,0,0.0000,0.0000,,0,0.0000
prebreak,002801,2021-05-06,S,S,A,C,S,S,A,21.6043,23.1200,22.0500,1.0700,,0,0.0000,0.0000,,0,0.0000
prebreak,600783,2021-05-06,S,S,A,C,S,S,A,10.8697,12.4600,11.8600,0.6000,,0,0.0000,0.0000,,0,0.0000
prebreak,002463,2021-05-10,S,S,A,C,S,S,A,12.2014,14.1500,13.5300,0.6200,,0,0.0000,0.0000,,0,0.0000
prebreak,002801,2021-05-13,S,S,A,C,S,S,A,22.5070,23.1200,22.0500,1.0700,,0,0.0000,0.0000,,0,0.0000
prebreak,000997,2021-05-17,S,S,A,C,S,S,A,13.6984,13.0500,12.4200,0.6300,,0,0.0000,0.0000,,0,0.0000
prebreak,000063,2021-05-20,S,S,A,C,S,S,A,26.6639,27.0900,25.7100,1.3800,,1,27.0900,31.3019,2021-06-18,0,3.0352
prebreak,002801,2021-05-20,S,S,A,C,S,S,A,22.4950,22.7600,21.9000,0.8600,,0,0.0000,0.0000,,0,0.0000
prebreak,600895,2021-05-21,S,S,A,C,S,S,A,17.4423,17.1000,16.2800,0.8200,,0,0.0000,0.0000,,0,0.0000
prebreak,603368,2021-05-21,S,S,A,C,S,S,A,16.5835,17.5200,16.7400,0.7800,,0,0.0000,0.0000,,0,0.0000
prebreak,000997,2021-05-24,S,S,A,C,S,S,A,13.6089,13.0500,12.4200,0.6300,,0,0.0000,0.0000,,0,0.0000
prebreak,600566,2021-05-26,S,S,A,C,S,S,A,14.8779,15.1700,14.4400,0.7300,,0,0.0000,0.0000,,0,0.0000
prebreak,000063,2021-05-27,S,S,A,C,S,S,A,27.9930,27.4100,25.9600,1.4500,,1,27.4100,29.6337,2021-06-25,0,1.5182
prebreak,002801,2021-05-27,S,S,A,C,S,S,A,23.4639,23.0400,22.0500,0.9900,,0,0.0000,0.0000,,0,0.0000
prebreak,603858,2021-05-27,S,S,A,C,S,S,A,20.2813,20.2300,19.2300,1.0000,,0,0.0000,0.0000,,0,0.0000
prebreak,601088,2021-05-28,S,S,A,C,S,S,A,13.1611,13.3300,12.6600,0.6700,,0,0.0000,0.0000,,0,0.0000
prebreak,603368,2021-05-28,S,S,A,C,S,S,A,16.9119,17.2400,16.5400,0.7000,,0,0.0000,0.0000,,0,0.0000
prebreak,600612,2021-06-02,S,S,A,C,S,S,A,48.9720,49.5700,47.0800,2.4900,,0,0.0000,0.0000,,0,0.0000
prebreak,603590,2021-06-02,S,S,A,C,S,S,A,35.5822,35.4100,33.9400,1.4700,,1,35.4100,35.1298,2021-07-01,0,-0.2088
prebreak,603866,2021-06-02,S,S,A,C,S,S,A,17.5130,17.9000,17.0400,0.8600,,0,0.0000,0.0000,,0,0.0000
prebreak,000063,2021-06-03,S,S,A,C,S,S,A,30.0461,27.4100,25.9600,1.4500,,0,0.0000,0.0000,,0,0.0000
prebreak,002930,2021-06-03,S,S,A,C,S,S,A,14.4175,14.3200,13.6800,0.6400,,1,14.3200,14.4448,2021-06-08,0,0.1779
prebreak,603858,2021-06-03,S,S,A,C,S,S,A,20.0719,20.2300,19.2300,1.0000,,0,0.0000,0.0000,,0,0.0000
prebreak,002737,2021-06-04,S,S,A,C,S,S,A,12.7381,12.7500,12.1400,0.6100,,0,0.0000,0.0000,,0,0.0000
prebreak,300723,2021-06-08,S,S,A,C,S,S,A,16.9156,18.0300,17.1100,0.9200,,1,18.0300,20.2464,2021-07-07,0,2.3928
prebreak,600612,2021-06-09,S,S,A,C,S,S,A,48.5959,49.0600,46.7800,2.2800,,0,0.0000,0.0000,,0,0.0000
prebreak,603590,2021-06-09,S,S,A,C,S,S,A,37.2312,35.4100,33.9400,1.4700,,0,0.0000,0.0000,,0,0.0000
prebreak,603866,2021-06-09,S,S,A,C,S,S,A,16.7052,17.5500,16.7300,0.8200,,0,0.0000,0.0000,,0,0.0000
prebreak,002930,2021-06-10,S,S,A,C,S,S,A,14.4721,14.3200,13.6800,0.6400,,0,0.0000,0.0000,,0,0.0000
prebreak,600739,2021-06-11,S,S,A,C,S,S,A,18.7327,19.2300,18.5200,0.7100,,0,0.0000,0.0000,,0,0.0000
prebreak,603043,2021-06-11,S,S,A,C,S,S,A,23.0107,24.1800,23.1300,1.0500,,0,0.0000,0.0000,,0,0.0000
prebreak,002151,2021-06-17,S,S,A,C,S,S,A,43.5115,43.6100,41.5000,2.1100,,1,43.6100,41.5000,2021-07-01,1,-1.0151
prebreak,002661,2021-06-17,S,S,A,C,S,S,A,12.1592,13.2900,12.6400,0.6500,,0,0.0000,0.0000,,0,0.0000
prebreak,603866,2021-06-17,S,S,A,C,S,S,A,16.5855,17.5500,16.7300,0.8200,,0,0.0000,0.0000,,0,0.0000
prebreak,002373,2021-06-21,S,S,A,C,S,S,A,17.2331,15.6300,14.8900,0.7400,,0,0.0000,0.0000,,0,0.0000
prebreak,600547,2021-06-23,S,S,A,C,S,S,A,18.7313,19.1200,18.3400,0.7800,,0,0.0000,0.0000,,0,0.0000
prebreak,603866,2021-06-24,S,S,A,C,S,S,A,16.1317,17.5500,16.7300,0.8200,,0,0.0000,0.0000,,0,0.0000
prebreak,001872,2021-06-28,S,S,A,C,S,S,A,14.1900,13.7200,13.0300,0.6900,,0,0.0000,0.0000,,0,0.0000
prebreak,603239,2021-06-28,S,S,A,C,S,S,A,14.5290,14.1800,13.4300,0.7500,,0,0.0000,0.0000,,0,0.0000
prebreak,002741,2021-06-30,S,S,A,C,S,S,A,15.8718,15.9900,15.1600,0.8300,,0,0.0000,0.0000,,0,0.0000
prebreak,000063,2021-07-02,S,S,A,C,S,S,A,29.1020,30.7900,29.2000,1.5900,,1,30.7900,35.5641,2021-07-30,0,2.9860
prebreak,002558,2021-07-05,S,S,A,C,S,S,A,12.2048,12.6700,12.0600,0.6100,,0,0.0000,0.0000,,0,0.0000
prebreak,002741,2021-07-07,S,S,A,C,S,S,A,17.6011,15.9900,15.1600,0.8300,,1,15.9900,22.4610,2021-08-04,0,7.7768
prebreak,603043,2021-07-19,S,S,A,C,S,S,A,22.3830,23.1200,21.9300,1.1900,,0,0.0000,0.0000,,0,0.0000
prebreak,300625,2021-07-29,S,S,A,C,S,S,A,12.4128,13.5000,12.9400,0.5600,,1,13.5000,13.3029,2021-08-06,0,-0.3701
prebreak,002801,2021-07-30,S,S,A,C,S,S,A,23.5898,24.6900,23.5300,1.1600,,0,0.0000,0.0000,,0,0.0000
prebreak,300348,2021-07-30,S,S,A,C,S,S,A,14.6409,16.5400,15.8400,0.7000,,1,16.5400,16.3692,2021-08-06,0,-0.2618
prebreak,603131,2021-07-30,S,S,A,C,S,S,A,17.1249,16.8400,16.1000,0.7400,,1,16.8400,23.0528,2021-08-27,0,8.3731
prebreak,603043,2021-08-02,S,S,A,C,S,S,A,19.7487,22.5700,21.7100,0.8600,,0,0.0000,0.0000,,0,0.0000
prebreak,000999,2021-08-03,S,S,A,C,S,S,A,12.6508,12.7200,12.0700,0.6500,,0,0.0000,0.0000,,0,0.0000
prebreak,000401,2021-08-04,S,S,A,C,S,S,A,10.8677,11.0600,10.5500,0.5100,,1,11.0600,11.0333,2021-08-11,0,-0.0687
prebreak,300625,2021-08-05,S,S,A,C,S,S,A,13.4662,13.5000,12.9400,0.5600,,0,0.0000,0.0000,,0,0.0000
prebreak,300348,2021-08-06,S,S,A,C,S,S,A,16.3692,16.5400,15.8400,0.7000,,1,16.5400,15.8400,2021-08-18,1,-1.0173
prebreak,600585,2021-08-06,S,S,A,C,S,S,A,30.8115,31.0400,29.4600,1.5800,,1,31.0400,29.4600,2021-08-30,1,-1.0143
prebreak,605222,2021-08-09,S,S,A,C,S,S,A,20.8466,20.7300,19.7800,0.9500,,0,0.0000,0.0000,,0,0.0000
prebreak,300348,2021-08-13,S,S,A,C,S,S,A,16.9552,16.5400,15.8400,0.7000,,0,0.0000,0.0000,,0,0.0000
prebreak,000021,2021-08-19,S,S,A,C,S,S,A,16.2062,16.6000,15.9300,0.6700,,0,0.0000,0.0000,,0,0.0000
prebreak,000555,2021-08-20,S,S,A,C,S,S,A,12.8254,13.2500,12.6400,0.6100,,0,0.0000,0.0000,,0,0.0000
prebreak,000021,2021-08-26,S,S,A,C,S,S,A,15.9291,16.6500,15.8200,0.8300,,0,0.0000,0.0000,,0,0.0000
prebreak,600371,2021-08-31,S,S,A,C,S,S,A,10.1763,10.9400,10.4300,0.5100,,1,10.9400,10.4300,2021-09-10,1,-1.0157
prebreak,002281,2021-09-01,S,S,A,C,S,S,A,23.0463,27.1600,25.7600,1.4000,,0,0.0000,0.0000,,0,0.0000
prebreak,600547,2021-09-01,S,S,A,C,S,S,A,17.6889,17.7800,17.0100,0.7700,,0,0.0000,0.0000,,0,0.0000
prebreak,000581,2021-09-02,S,S,A,C,S,S,A,17.9655,17.7800,16.9900,0.7900,,0,0.0000,0.0000,,0,0.0000
prebreak,600036,2021-09-06,S,S,A,C,S,S,A,39.8775,40.4000,38.4700,1.9300,,0,0.0000,0.0000,,0,0.0000
prebreak,603109,2021-09-06,S,S,A,C,S,S,A,16.3932,15.5700,14.8000,0.7700,,0,0.0000,0.0000,,0,0.0000
prebreak,688550,2021-09-09,S,S,A,C,S,S,A,37.5117,32.2800,30.7000,1.5800,,1,32.2800,37.1830,2021-09-14,0,3.0857
prebreak,600990,2021-09-10,S,S,A,C,S,S,A,23.7571,24.2400,23.2900,0.9500,,1,24.2400,23.2900,2021-10-12,1,-1.0188
prebreak,000777,2021-09-13,S,S,A,C,S,S,A,12.6754,11.0400,10.4900,0.5500,,1,11.0400,11.1387,2021-10-20,0,0.1641
prebreak,300174,2021-09-13,S,S,A,C,S,S,A,16.0743,16.5900,15.9600,0.6300,,0,0.0000,0.0000,,0,0.0000
prebreak,600036,2021-09-13,S,S,A,C,S,S,A,41.9960,40.4000,38.4700,1.9300,,0,0.0000,0.0000,,0,0.0000
prebreak,002946,2021-09-17,S,S,A,C,S,S,A,13.2513,14.2500,13.5800,0.6700,,1,14.2500,14.9519,2021-10-26,0,1.0307
prebreak,600835,2021-09-17,S,S,A,C,S,S,A,13.5012,14.4700,13.9400,0.5300,,0,0.0000,0.0000,,0,0.0000
prebreak,600990,2021-09-17,S,S,A,C,S,S,A,21.8149,24.1500,22.9900,1.1600,,1,24.1500,22.9900,2021-10-12,1,-1.0152
prebreak,000777,2021-09-22,S,S,A,C,S,S,A,13.2386,11.1600,10.5800,0.5800,,1,11.1600,11.0146,2021-10-27,0,-0.2651
prebreak,002373,2021-09-22,S,S,A,C,S,S,A,14.9182,15.6500,14.8600,0.7900,,0,0.0000,0.0000,,0,0.0000
prebreak,601108,2021-09-22,S,S,A,C,S,S,A,9.6079,9.5100,9.0100,0.5000,,0,0.0000,0.0000,,0,0.0000
prebreak,605222,2021-09-22,S,S,A,C,S,S,A,22.1810,22.2400,21.0900,1.1500,,0,0.0000,0.0000,,0,0.0000
prebreak,000553,2021-09-28,S,S,A,C,S,S,A,9.9021,9.8100,9.3100,0.5000,,0,0.0000,0.0000,,0,0.0000
prebreak,600835,2021-09-28,S,S,A,C,S,S,A,13.3422,13.8500,13.1300,0.7200,,0,0.0000,0.0000,,0,0.0000
prebreak,600990,2021-09-28,S,S,A,C,S,S,A,23.3417,24.1500,22.9900,1.1600,,1,24.1500,22.9900,2021-10-12,1,-1.0152
prebreak,000997,2021-09-30,S,S,A,C,S,S,A,14.0529,15.7200,14.9600,0.7600,,0,0.0000,0.0000,,0,0.0000
prebreak,600562,2021-10-08,S,S,A,C,S,S,A,13.2296,13.4600,12.7800,0.6800,,0,0.0000,0.0000,,0,0.0000
prebreak,002262,2021-10-11,S,S,A,C,S,S,A,14.1284,13.2700,12.7100,0.5600,,0,0.0000,0.0000,,0,0.0000
prebreak,600566,2021-10-11,S,S,A,C,S,S,A,13.5082,13.6300,12.9700,0.6600,,0,0.0000,0.0000,,0,0.0000
prebreak,600036,2021-10-13,S,S,A,C,S,S,A,41.3028,39.4400,37.3900,2.0500,,0,0.0000,0.0000,,0,0.0000
prebreak,000997,2021-10-14,S,S,A,C,S,S,A,13.7146,14.4700,13.8800,0.5900,,0,0.0000,0.0000,,0,0.0000
prebreak,600332,2021-10-18,S,S,A,C,S,S,A,26.1753,27.0700,26.0500,1.0200,,0,0.0000,0.0000,,0,0.0000
prebreak,600566,2021-10-18,S,S,A,C,S,S,A,13.3744,13.6300,12.9700,0.6600,,1,13.6300,16.4129,2021-11-15,0,4.1982
prebreak,601200,2021-10-18,S,S,A,C,S,S,A,9.3906,9.7500,9.2500,0.5000,,0,0.0000,0.0000,,0,0.0000
prebreak,600184,2021-10-19,S,S,A,C,S,S,A,11.2329,11.9600,11.3700,0.5900,,1,11.9600,11.8433,2021-11-11,0,-0.2131
prebreak,600345,2021-10-19,S,S,A,C,S,S,A,16.6830,17.3900,16.5400,0.8500,,0,0.0000,0.0000,,0,0.0000
prebreak,600900,2021-10-19,S,S,A,C,S,S,A,18.0342,18.1500,17.3200,0.8300,,0,0.0000,0.0000,,0,0.0000
prebreak,600990,2021-10-19,S,S,A,C,S,S,A,26.6704,24.1500,22.9900,1.1600,,1,24.1500,25.4244,2021-10-22,0,1.0821
prebreak,600036,2021-10-20,S,S,A,C,S,S,A,40.8121,41.8600,40.0700,1.7900,,0,0.0000,0.0000,,0,0.0000
prebreak,000997,2021-10-21,S,S,A,C,S,S,A,13.9706,14.2100,13.5700,0.6400,,0,0.0000,0.0000,,0,0.0000
prebreak,000977,2021-10-22,S,S,A,C,S,S,A,30.0198,30.3500,29.0400,1.3100,,1,30.3500,31.6148,2021-11-19,0,0.9473
prebreak,600566,2021-10-25,S,S,A,C,S,S,A,12.5478,13.6300,12.9700,0.6600,,1,13.6300,14.7913,2021-11-22,0,1.7427
prebreak,002755,2021-10-26,S,S,A,C,S,S,A,13.2478,12.2200,11.6600,0.5600,,0,0.0000,0.0000,,0,0.0000
prebreak,600184,2021-10-26,S,S,A,C,S,S,A,11.3905,11.5500,10.9600,0.5900,,1,11.5500,10.9600,2021-10-28,1,-1.0142
prebreak,603108,2021-10-26,S,S,A,C,S,S,A,10.7017,10.9600,10.4300,0.5300,,1,10.9600,12.6635,2021-11-23,0,3.1964
prebreak,000026,2021-10-29,S,S,A,C,S,S,A,9.5084,10.5900,10.0700,0.5200,,1,10.5900,10.4249,2021-11-26,0,-0.3328
prebreak,000977,2021-10-29,S,S,A,C,S,S,A,30.6007,30.9600,29.3600,1.6000,,1,30.9600,32.1859,2021-11-26,0,0.7510
prebreak,600566,2021-11-01,S,S,A,C,S,S,A,13.9490,12.8100,12.1800,0.6300,,1,12.8100,14.2796,2021-11-29,0,2.3158
prebreak,002142,2021-11-03,S,S,A,C,S,S,A,32.0291,32.8400,31.1300,1.7100,,0,0.0000,0.0000,,0,0.0000
prebreak,002695,2021-11-03,S,S,A,C,S,S,A,13.6770,13.5600,13.0500,0.5100,,1,13.5600,13.8771,2021-11-08,0,0.6013
prebreak,600036,2021-11-03,S,S,A,C,S,S,A,40.2669,42.1400,40.0700,2.0700,,0,0.0000,0.0000,,0,0.0000
prebreak,605222,2021-11-03,S,S,A,C,S,S,A,22.0069,21.0700,19.9800,1.0900,,1,21.0700,26.8609,2021-12-01,0,5.2947
prebreak,000333,2021-11-04,S,S,A,C,S,S,A,56.2737,57.5800,54.8000,2.7800,,0,0.0000,0.0000,,0,0.0000
prebreak,000977,2021-11-05,S,S,A,C,S,S,A,31.3194,30.9600,29.3600,1.6000,,0,0.0000,0.0000,,0,0.0000
prebreak,600104,2021-11-05,S,S,A,C,S,S,A,20.1135,18.4500,17.5400,0.9100,,1,18.4500,18.9543,2021-11-10,0,0.5384
prebreak,600566,2021-11-08,S,S,A,C,S,S,A,14.0356,12.8100,12.1800,0.6300,,0,0.0000,0.0000,,0,0.0000
prebreak,000555,2021-11-09,S,S,A,C,S,S,A,11.3795,11.4400,10.9100,0.5300,,0,0.0000,0.0000,,0,0.0000
prebreak,000333,2021-11-11,S,S,A,C,S,S,A,57.3241,57.2500,54.2900,2.9600,,0,0.0000,0.0000,,0,0.0000
prebreak,600511,2021-11-11,S,S,A,C,S,S,A,27.1297,27.3200,26.1600,1.1600,,1,27.3200,26.7515,2021-12-09,0,-0.5077
prebreak,002262,2021-11-15,S,S,A,C,S,S,A,14.5656,13.9900,13.3200,0.6700,,0,0.0000,0.0000,,0,0.0000
prebreak,300168,2021-11-15,S,S,A,C,S,S,A,11.6200,11.6200,11.0900,0.5300,,0,0.0000,0.0000,,0,0.0000
prebreak,000002,2021-11-19,S,S,A,C,S,S,A,17.8022,16.4900,15.6400,0.8500,,0,0.0000,0.0000,,0,0.0000
prebreak,000581,2021-11-22,S,S,A,C,S,S,A,17.2225,15.3900,14.8500,0.5400,,0,0.0000,0.0000,,0,0.0000
prebreak,300168,2021-11-22,S,S,A,C,S,S,A,11.9500,11.7900,11.2900,0.5000,,0,0.0000,0.0000,,0,0.0000
prebreak,603568,2021-11-22,S,S,A,C,S,S,A,17.3631,17.6300,16.7400,0.8900,,1,17.6300,22.3815,2021-12-20,0,5.3204
prebreak,000977,2021-11-26,S,S,A,C,S,S,A,32.1859,31.4100,29.9700,1.4400,,0,0.0000,0.0000,,0,0.0000
prebreak,300168,2021-11-29,S,S,A,C,S,S,A,11.5200,11.7900,11.2900,0.5000,,1,11.7900,12.7000,2021-12-27,0,1.8009
prebreak,600598,2021-11-29,S,S,A,C,S,S,A,11.9982,12.3500,11.8100,0.5400,,0,0.0000,0.0000,,0,0.0000
prebreak,603896,2021-11-29,S,S,A,C,S,S,A,32.6814,32.7700,31.2100,1.5600,,0,0.0000,0.0000,,0,0.0000
prebreak,002698,2021-11-30,S,S,A,C,S,S,A,12.0897,11.7100,11.1700,0.5400,,0,0.0000,0.0000,,0,0.0000
prebreak,002739,2021-12-01,S,S,A,C,S,S,A,14.1300,14.7600,14.1300,0.6300,,0,0.0000,0.0000,,0,0.0000
prebreak,002698,2021-12-07,S,S,A,C,S,S,A,11.3410,12.3100,11.7300,0.5800,,0,0.0000,0.0000,,0,0.0000
prebreak,300383,2021-12-09,S,S,A,C,S,S,A,14.0863,14.3200,13.7700,0.5500,,0,0.0000,0.0000,,0,0.0000
prebreak,600967,2021-12-09,S,S,A,C,S,S,A,10.0301,9.5600,9.0600,0.5000,,0,0.0000,0.0000,,0,0.0000
prebreak,603139,2021-12-09,S,S,A,C,S,S,A,20.9221,20.1500,19.1400,1.0100,,1,20.1500,21.4701,2022-01-07,0,1.2910
prebreak,000977,2021-12-10,S,S,A,C,S,S,A,34.0566,33.3000,31.5400,1.7600,,0,0.0000,0.0000,,0,0.0000
prebreak,600104,2021-12-10,S,S,A,C,S,S,A,19.3171,18.7000,17.7300,0.9700,,0,0.0000,0.0000,,0,0.0000
prebreak,002262,2021-12-13,S,S,A,C,S,S,A,13.8308,14.1800,13.5000,0.6800,,1,14.1800,14.8725,2022-01-11,0,1.0020
prebreak,603568,2021-12-13,S,S,A,C,S,S,A,21.4997,17.6300,16.7400,0.8900,,1,17.6300,19.1030,2022-01-11,0,1.6390
prebreak,002415,2021-12-16,S,S,A,C,S,S,A,45.6746,42.6300,41.0300,1.6000,,0,0.0000,0.0000,,0,0.0000
prebreak,300383,2021-12-16,S,S,A,C,S,S,A,14.3906,14.5000,13.7700,0.7300,,0,0.0000,0.0000,,0,0.0000
prebreak,300868,2021-12-16,S,S,A,C,S,S,A,26.9433,25.9800,24.6200,1.3600,,0,0.0000,0.0000,,0,0.0000
prebreak,002595,2021-12-17,S,S,A,C,S,S,A,16.8439,18.2200,17.3300,0.8900,,0,0.0000,0.0000,,0,0.0000
prebreak,300285,2021-12-20,S,S,A,C,S,S,A,40.5590,42.5200,40.7400,1.7800,,0,0.0000,0.0000,,0,0.0000
prebreak,002925,2021-12-22,S,S,A,C,S,S,A,28.2491,28.5600,27.2500,1.3100,,0,0.0000,0.0000,,0,0.0000
prebreak,600729,2021-12-22,S,S,A,C,S,S,A,19.0130,17.3000,16.4700,0.8300,,0,0.0000,0.0000,,0,0.0000
prebreak,002415,2021-12-23,S,S,A,C,S,S,A,44.3278,46.1100,44.0200,2.0900,,0,0.0000,0.0000,,0,0.0000
prebreak,300383,2021-12-23,S,S,A,C,S,S,A,14.2238,14.5000,13.7700,0.7300,,1,14.5000,14.4201,2021-12-30,0,-0.1245
prebreak,300873,2021-12-23,S,S,A,C,S,S,A,20.7284,21.7600,20.8700,0.8900,,1,21.7600,20.8700,2022-01-20,1,-1.0180
prebreak,300838,2021-12-27,S,S,A,C,S,S,A,17.4093,16.9200,16.1500,0.7700,,1,16.9200,17.3811,2021-12-30,0,0.5818
prebreak,600446,2021-12-27,S,S,A,C,S,S,A,13.5706,14.1100,13.4900,0.6200,,0,0.0000,0.0000,,0,0.0000
prebreak,002925,2021-12-29,S,S,A,C,S,S,A,28.8966,28.6800,27.2500,1.4300,,0,0.0000,0.0000,,0,0.0000
prebreak,600729,2021-12-29,S,S,A,C,S,S,A,18.8234,19.7500,18.8200,0.9300,,0,0.0000,0.0000,,0,0.0000
prebreak,300383,2021-12-30,S,S,A,C,S,S,A,14.4201,14.4600,13.7600,0.7000,,0,0.0000,0.0000,,0,0.0000
prebreak,300873,2021-12-30,S,S,A,C,S,S,A,19.9021,21.7600,20.8700,0.8900,,1,21.7600,20.8700,2022-01-20,1,-1.0180
prebreak,000021,2022-01-04,S,S,A,C,S,S,A,15.4131,15.6000,14.9900,0.6100,,0,0.0000,0.0000,,0,0.0000
prebreak,300838,2022-01-04,S,S,A,C,S,S,A,18.3009,16.9200,16.1500,0.7700,,0,0.0000,0.0000,,0,0.0000
prebreak,600271,2022-01-04,S,S,A,C,S,S,A,13.2165,12.8100,12.1900,0.6200,,1,12.8100,12.8970,2022-01-07,0,0.1245
prebreak,000623,2022-01-06,S,S,A,C,S,S,A,15.8762,16.2500,15.4100,0.8400,,1,16.2500,15.4100,2022-01-19,1,-1.0141
prebreak,600729,2022-01-06,S,S,A,C,S,S,A,20.8509,19.7500,18.8200,0.9300,,0,0.0000,0.0000,,0,0.0000
prebreak,600201,2022-01-10,S,S,A,C,S,S,A,16.4014,14.9000,14.2000,0.7000,,0,0.0000,0.0000,,0,0.0000
prebreak,000021,2022-01-11,S,S,A,C,S,S,A,14.4671,15.6000,14.9200,0.6800,,0,0.0000,0.0000,,0,0.0000
prebreak,600446,2022-01-11,S,S,A,C,S,S,A,14.0651,14.2200,13.4900,0.7300,,0,0.0000,0.0000,,0,0.0000
prebreak,300383,2022-01-14,S,S,A,C,S,S,A,14.4790,14.4600,13.7600,0.7000,,1,14.4600,13.7600,2022-01-27,1,-1.0151
prebreak,002236,2022-01-17,S,S,A,C,S,S,A,17.9675,20.9500,19.9600,0.9900,,0,0.0000,0.0000,,0,0.0000
prebreak,603322,2022-01-17,S,S,A,C,S,S,A,13.5400,12.9300,12.3300,0.6000,,0,0.0000,0.0000,,0,0.0000
prebreak,605177,2022-01-17,S,S,A,C,S,S,A,31.1361,27.0400,25.8300,1.2100,,1,27.0400,25.8300,2022-01-24,1,-1.0164
prebreak,002315,2022-01-19,S,S,A,C,S,S,A,11.2757,11.3000,10.7300,0.5700,,1,11.3000,11.1423,2022-02-23,0,-0.2916
prebreak,000895,2022-01-21,S,S,A,C,S,S,A,23.9734,24.7800,23.6600,1.1200,,0,0.0000,0.0000,,0,0.0000
prebreak,601952,2022-01-21,S,S,A,C,S,S,A,9.9378,11.0600,10.5000,0.5600,,0,0.0000,0.0000,,0,0.0000
prebreak,603322,2022-01-24,S,S,A,C,S,S,A,12.7200,12.9300,12.3300,0.6000,,0,0.0000,0.0000,,0,0.0000
prebreak,605177,2022-01-24,S,S,A,C,S,S,A,24.8703,27.0400,25.8300,1.2100,,0,0.0000,0.0000,,0,0.0000
prebreak,002315,2022-01-26,S,S,A,C,S,S,A,10.5638,11.3000,10.7300,0.5700,,1,11.3000,11.1423,2022-02-23,0,-0.2916
prebreak,600887,2022-01-26,S,S,A,C,S,S,A,31.9514,33.2000,31.6000,1.6000,,0,0.0000,0.0000,,0,0.0000
prebreak,601952,2022-01-28,S,S,A,C,S,S,A,9.3393,11.0600,10.5000,0.5600,,1,11.0600,11.6807,2022-03-04,0,1.0927
prebreak,000581,2022-02-08,S,S,A,C,S,S,A,16.7532,18.4300,17.5000,0.9300,,0,0.0000,0.0000,,0,0.0000
prebreak,002262,2022-02-08,S,S,A,C,S,S,A,13.3379,15.2400,14.5100,0.7300,,0,0.0000,0.0000,,0,0.0000
prebreak,600271,2022-02-08,S,S,A,C,S,S,A,13.0906,13.8900,13.1600,0.7300,,0,0.0000,0.0000,,0,0.0000
prebreak,600977,2022-02-08,S,S,A,C,S,S,A,11.6096,12.7600,12.1400,0.6200,,0,0.0000,0.0000,,0,0.0000
prebreak,603095,2022-02-08,S,S,A,C,S,S,A,11.8589,11.2700,10.7200,0.5500,,0,0.0000,0.0000,,0,0.0000
prebreak,603955,2022-02-08,S,S,A,C,S,S,A,13.9101,13.9300,13.2700,0.6600,,1,13.9300,15.5577,2022-03-08,0,2.4487
prebreak,688588,2022-02-08,S,S,A,C,S,S,A,13.3996,14.0200,13.3800,0.6400,,0,0.0000,0.0000,,0,0.0000
prebreak,002315,2022-02-09,S,S,A,C,S,S,A,10.9007,11.3000,10.7300,0.5700,,1,11.3000,11.1423,2022-02-23,0,-0.2916
prebreak,600776,2022-02-09,S,S,A,C,S,S,A,10.6773,11.6200,11.1000,0.5200,,0,0.0000,0.0000,,0,0.0000
prebreak,000885,2022-02-10,S,S,A,C,S,S,A,10.6090,10.3200,9.7800,0.5400,,0,0.0000,0.0000,,0,0.0000
prebreak,600118,2022-02-10,S,S,A,C,S,S,A,24.9054,25.1200,23.9400,1.1800,,0,0.0000,0.0000,,0,0.0000
prebreak,600535,2022-02-10,S,S,A,C,S,S,A,13.0065,12.2200,11.6700,0.5500,,0,0.0000,0.0000,,0,0.0000
prebreak,000028,2022-02-14,S,S,A,C,S,S,A,21.3249,21.9000,21.0900,0.8100,,1,21.9000,21.0900,2022-03-08,1,-1.0199
prebreak,000581,2022-02-15,S,S,A,C,S,S,A,17.3868,17.6500,16.8800,0.7700,,0,0.0000,0.0000,,0,0.0000
prebreak,002262,2022-02-15,S,S,A,C,S,S,A,13.0681,13.4800,12.8500,0.6300,,0,0.0000,0.0000,,0,0.0000
prebreak,603955,2022-02-15,S,S,A,C,S,S,A,15.8473,13.9300,13.2700,0.6600,,0,0.0000,0.0000,,0,0.0000
prebreak,002315,2022-02-16,S,S,A,C,S,S,A,10.9325,11.2300,10.6500,0.5800,,1,11.2300,11.1423,2022-02-23,0,-0.1659
prebreak,002373,2022-02-17,S,S,A,C,S,S,A,13.5333,14.2100,13.5300,0.6800,,1,14.2100,13.5300,2022-03-04,1,-1.0153
prebreak,002022,2022-02-21,S,S,A,C,S,S,A,12.8003,12.8500,12.2100,0.6400,,0,0.0000,0.0000,,0,0.0000
prebreak,000062,2022-02-25,S,S,A,C,S,S,A,13.3578,13.7600,13.0400,0.7200,,0,0.0000,0.0000,,0,0.0000
prebreak,300244,2022-02-25,S,S,A,C,S,S,A,26.9195,27.0000,25.6400,1.3600,,0,0.0000,0.0000,,0,0.0000
prebreak,300349,2022-02-25,S,S,A,C,S,S,A,11.4235,11.3500,10.8100,0.5400,,0,0.0000,0.0000,,0,0.0000
prebreak,600621,2022-02-28,S,S,A,C,S,S,A,11.7569,12.3900,11.8500,0.5400,,1,12.3900,11.8500,2022-03-24,1,-1.0168
prebreak,605100,2022-02-28,S,S,A,C,S,S,A,12.7695,11.5600,10.9500,0.6100,,1,11.5600,12.5716,2022-03-03,0,1.6430
prebreak,002030,2022-03-01,S,S,A,C,S,S,A,14.8926,15.0400,14.4000,0.6400,,0,0.0000,0.0000,,0,0.0000
prebreak,002262,2022-03-01,S,S,A,C,S,S,A,12.2775,13.1800,12.6500,0.5300,,0,0.0000,0.0000,,0,0.0000
prebreak,688588,2022-03-01,S,S,A,C,S,S,A,13.6818,13.6800,13.0100,0.6700,,0,0.0000,0.0000,,0,0.0000
prebreak,600776,2022-03-02,S,S,A,C,S,S,A,10.7261,10.9700,10.4700,0.5000,,1,10.9700,10.4700,2022-03-25,1,-1.0160
prebreak,002373,2022-03-03,S,S,A,C,S,S,A,13.6124,14.1500,13.5500,0.6000,,0,0.0000,0.0000,,0,0.0000
prebreak,002867,2022-03-10,S,S,A,C,S,S,A,12.8049,15.1900,14.4200,0.7700,,0,0.0000,0.0000,,0,0.0000
prebreak,300349,2022-03-11,S,S,A,C,S,S,A,10.5757,11.3500,10.8100,0.5400,,0,0.0000,0.0000,,0,0.0000
prebreak,300349,2022-03-18,S,S,A,C,S,S,A,9.9688,11.3500,10.8100,0.5400,,0,0.0000,0.0000,,0,0.0000
prebreak,600216,2022-03-22,S,S,A,C,S,S,A,13.7925,14.0900,13.4500,0.6400,,0,0.0000,0.0000,,0,0.0000
prebreak,600697,2022-03-23,S,S,A,C,S,S,A,11.3544,11.6300,11.0200,0.6100,,0,0.0000,0.0000,,0,0.0000
prebreak,000333,2022-03-25,S,S,A,C,S,S,A,44.6323,47.4800,45.3500,2.1300,,0,0.0000,0.0000,,0,0.0000
prebreak,600030,2022-03-25,S,S,A,C,S,S,A,18.1275,18.8300,18.0500,0.7800,,0,0.0000,0.0000,,0,0.0000
prebreak,002313,2022-03-30,S,S,A,C,S,S,A,12.6300,12.4100,11.7900,0.6200,,0,0.0000,0.0000,,0,0.0000
prebreak,600036,2022-03-31,S,S,A,C,S,S,A,36.4505,36.1300,34.3900,1.7400,,0,0.0000,0.0000,,0,0.0000
prebreak,600729,2022-03-31,S,S,A,C,S,S,A,19.0495,19.3200,18.4900,0.8300,,1,19.3200,18.4900,2022-04-12,1,-1.0171
prebreak,600030,2022-04-01,S,S,A,C,S,S,A,18.7949,18.6800,17.8100,0.8700,,0,0.0000,0.0000,,0,0.0000
prebreak,600900,2022-04-08,S,S,A,C,S,S,A,19.6337,19.2900,18.2900,1.0000,,0,0.0000,0.0000,,0,0.0000
prebreak,601601,2022-04-08,S,S,A,C,S,S,A,19.4227,19.5000,18.6600,0.8400,,0,0.0000,0.0000,,0,0.0000
prebreak,000997,2022-04-12,S,S,A,C,S,S,A,13.7237,15.4500,14.7300,0.7200,,0,0.0000,0.0000,,0,0.0000
prebreak,600030,2022-04-12,S,S,A,C,S,S,A,18.7771,19.0800,18.1100,0.9700,,0,0.0000,0.0000,,0,0.0000
prebreak,600271,2022-04-14,S,S,A,C,S,S,A,11.0767,12.3100,11.7900,0.5200,,0,0.0000,0.0000,,0,0.0000
prebreak,600036,2022-04-18,S,S,A,C,S,S,A,33.7946,36.6800,35.0600,1.6200,,0,0.0000,0.0000,,0,0.0000
prebreak,600419,2022-04-18,S,S,A,C,S,S,A,13.2784,13.3300,12.7900,0.5400,,1,13.3300,12.7900,2022-04-22,1,-1.0181
prebreak,600848,2022-04-18,S,S,A,C,S,S,A,12.3030,12.6900,12.0200,0.6700,,1,12.6900,12.0200,2022-05-17,1,-1.0138
prebreak,601318,2022-04-18,S,S,A,C,S,S,A,37.1014,38.6700,36.9000,1.7700,,0,0.0000,0.0000,,0,0.0000
prebreak,600030,2022-04-19,S,S,A,C,S,S,A,17.9940,19.0800,18.1100,0.9700,,0,0.0000,0.0000,,0,0.0000
prebreak,601628,2022-04-19,S,S,A,C,S,S,A,23.7502,25.0400,24.1100,0.9300,,0,0.0000,0.0000,,0,0.0000
prebreak,002956,2022-04-27,S,S,A,C,S,S,A,8.6972,10.7300,10.1800,0.5500,,0,0.0000,0.0000,,0,0.0000
prebreak,600900,2022-04-29,S,S,A,C,S,S,A,19.2275,20.1200,19.1500,0.9700,,0,0.0000,0.0000,,0,0.0000
prebreak,600419,2022-05-05,S,S,A,C,S,S,A,11.9563,13.3300,12.7900,0.5400,,0,0.0000,0.0000,,0,0.0000
prebreak,600900,2022-05-11,S,S,A,C,S,S,A,19.0836,19.7200,18.6700,1.0500,,0,0.0000,0.0000,,0,0.0000
prebreak,300628,2022-05-17,S,S,A,C,S,S,A,43.0194,45.1900,43.6100,1.5800,,0,0.0000,0.0000,,0,0.0000
prebreak,600900,2022-05-18,S,S,A,C,S,S,A,19.2782,19.7000,18.6700,1.0300,,0,0.0000,0.0000,,0,0.0000
prebreak,600900,2022-05-25,S,S,A,C,S,S,A,19.6421,20.1700,19.1600,1.0100,,0,0.0000,0.0000,,0,0.0000
prebreak,000651,2022-05-30,S,S,A,C,S,S,A,24.3807,24.9600,23.9600,1.0000,,1,24.9600,25.6135,2022-06-28,0,0.6341
prebreak,600900,2022-06-01,S,S,A,C,S,S,A,20.5053,20.6300,19.6000,1.0300,,0,0.0000,0.0000,,0,0.0000
prebreak,000869,2022-06-06,S,S,A,C,S,S,A,26.0427,25.6500,24.3100,1.3400,,0,0.0000,0.0000,,0,0.0000
prebreak,600674,2022-06-06,S,S,A,C,S,S,A,10.2673,10.6100,10.1100,0.5000,,1,10.6100,10.4772,2022-06-14,0,-0.2815
prebreak,600674,2022-06-13,S,S,A,C,S,S,A,10.3548,10.6500,10.1100,0.5400,,1,10.6500,11.8590,2022-07-11,0,2.2226
prebreak,600176,2022-06-16,S,S,A,C,S,S,A,14.9857,15.2300,14.5700,0.6600,,0,0.0000,0.0000,,0,0.0000
prebreak,000869,2022-06-20,S,S,A,C,S,S,A,26.9606,26.9500,25.5400,1.4100,,0,0.0000,0.0000,,0,0.0000
prebreak,600176,2022-06-23,S,S,A,C,S,S,A,15.2765,15.5200,14.7500,0.7700,,0,0.0000,0.0000,,0,0.0000
prebreak,603223,2022-06-28,S,S,A,C,S,S,A,15.7852,16.5400,15.7000,0.8400,,0,0.0000,0.0000,,0,0.0000
prebreak,600887,2022-07-07,S,S,A,C,S,S,A,30.8741,33.0700,31.9500,1.1200,,0,0.0000,0.0000,,0,0.0000
prebreak,000830,2022-07-08,S,S,A,C,S,S,A,13.9213,14.2300,13.5800,0.6500,,0,0.0000,0.0000,,0,0.0000
prebreak,002311,2022-07-08,S,S,A,C,S,S,A,57.6462,57.7600,55.2200,2.5400,,1,57.7600,56.7217,2022-07-13,0,-0.4258
prebreak,300628,2022-07-13,S,S,A,C,S,S,A,45.3987,47.3700,45.0100,2.3600,,0,0.0000,0.0000,,0,0.0000
prebreak,600887,2022-07-14,S,S,A,C,S,S,A,30.4273,31.1500,29.9600,1.1900,,0,0.0000,0.0000,,0,0.0000
prebreak,000333,2022-07-18,S,S,A,C,S,S,A,45.4192,49.9300,47.6800,2.2500,,0,0.0000,0.0000,,0,0.0000
prebreak,002142,2022-07-18,S,S,A,C,S,S,A,28.9485,30.4600,28.9000,1.5600,,0,0.0000,0.0000,,0,0.0000
prebreak,300146,2022-07-18,S,S,A,C,S,S,A,16.7685,19.1400,18.2500,0.8900,,0,0.0000,0.0000,,0,0.0000
prebreak,000651,2022-07-19,S,S,A,C,S,S,A,26.0959,26.1500,24.9500,1.2000,,0,0.0000,0.0000,,0,0.0000
prebreak,600498,2022-07-20,S,S,A,C,S,S,A,14.1971,13.8300,13.2800,0.5500,,0,0.0000,0.0000,,0,0.0000
prebreak,000830,2022-07-22,S,S,A,C,S,S,A,12.4614,13.2900,12.6200,0.6700,,0,0.0000,0.0000,,0,0.0000
prebreak,002078,2022-07-22,S,S,A,C,S,S,A,10.8899,11.3100,10.8100,0.5000,,0,0.0000,0.0000,,0,0.0000
prebreak,002142,2022-07-25,S,S,A,C,S,S,A,28.4252,29.3200,27.8200,1.5000,,0,0.0000,0.0000,,0,0.0000
prebreak,300628,2022-07-27,S,S,A,C,S,S,A,45.6650,46.7600,45.0100,1.7500,,0,0.0000,0.0000,,0,0.0000
prebreak,603768,2022-07-27,S,S,A,C,S,S,A,17.2197,16.1500,15.3000,0.8500,,1,16.1500,25.2208,2022-08-24,0,10.6504
prebreak,600419,2022-08-05,S,S,A,C,S,S,A,11.3947,12.4100,11.9100,0.5000,,1,12.4100,13.3115,2022-09-02,0,1.7830
prebreak,600271,2022-08-10,S,S,A,C,S,S,A,10.6962,10.8100,10.3100,0.5000,,0,0.0000,0.0000,,0,0.0000
prebreak,600674,2022-08-15,S,S,A,C,S,S,A,11.4355,11.7700,11.2500,0.5200,,0,0.0000,0.0000,,0,0.0000
prebreak,605296,2022-09-01,S,S,A,C,S,S,A,28.3381,26.5000,25.4500,1.0500,,0,0.0000,0.0000,,0,0.0000
prebreak,300596,2022-09-06,S,S,A,C,S,S,A,54.9997,47.1000,44.7600,2.3400,,0,0.0000,0.0000,,0,0.0000
prebreak,300628,2022-09-07,S,S,A,C,S,S,A,43.7219,44.7600,42.8800,1.8800,,0,0.0000,0.0000,,0,0.0000
prebreak,603599,2022-09-07,S,S,A,C,S,S,A,17.2925,16.8300,16.0700,0.7600,,0,0.0000,0.0000,,0,0.0000
prebreak,300628,2022-09-22,S,S,A,C,S,S,A,38.4254,44.3700,42.8000,1.5700,,0,0.0000,0.0000,,0,0.0000
prebreak,300628,2022-09-29,S,S,A,C,S,S,A,38.2802,44.3700,42.8000,1.5700,,0,0.0000,0.0000,,0,0.0000
prebreak,300628,2022-10-13,S,S,A,C,S,S,A,38.9097,39.4200,37.4000,2.0200,,0,0.0000,0.0000,,0,0.0000
prebreak,600176,2022-10-14,S,S,A,C,S,S,A,12.1049,12.4900,11.9000,0.5900,,0,0.0000,0.0000,,0,0.0000
prebreak,600323,2022-10-14,S,S,A,C,S,S,A,17.6288,18.2200,17.2900,0.9300,,0,0.0000,0.0000,,0,0.0000
prebreak,002916,2022-10-20,S,S,A,C,S,S,A,56.3945,57.7700,55.1500,2.6200,,1,57.7700,57.0208,2022-11-08,0,-0.3025
prebreak,600332,2022-10-20,S,S,A,C,S,S,A,24.1879,23.7200,22.5700,1.1500,,0,0.0000,0.0000,,0,0.0000
prebreak,603369,2022-10-25,S,S,A,C,S,S,A,35.4469,40.7100,39.1200,1.5900,,0,0.0000,0.0000,,0,0.0000
prebreak,600332,2022-10-27,S,S,A,C,S,S,A,25.0279,24.9900,23.8400,1.1500,,1,24.9900,24.9743,2022-11-04,0,-0.0302
prebreak,600926,2022-10-27,S,S,A,C,S,S,A,10.5911,12.2500,11.6900,0.5600,,0,0.0000,0.0000,,0,0.0000
prebreak,600977,2022-10-27,S,S,A,C,S,S,A,10.5876,10.4000,9.9000,0.5000,,0,0.0000,0.0000,,0,0.0000
prebreak,603043,2022-10-31,S,S,A,C,S,S,A,18.3351,20.1500,19.4500,0.7000,,1,20.1500,19.4500,2022-11-23,1,-1.0212
prebreak,600674,2022-11-01,S,S,A,C,S,S,A,9.9756,10.3600,9.8200,0.5400,,0,0.0000,0.0000,,0,0.0000
prebreak,000651,2022-11-02,S,S,A,C,S,S,A,24.1276,25.2600,24.1200,1.1400,,1,25.2600,26.2669,2022-11-30,0,0.8658
prebreak,600332,2022-11-03,S,S,A,C,S,S,A,24.7330,24.9900,23.8400,1.1500,,0,0.0000,0.0000,,0,0.0000
prebreak,600346,2022-11-03,S,S,A,C,S,S,A,14.0395,15.3800,14.6500,0.7300,,0,0.0000,0.0000,,0,0.0000
prebreak,600926,2022-11-03,S,S,A,C,S,S,A,10.2753,12.2500,11.6900,0.5600,,0,0.0000,0.0000,,0,0.0000
prebreak,600977,2022-11-03,S,S,A,C,S,S,A,10.8442,10.4000,9.9000,0.5000,,1,10.4000,13.3110,2022-12-01,0,5.8025
prebreak,600323,2022-11-04,S,S,A,C,S,S,A,17.1958,17.9900,17.1600,0.8300,,0,0.0000,0.0000,,0,0.0000
prebreak,600585,2022-11-04,S,S,A,C,S,S,A,21.5356,24.2900,23.0900,1.2000,,1,24.2900,23.7814,2022-11-17,0,-0.4390
prebreak,603043,2022-11-07,S,S,A,C,S,S,A,20.6742,20.1500,19.4500,0.7000,,0,0.0000,0.0000,,0,0.0000
prebreak,603369,2022-11-08,S,S,A,C,S,S,A,37.7311,40.7100,39.1200,1.5900,,1,40.7100,41.0808,2022-12-06,0,0.2136
prebreak,300884,2022-11-10,S,S,A,C,S,S,A,10.0834,10.3600,9.8600,0.5000,,0,0.0000,0.0000,,0,0.0000
prebreak,600332,2022-11-10,S,S,A,C,S,S,A,25.9571,25.6300,24.4900,1.1400,,1,25.6300,29.0666,2022-12-08,0,2.9956
prebreak,002372,2022-11-14,S,S,A,C,S,S,A,17.5515,16.0400,15.2500,0.7900,,0,0.0000,0.0000,,0,0.0000
prebreak,000895,2022-11-15,S,S,A,C,S,S,A,20.4607,20.3700,19.4300,0.9400,,0,0.0000,0.0000,,0,0.0000
prebreak,002332,2022-11-17,S,S,A,C,S,S,A,9.6684,9.8900,9.3800,0.5100,,0,0.0000,0.0000,,0,0.0000
prebreak,600332,2022-11-17,S,S,A,C,S,S,A,26.5111,25.6300,24.4900,1.1400,,0,0.0000,0.0000,,0,0.0000
prebreak,601688,2022-11-21,S,S,A,C,S,S,A,11.6216,11.6800,11.1700,0.5100,,0,0.0000,0.0000,,0,0.0000
prebreak,002916,2022-12-01,S,S,A,C,S,S,A,55.9672,57.4900,54.6200,2.8700,,0,0.0000,0.0000,,0,0.0000
prebreak,300676,2022-12-01,S,S,A,C,S,S,A,57.6999,58.4400,56.3200,2.1200,,0,0.0000,0.0000,,0,0.0000
prebreak,601601,2022-12-02,S,S,A,C,S,S,A,20.6921,20.1900,19.2100,0.9800,,1,20.1900,21.2734,2022-12-30,0,1.0891
prebreak,600426,2022-12-05,S,S,A,C,S,S,A,22.7489,21.3800,20.3100,1.0700,,0,0.0000,0.0000,,0,0.0000
prebreak,000028,2022-12-07,S,S,A,C,S,S,A,24.7899,22.4700,21.4500,1.0200,,1,22.4700,21.4500,2022-12-23,1,-1.0161
prebreak,300138,2022-12-08,S,S,A,C,S,S,A,16.2365,15.5000,14.7200,0.7800,,0,0.0000,0.0000,,0,0.0000
prebreak,688981,2022-12-09,S,S,A,C,S,S,A,42.1600,42.4000,40.7100,1.6900,,1,42.4000,40.7100,2022-12-29,1,-1.0184
prebreak,605003,2022-12-14,S,S,A,C,S,S,A,18.5114,18.0800,17.3600,0.7200,,0,0.0000,0.0000,,0,0.0000
prebreak,000895,2022-12-20,S,S,A,C,S,S,A,20.1594,21.2300,20.3900,0.8400,,0,0.0000,0.0000,,0,0.0000
prebreak,600597,2022-12-23,S,S,A,C,S,S,A,10.3458,10.4000,9.8600,0.5400,,0,0.0000,0.0000,,0,0.0000
prebreak,002365,2022-12-26,S,S,A,C,S,S,A,10.3292,11.4500,10.9300,0.5200,,1,11.4500,11.2253,2023-01-31,0,-0.4485
prebreak,603213,2022-12-26,S,S,A,C,S,S,A,12.4585,12.5500,11.9400,0.6100,,1,12.5500,12.0456,2022-12-29,0,-0.8420
prebreak,000998,2022-12-27,S,S,A,C,S,S,A,15.8228,16.3800,15.6900,0.6900,,1,16.3800,17.6861,2023-02-01,0,1.8736
prebreak,300244,2022-12-27,S,S,A,C,S,S,A,21.9975,22.5400,21.3800,1.1600,,0,0.0000,0.0000,,0,0.0000
prebreak,300294,2022-12-29,S,S,A,C,S,S,A,34.8111,33.0200,31.5600,1.4600,,0,0.0000,0.0000,,0,0.0000
prebreak,605567,2022-12-30,S,S,A,C,S,S,A,14.9174,15.2000,14.4300,0.7700,,0,0.0000,0.0000,,0,0.0000
